Name,Price,Năm SX,Tình trạng,Xuất xứ,Km đã đi,Tỉnh thành,Quận huyện,Hộp số,Nhiên liệu,Số tiền vay,Thời gian vay,Lãi xuất (%),Loại hình,Giá trị xe muốn mua,Kiểu dáng,Hỗ trợ trả góp,Bảo hành máy móc động cơ 3-6 tháng,Một chủ từ đầu,Full lịch sử hãng,"Thủ tục trọn gói (Rút hồ sơ,sang tên,...)",Model xe mới,Xe có nhiều đồ chơi,Hỗ trợ/cam kết từ người bán,Có xuất hóa đơn,Còn bảo hiểm thân vỏ
Mercedes-Benz GLC 200 4Matic 2021,1 tỉ 389 triệu,2021,Xe cũ,Trong nước,55.555 km,Tp.HCM,Quận 7,Số tự động,Máy xăng,VNĐ,ThángNăm,ThángNăm,"Trả góp đều hàng thángTrả góp đều, lãi tính trên dư nợ giảm dần hàng tháng",VNĐ,,,,,,,,,,,
Lexus RX 350 Luxury 2016,2 tỉ 099 triệu,2016,Xe cũ,Nhập khẩu,130.000 km,Hà Nội,Ba Đình,Số tự động,Máy xăng,VNĐ,ThángNăm,ThángNăm,"Trả góp đều hàng thángTrả góp đều, lãi tính trên dư nợ giảm dần hàng tháng",VNĐ,SUV,,,,,,,,,,
Kia Sonet 1.5 Premium 2024,585 triệu,2024,Xe cũ,Trong nước,1.000 km,Hà Nội,Nam Từ Liêm,Số tự động,Máy xăng,VNĐ,ThángNăm,ThángNăm,"Trả góp đều hàng thángTrả góp đều, lãi tính trên dư nợ giảm dần hàng tháng",VNĐ,Crossover,,,,,,,,,,
Ford Everest Titanium 2.0L AT 4WD 2019,810 triệu,2019,Xe cũ,Nhập khẩu,04 km,Tp.HCM,,Số tự động,Máy xăng,VNĐ,ThángNăm,ThángNăm,"Trả góp đều hàng thángTrả góp đều, lãi tính trên dư nợ giảm dần hàng tháng",VNĐ,SUV,,,,,,,,,,
Mercedes-Benz S450 Limited Edition 2020,2 tỉ 398 triệu,2020,Xe cũ,Trong nước,46.000 km,Tp.HCM,Quận 7,Số tự động,Máy xăng,VNĐ,ThángNăm,ThángNăm,"Trả góp đều hàng thángTrả góp đều, lãi tính trên dư nợ giảm dần hàng tháng",VNĐ,Sedan,,,,,,,,,,
Porsche Macan 2.0 2021,2 tỉ 790 triệu,2021,Xe cũ,Nhập khẩu,40.000 km,Hà Nội,Ba Đình,Số tự động,Máy xăng,VNĐ,ThángNăm,ThángNăm,"Trả góp đều hàng thángTrả góp đều, lãi tính trên dư nợ giảm dần hàng tháng",VNĐ,SUV,,,,,,,,,,
Mercedes-Benz GLC 300 4Matic 2016,885 triệu,2016,Xe cũ,Nhập khẩu,90.000 km,Hà Nội,Tây Hồ,Số tự động,Máy xăng,VNĐ,ThángNăm,ThángNăm,"Trả góp đều hàng thángTrả góp đều, lãi tính trên dư nợ giảm dần hàng tháng",VNĐ,SUV,,,,,,,,,,
Mazda 6 2.0 AT 2017,440 triệu,2017,Xe cũ,Trong nước,57.225 km,Hải Phòng,An Lão,Số tự động,Máy xăng,VNĐ,ThángNăm,ThángNăm,"Trả góp đều hàng thángTrả góp đều, lãi tính trên dư nợ giảm dần hàng tháng",VNĐ,Sedan,,,,,,,,,,
Mitsubishi Attrage CVT 2021,309 triệu,2021,Xe cũ,Nhập khẩu,73.000 km,Bình Dương,Dĩ An,Số tự động,Máy xăng,VNĐ,ThángNăm,ThángNăm,"Trả góp đều hàng thángTrả góp đều, lãi tính trên dư nợ giảm dần hàng tháng",VNĐ,Sedan,,,,,,,,,,
Kia Cerato 1.6 AT Deluxe 2016,379 triệu,2016,Xe cũ,Trong nước,100.000 km,Hải Phòng,An Lão,Số tự động,Máy xăng,VNĐ,ThángNăm,ThángNăm,"Trả góp đều hàng thángTrả góp đều, lãi tính trên dư nợ giảm dần hàng tháng",VNĐ,Sedan,,,,,,,,,,
Mazda CX-5 2015,435 triệu,2015,Xe cũ,Trong nước,59.000 km,Hà Nội,Cầu Giấy,Số tự động,Máy xăng,VNĐ,ThángNăm,ThángNăm,"Trả góp đều hàng thángTrả góp đều, lãi tính trên dư nợ giảm dần hàng tháng",VNĐ,SUV,,,,,,,,,,
Kia Cerato 1.6 AT Deluxe 2020,455 triệu,2020,Xe cũ,Trong nước,65.000 km,Hải Phòng,Kiến An,Số tự động,Máy xăng,VNĐ,ThángNăm,ThángNăm,"Trả góp đều hàng thángTrả góp đều, lãi tính trên dư nợ giảm dần hàng tháng",VNĐ,Sedan,,,,,,,,,,
Ford Ranger XLS 2.2L 4x2 MT 2015,328 triệu,2015,Xe cũ,Nhập khẩu,899.000 km,Tp.HCM,Quận 10,Số sàn,Máy dầu,VNĐ,ThángNăm,ThángNăm,"Trả góp đều hàng thángTrả góp đều, lãi tính trên dư nợ giảm dần hàng tháng",VNĐ,Bán tải,,,,,,,,,,
Mazda 3 1.5 Hatchback 2016,390 triệu,2016,Xe cũ,Trong nước,68.000 km,Lâm Đồng,Bảo Lộc,Số tự động,Máy xăng,VNĐ,ThángNăm,ThángNăm,"Trả góp đều hàng thángTrả góp đều, lãi tính trên dư nợ giảm dần hàng tháng",VNĐ,Sedan,,,,,,,,,,
Toyota Vios 1.5G AT 2016,360 triệu,2016,Xe cũ,Trong nước,90.000 km,Hà Nội,Long Biên,Số tự động,Máy xăng,VNĐ,ThángNăm,ThángNăm,"Trả góp đều hàng thángTrả góp đều, lãi tính trên dư nợ giảm dần hàng tháng",VNĐ,Sedan,,,,,,,,,,
Lexus LX 600 Urban 2022,8 tỉ 690 triệu,2022,Xe cũ,Nhập khẩu,20.000 km,Hà Nội,Bắc Từ Liêm,Số tự động,Máy xăng,VNĐ,ThángNăm,ThángNăm,"Trả góp đều hàng thángTrả góp đều, lãi tính trên dư nợ giảm dần hàng tháng",VNĐ,SUV,,,,,,,,,,
Nissan Kicks V 2023,660 triệu,2023,Xe cũ,Nhập khẩu,8.000 km,Hà Nội,Hoàng Mai,Số tự động,Hybrid,VNĐ,ThángNăm,ThángNăm,"Trả góp đều hàng thángTrả góp đều, lãi tính trên dư nợ giảm dần hàng tháng",VNĐ,SUV,,,,,,,,,,
Kia Carnival 2.2D Signature 2022,1 tỉ 269 triệu,2022,Xe cũ,Trong nước,39.000 km,Tp.HCM,Quận 7,Số tự động,Máy xăng,VNĐ,ThángNăm,ThángNăm,"Trả góp đều hàng thángTrả góp đều, lãi tính trên dư nợ giảm dần hàng tháng",VNĐ,MPV,,,,,,,,,,
Toyota Innova 2.0E 2017,385 triệu,2017,Xe cũ,Trong nước,78.000 km,Tp.HCM,Quận 10,Số sàn,Máy xăng,VNĐ,ThángNăm,ThángNăm,"Trả góp đều hàng thángTrả góp đều, lãi tính trên dư nợ giảm dần hàng tháng",VNĐ,MPV,,,,,,,,,,
Hyundai Accent 1.4 AT Đặc biệt 2011,258 triệu,2011,Xe cũ,Nhập khẩu,130.000 km,Lâm Đồng,Bảo Lộc,Số tự động,Máy xăng,VNĐ,ThángNăm,ThángNăm,"Trả góp đều hàng thángTrả góp đều, lãi tính trên dư nợ giảm dần hàng tháng",VNĐ,Sedan,,,,,,,,,,
Mazda 3 1.6 AT 2017,365 triệu,2017,Xe cũ,Trong nước,95.000 km,Hà Nội,,Số tự động,Máy xăng,VNĐ,ThángNăm,ThángNăm,"Trả góp đều hàng thángTrả góp đều, lãi tính trên dư nợ giảm dần hàng tháng",VNĐ,Sedan,,,,,,,,,,
Toyota Camry 2.4G 2012,360 triệu,2012,Xe cũ,Trong nước,120.000 km,Hà Nội,,Số tự động,Máy xăng,VNĐ,ThángNăm,ThángNăm,"Trả góp đều hàng thángTrả góp đều, lãi tính trên dư nợ giảm dần hàng tháng",VNĐ,Sedan,,,,,,,,,,
Suzuki Vitara 1.6 AT 2016,309 triệu,2016,Xe cũ,Nhập khẩu,90.000 km,Tp.HCM,,Số tự động,Máy xăng,VNĐ,ThángNăm,ThángNăm,"Trả góp đều hàng thángTrả góp đều, lãi tính trên dư nợ giảm dần hàng tháng",VNĐ,SUV,,,,,,,,,,
VinFast Fadil Cao cấp 2022,319 triệu,2022,Xe cũ,Trong nước,62.000 km,Bình Dương,Dĩ An,Số tự động,Máy xăng,VNĐ,ThángNăm,ThángNăm,"Trả góp đều hàng thángTrả góp đều, lãi tính trên dư nợ giảm dần hàng tháng",VNĐ,Hatchback,,,,,,,,,,
Chevrolet Cruze LT 1.8 2010,179 triệu,2010,Xe cũ,Nhập khẩu,120.000 km,Tp.HCM,,Số tự động,Máy xăng,VNĐ,ThángNăm,ThángNăm,"Trả góp đều hàng thángTrả góp đều, lãi tính trên dư nợ giảm dần hàng tháng",VNĐ,Sedan,,,,,,,,,,
Chevrolet Captiva ltz 2.4 at 2015,368 triệu,2015,Xe cũ,Trong nước,56.000 km,Tp.HCM,Tân Phú,Số tự động,Máy xăng,VNĐ,ThángNăm,ThángNăm,"Trả góp đều hàng thángTrả góp đều, lãi tính trên dư nợ giảm dần hàng tháng",VNĐ,SUV,,,,,,,,,,
Mercedes-Benz Maybach S450 4Matic 2020,4 tỉ 286 triệu,2020,Xe cũ,Nhập khẩu,30.000 km,Hà Nội,Cầu Giấy,Số tự động,Máy xăng,VNĐ,ThángNăm,ThángNăm,"Trả góp đều hàng thángTrả góp đều, lãi tính trên dư nợ giảm dần hàng tháng",VNĐ,Sedan,,,,,,,,,,
Mercedes-Benz GLC 200 V1 2021,1 tỉ 399 triệu,2021,Xe cũ,Trong nước,56.000 km,Hà Nội,Long Biên,Số tự động,Máy xăng,VNĐ,ThángNăm,ThángNăm,"Trả góp đều hàng thángTrả góp đều, lãi tính trên dư nợ giảm dần hàng tháng",VNĐ,SUV,,,,,,,,,,
Kia Morning Van 1.0 AT 2016,208 triệu,2016,Xe cũ,Nhập khẩu,85.000 km,Hà Nội,Tây Hồ,Số tự động,Máy xăng,VNĐ,ThángNăm,ThángNăm,"Trả góp đều hàng thángTrả góp đều, lãi tính trên dư nợ giảm dần hàng tháng",VNĐ,Hatchback,,,,,,,,,,
Mitsubishi Xpander 1.5 MT 2023,466 triệu,2023,Xe cũ,Nhập khẩu,38.000 km,Hà Nội,Thanh Xuân,Số sàn,Máy xăng,VNĐ,ThángNăm,ThángNăm,"Trả góp đều hàng thángTrả góp đều, lãi tính trên dư nợ giảm dần hàng tháng",VNĐ,MPV,,,,,,,,,,
BMW X5 xDrive40i Msport 2023,3 tỉ 089 triệu,2023,Xe cũ,Nhập khẩu,10.500 km,Tp.HCM,Quận 7,Số tự động,Máy xăng,VNĐ,ThángNăm,ThángNăm,"Trả góp đều hàng thángTrả góp đều, lãi tính trên dư nợ giảm dần hàng tháng",VNĐ,SUV,,,,,,,,,,
Honda HR-V RS 2023,765 triệu,2023,Xe cũ,Trong nước,5.000 km,Hà Nội,Hoàng Mai,Số tự động,Máy xăng,VNĐ,ThángNăm,ThángNăm,"Trả góp đều hàng thángTrả góp đều, lãi tính trên dư nợ giảm dần hàng tháng",VNĐ,Crossover,,,,,,,,,,
Kia K3 1.6AT 2014,335 triệu,2014,Xe cũ,Trong nước,120.000 km,Hà Nội,Hà Đông,Số tự động,Máy xăng,VNĐ,ThángNăm,ThángNăm,"Trả góp đều hàng thángTrả góp đều, lãi tính trên dư nợ giảm dần hàng tháng",VNĐ,Sedan,,,,,,,,,,
Suzuki Ertiga Hybrid Ertiga AT 2022,455 triệu,2022,Xe cũ,Nhập khẩu,50.000 km,Tp.HCM,Hóc Môn,Số tự động,Hybrid,VNĐ,ThángNăm,ThángNăm,"Trả góp đều hàng thángTrả góp đều, lãi tính trên dư nợ giảm dần hàng tháng",VNĐ,SUV,,,,,,,,,,
VinFast LUX A2.0 Nâng cao 2022,605 triệu,2022,Xe cũ,Trong nước,73.000 km,Tp.HCM,Tân Phú,Số tự động,Máy xăng,VNĐ,ThángNăm,ThángNăm,"Trả góp đều hàng thángTrả góp đều, lãi tính trên dư nợ giảm dần hàng tháng",VNĐ,Sedan,,,,,,,,,,
Toyota Fortuner 2.4 MT 4x2 2014,515 triệu,2014,Xe cũ,Trong nước,150.000 km,Phú Thọ,Đoan Hùng,Số sàn,Máy dầu,VNĐ,ThángNăm,ThángNăm,"Trả góp đều hàng thángTrả góp đều, lãi tính trên dư nợ giảm dần hàng tháng",VNĐ,SUV,,,,,,,,,,
Hyundai Grand i10 2014,119 triệu,2014,Xe cũ,Nhập khẩu,110.000 km,Nghệ An,Vinh,Số sàn,Máy xăng,VNĐ,ThángNăm,ThángNăm,"Trả góp đều hàng thángTrả góp đều, lãi tính trên dư nợ giảm dần hàng tháng",VNĐ,Hatchback,,,,,,,,,,
Toyota Raize 2022,465 triệu,2022,Xe cũ,Nhập khẩu,52.000 km,Hà Nội,Nam Từ Liêm,Số tự động,Máy xăng,VNĐ,ThángNăm,ThángNăm,"Trả góp đều hàng thángTrả góp đều, lãi tính trên dư nợ giảm dần hàng tháng",VNĐ,Crossover,,,,,,,,,,
Chevrolet Orlando LS 1.8 2017,255 triệu,2017,Xe cũ,Nhập khẩu,97.000 km,Tp.HCM,,Số sàn,Máy xăng,VNĐ,ThángNăm,ThángNăm,"Trả góp đều hàng thángTrả góp đều, lãi tính trên dư nợ giảm dần hàng tháng",VNĐ,MPV,,,,,,,,,,
Mercedes-Benz GLC 200 4Matic 2021,1 tỉ 559 triệu,2021,Xe cũ,Nhập khẩu,27.500 km,Tp.HCM,Quận 7,Số tự động,Máy xăng,VNĐ,ThángNăm,ThángNăm,"Trả góp đều hàng thángTrả góp đều, lãi tính trên dư nợ giảm dần hàng tháng",VNĐ,SUV,,,,,,,,,,
Hyundai Tucson 2.0 Đặc biệt 2020,680 triệu,2020,Xe cũ,Trong nước,53.187 km,Hà Nội,Thanh Xuân,Số tự động,Máy xăng,VNĐ,ThángNăm,ThángNăm,"Trả góp đều hàng thángTrả góp đều, lãi tính trên dư nợ giảm dần hàng tháng",VNĐ,SUV,,,,,,,,,,
Mercedes-Benz E180 V1 2022,1 tỉ 545 triệu,2022,Xe cũ,Trong nước,5.888 km,Hà Nội,Cầu Giấy,Số tự động,Máy xăng,VNĐ,ThángNăm,ThángNăm,"Trả góp đều hàng thángTrả góp đều, lãi tính trên dư nợ giảm dần hàng tháng",VNĐ,Sedan,,,,,,,,,,
Kia Soluto AT Deluxe 2023,304 triệu,2023,Xe cũ,Trong nước,74.537 km,Hà Nội,Cầu Giấy,Số tự động,Máy xăng,VNĐ,ThángNăm,ThángNăm,"Trả góp đều hàng thángTrả góp đều, lãi tính trên dư nợ giảm dần hàng tháng",VNĐ,Sedan,,,,,,,,,,
VinFast LUX A2.0 Tiêu chuẩn 2022,573 triệu,2022,Xe cũ,Trong nước,46.000 km,Tp.HCM,Tân Phú,Số tự động,Máy xăng,VNĐ,ThángNăm,ThángNăm,"Trả góp đều hàng thángTrả góp đều, lãi tính trên dư nợ giảm dần hàng tháng",VNĐ,Sedan,,,,,,,,,,
Hyundai Grand Starex 2.4 MT 2017,465 triệu,2017,Xe cũ,Nhập khẩu,10.000 km,Hà Nội,Đông Anh,Số sàn,Máy dầu,VNĐ,ThángNăm,ThángNăm,"Trả góp đều hàng thángTrả góp đều, lãi tính trên dư nợ giảm dần hàng tháng",VNĐ,Van/Minivan,,,,,,,,,,
Mercedes-Benz GLS 450 4Matic 2022,4 tỉ 279 triệu,2022,Xe cũ,Nhập khẩu,32.000 km,Tp.HCM,Quận 7,Số tự động,Máy xăng,VNĐ,ThángNăm,ThángNăm,"Trả góp đều hàng thángTrả góp đều, lãi tính trên dư nợ giảm dần hàng tháng",VNĐ,SUV,,,,,,,,,,
BMW 330i M Sport 2023,1 tỉ 799 triệu,2023,Xe cũ,Trong nước,5.000 km,Tp.HCM,Quận 7,Số tự động,Máy xăng,VNĐ,ThángNăm,ThángNăm,"Trả góp đều hàng thángTrả góp đều, lãi tính trên dư nợ giảm dần hàng tháng",VNĐ,Sedan,,,,,,,,,,
Toyota Corolla 1.6 XLi 2009,279 triệu,2009,Xe cũ,Nhập khẩu,120.000 km,Hà Nội,Hoàng Mai,Số tự động,Máy xăng,VNĐ,ThángNăm,ThángNăm,"Trả góp đều hàng thángTrả góp đều, lãi tính trên dư nợ giảm dần hàng tháng",VNĐ,Sedan,,,,,,,,,,
Mercedes-Benz E300 AMG V1 2024,2 tỉ 455 triệu,2024,Xe cũ,Trong nước,01 km,Tp.HCM,Quận 7,Số tự động,Máy xăng,VNĐ,ThángNăm,ThángNăm,"Trả góp đều hàng thángTrả góp đều, lãi tính trên dư nợ giảm dần hàng tháng",VNĐ,Sedan,,,,,,,,,,
Kia Sedona 3.3 Platinum G 2018,650 triệu,2018,Xe cũ,Trong nước,8.000 km,Hà Nội,Thanh Xuân,Số tự động,Máy xăng,VNĐ,ThángNăm,ThángNăm,"Trả góp đều hàng thángTrả góp đều, lãi tính trên dư nợ giảm dần hàng tháng",VNĐ,MPV,,,,,,,,,,
Toyota Corolla Altis 2.0V  2014,386 triệu,2014,Xe cũ,Trong nước,125.729 km,Hà Nội,Thường Tín,Số tự động,Máy xăng,VNĐ,ThángNăm,ThángNăm,"Trả góp đều hàng thángTrả góp đều, lãi tính trên dư nợ giảm dần hàng tháng",VNĐ,Sedan,,,,,,,,,,
Mazda CX-5 2.0 Premium 2017,495 triệu,2017,Xe cũ,Trong nước,100.000 km,Hà Nội,Cầu Giấy,Số tự động,Máy xăng,VNĐ,ThángNăm,ThángNăm,"Trả góp đều hàng thángTrả góp đều, lãi tính trên dư nợ giảm dần hàng tháng",VNĐ,Crossover,,,,,,,,,,
BMW 520i Luxury Line 2022,1 tỉ 330 triệu,2022,Xe cũ,Nhập khẩu,40.000 km,Tp.HCM,Quận 7,Số tự động,Máy xăng,VNĐ,ThángNăm,ThángNăm,"Trả góp đều hàng thángTrả góp đều, lãi tính trên dư nợ giảm dần hàng tháng",VNĐ,Sedan,,,,,,,,,,
Ford Transit 2024,1 tỉ 150 triệu,2024,Xe cũ,Trong nước,4.600 km,Tp.HCM,Tân Phú,Số tự động,Máy dầu,VNĐ,ThángNăm,ThángNăm,"Trả góp đều hàng thángTrả góp đều, lãi tính trên dư nợ giảm dần hàng tháng",VNĐ,Van/Minivan,,,,,,,,,,
Hyundai Santa Fe SLX 2010,410 triệu,2010,Xe cũ,Trong nước,10.000 km,Hà Nội,Hoàng Mai,Số tự động,Máy dầu,VNĐ,ThángNăm,ThángNăm,"Trả góp đều hàng thángTrả góp đều, lãi tính trên dư nợ giảm dần hàng tháng",VNĐ,SUV,,,,,,,,,,
Mercedes-Benz E200 Sport 2019,1 tỉ 188 triệu,2019,Xe cũ,Trong nước,39.999 km,Tp.HCM,Quận 7,Số tự động,Máy xăng,VNĐ,ThángNăm,ThángNăm,"Trả góp đều hàng thángTrả góp đều, lãi tính trên dư nợ giảm dần hàng tháng",VNĐ,,,,,,,,,,,
Mercedes-Benz GLC 200 4Matic 2018,880 triệu,2018,Xe cũ,Trong nước,86.000 km,Hải Phòng,Kiến An,Số tự động,Máy xăng,VNĐ,ThángNăm,ThángNăm,"Trả góp đều hàng thángTrả góp đều, lãi tính trên dư nợ giảm dần hàng tháng",VNĐ,SUV,,,,,,,,,,
Hyundai Accent 1.4 AT 2019,352 triệu,2019,Xe cũ,Trong nước,77.000 km,Bình Dương,Thuận An,Số tự động,Máy xăng,VNĐ,ThángNăm,ThángNăm,"Trả góp đều hàng thángTrả góp đều, lãi tính trên dư nợ giảm dần hàng tháng",VNĐ,Sedan,,,,,,,,,,
BMW 330i M Sport 2021,1 tỉ 399 triệu,2021,Xe cũ,Nhập khẩu,26.000 km,Tp.HCM,Quận 7,Số tự động,Máy xăng,VNĐ,ThángNăm,ThángNăm,"Trả góp đều hàng thángTrả góp đều, lãi tính trên dư nợ giảm dần hàng tháng",VNĐ,Sedan,,,,,,,,,,
Lexus RX 350 Luxury 2023,4 tỉ 379 triệu,2023,Xe cũ,Nhập khẩu,9.999 km,Tp.HCM,Gò Vấp,Số tự động,Máy xăng,VNĐ,ThángNăm,ThángNăm,"Trả góp đều hàng thángTrả góp đều, lãi tính trên dư nợ giảm dần hàng tháng",VNĐ,SUV,,,,,,,,,,
Hyundai Accent 1.4 AT Đặc biệt 2022,459 triệu,2022,Xe cũ,Trong nước,50.000 km,Hải Phòng,Ngô Quyền,Số tự động,Máy xăng,VNĐ,ThángNăm,ThángNăm,"Trả góp đều hàng thángTrả góp đều, lãi tính trên dư nợ giảm dần hàng tháng",VNĐ,Sedan,,,,,,,,,,
Mazda 6 2.5L Signature Premium 2022,750 triệu,2022,Xe cũ,Trong nước,48.843 km,Bình Dương,Thuận An,Số tự động,Máy xăng,VNĐ,ThángNăm,ThángNăm,"Trả góp đều hàng thángTrả góp đều, lãi tính trên dư nợ giảm dần hàng tháng",VNĐ,Sedan,,,,,,,,,,
Kia Sorento Hybrid 1.6L Signature 2020,820 triệu,2020,Xe cũ,Nhập khẩu,60.000 km,Hà Nội,,Số tự động,Hybrid,VNĐ,ThángNăm,ThángNăm,"Trả góp đều hàng thángTrả góp đều, lãi tính trên dư nợ giảm dần hàng tháng",VNĐ,SUV,,,,,,,,,,
Mercedes-Benz S450L 4Matic 2018,1 tỉ 890 triệu,2018,Xe cũ,Trong nước,98.000 km,Hà Nội,Hoàng Mai,Số tự động,Máy xăng,VNĐ,ThángNăm,ThángNăm,"Trả góp đều hàng thángTrả góp đều, lãi tính trên dư nợ giảm dần hàng tháng",VNĐ,Sedan,,,,,,,,,,
Kia Seltos 1.4T Premium 2023,665 triệu,2023,Xe cũ,Trong nước,14.000 km,Hà Nội,Hoàng Mai,Số tự động,Máy xăng,VNĐ,ThángNăm,ThángNăm,"Trả góp đều hàng thángTrả góp đều, lãi tính trên dư nợ giảm dần hàng tháng",VNĐ,SUV,,,,,,,,,,
Nissan Navara NP300 EL 4x2 AT 2017,385 triệu,2017,Xe cũ,Nhập khẩu,88.000 km,Tp.HCM,Quận 9,Số tự động,Máy dầu,VNĐ,ThángNăm,ThángNăm,"Trả góp đều hàng thángTrả góp đều, lãi tính trên dư nợ giảm dần hàng tháng",VNĐ,Bán tải,,,,,,,,,,
Mercedes-Benz E200 2019,999 triệu,2019,Xe cũ,Trong nước,65.000 km,Tp.HCM,Quận 7,Số tự động,Máy xăng,VNĐ,ThángNăm,ThángNăm,"Trả góp đều hàng thángTrả góp đều, lãi tính trên dư nợ giảm dần hàng tháng",VNĐ,Sedan,,,,,,,,,,
Ford Territory 1.5L Titanium 2024,789 triệu,2024,Xe cũ,Trong nước,29.000 km,Hà Nội,Bắc Từ Liêm,Số tự động,Máy xăng,VNĐ,ThángNăm,ThángNăm,"Trả góp đều hàng thángTrả góp đều, lãi tính trên dư nợ giảm dần hàng tháng",VNĐ,SUV,,,,,,,,,,
Kia Sonet 1.5 Premium 2022,518 triệu,2022,Xe cũ,Trong nước,67.000 km,Bình Định,Quy Nhơn,Số tự động,Máy xăng,VNĐ,ThángNăm,ThángNăm,"Trả góp đều hàng thángTrả góp đều, lãi tính trên dư nợ giảm dần hàng tháng",VNĐ,SUV,,,,,,,,,,
Toyota Vios 1.5E MT 2023,385 triệu,2023,Xe cũ,Trong nước,37.000 km,Bắc Ninh,Bắc Ninh,Số sàn,Máy xăng,VNĐ,ThángNăm,ThángNăm,"Trả góp đều hàng thángTrả góp đều, lãi tính trên dư nợ giảm dần hàng tháng",VNĐ,Sedan,,,,,,,,,,
Chevrolet Spark LS 2016,139 triệu,2016,Xe cũ,Nhập khẩu,145.000 km,Tp.HCM,Quận 12,Số sàn,Máy xăng,VNĐ,ThángNăm,ThángNăm,"Trả góp đều hàng thángTrả góp đều, lãi tính trên dư nợ giảm dần hàng tháng",VNĐ,Hatchback,,,,,,,,,,
Mercedes-Benz GLC 250 4Matic 2018,1 tỉ 069 triệu,2018,Xe cũ,Trong nước,100.000 km,Tp.HCM,Quận 7,Số tự động,Máy xăng,VNĐ,ThángNăm,ThángNăm,"Trả góp đều hàng thángTrả góp đều, lãi tính trên dư nợ giảm dần hàng tháng",VNĐ,SUV,,,,,,,,,,
Ford Everest 2019,645 triệu,2019,Xe cũ,Nhập khẩu,110.000 km,Gia Lai,Plei Ku,Số tự động,Máy xăng,VNĐ,ThángNăm,ThángNăm,"Trả góp đều hàng thángTrả góp đều, lãi tính trên dư nợ giảm dần hàng tháng",VNĐ,SUV,,,,,,,,,,
Nissan Sunny XV 1.5 AT 2018,305 triệu,2018,Xe cũ,Trong nước,100.000 km,Hải Phòng,An Lão,Số tự động,Máy xăng,VNĐ,ThángNăm,ThángNăm,"Trả góp đều hàng thángTrả góp đều, lãi tính trên dư nợ giảm dần hàng tháng",VNĐ,Sedan,,,,,,,,,,
Ford Escape 2012,270 triệu,2012,Xe cũ,Trong nước,120.000 km,Hà Nội,,Số tự động,Máy xăng,VNĐ,ThángNăm,ThángNăm,"Trả góp đều hàng thángTrả góp đều, lãi tính trên dư nợ giảm dần hàng tháng",VNĐ,SUV,,,,,,,,,,
Mitsubishi Jolie 2.0 MT 2005,127 triệu,2005,Xe cũ,Trong nước,89.000 km,Tp.HCM,Quận 10,Số sàn,Máy xăng,VNĐ,ThángNăm,ThángNăm,"Trả góp đều hàng thángTrả góp đều, lãi tính trên dư nợ giảm dần hàng tháng",VNĐ,SUV,,,,,,,,,,
Mercedes-Benz V250 AMG 2021,2 tỉ 299 triệu,2021,Xe cũ,Nhập khẩu,36.000 km,Hà Nội,Long Biên,Số tự động,Máy xăng,VNĐ,ThángNăm,ThángNăm,"Trả góp đều hàng thángTrả góp đều, lãi tính trên dư nợ giảm dần hàng tháng",VNĐ,,,,,,,,,,,
Toyota Vios 1.5G AT 2019,388 triệu,2019,Xe cũ,Trong nước,70.000 km,Hải Phòng,An Lão,Số tự động,Máy xăng,VNĐ,ThángNăm,ThángNăm,"Trả góp đều hàng thángTrả góp đều, lãi tính trên dư nợ giảm dần hàng tháng",VNĐ,Sedan,,,,,,,,,,
Hyundai Santa Fe Calligraphy 2.5 7 chỗ 2024,1 tỉ 245 triệu,2024,Xe cũ,Trong nước,17.000 km,Hà Nội,Cầu Giấy,Số tự động,Máy xăng,VNĐ,ThángNăm,ThángNăm,"Trả góp đều hàng thángTrả góp đều, lãi tính trên dư nợ giảm dần hàng tháng",VNĐ,SUV,,,,,,,,,,
Chevrolet Cruze LT 2016,165 triệu,2016,Xe cũ,Nhập khẩu,174.855 km,Tp.HCM,,Số tự động,Máy xăng,VNĐ,ThángNăm,ThángNăm,"Trả góp đều hàng thángTrả góp đều, lãi tính trên dư nợ giảm dần hàng tháng",VNĐ,Sedan,,,,,,,,,,
Hyundai Grand i10 Sedan 1.2 AT 2019,302 triệu,2019,Xe cũ,Trong nước,70.000 km,Bình Dương,Thuận An,Số tự động,Máy xăng,VNĐ,ThángNăm,ThángNăm,"Trả góp đều hàng thángTrả góp đều, lãi tính trên dư nợ giảm dần hàng tháng",VNĐ,Sedan,,,,,,,,,,
Mazda 6 2.5L Signature Premium 2021,598 triệu,2021,Xe cũ,Trong nước,29.000 km,Hải Phòng,An Lão,Số tự động,Máy xăng,VNĐ,ThángNăm,ThángNăm,"Trả góp đều hàng thángTrả góp đều, lãi tính trên dư nợ giảm dần hàng tháng",VNĐ,,,,,,,,,,,
Lexus NX 200T 2015,990 triệu,2015,Xe cũ,Nhập khẩu,98.000 km,Hải Phòng,Kiến An,Số tự động,Máy xăng,VNĐ,ThángNăm,ThángNăm,"Trả góp đều hàng thángTrả góp đều, lãi tính trên dư nợ giảm dần hàng tháng",VNĐ,SUV,,,,,,,,,,
Mazda 2 Sport 1.5L Premium 2016,345 triệu,2016,Xe cũ,Trong nước,70.000 km,Hà Nội,Thanh Xuân,Số tự động,Máy xăng,VNĐ,ThángNăm,ThángNăm,"Trả góp đều hàng thángTrả góp đều, lãi tính trên dư nợ giảm dần hàng tháng",VNĐ,Hatchback,,,,,,,,,,
Hyundai Elantra 1.6 AT Đặc biệt 2021,510 triệu,2021,Xe cũ,Trong nước,27.000 km,Bình Dương,Thuận An,Số tự động,Máy xăng,VNĐ,ThángNăm,ThángNăm,"Trả góp đều hàng thángTrả góp đều, lãi tính trên dư nợ giảm dần hàng tháng",VNĐ,Sedan,,,,,,,,,,
Kia Seltos 1.6 Premium 2021,567 triệu,2021,Xe cũ,Nhập khẩu,58.000 km,Hà Nội,,Số tự động,Máy xăng,VNĐ,ThángNăm,ThángNăm,"Trả góp đều hàng thángTrả góp đều, lãi tính trên dư nợ giảm dần hàng tháng",VNĐ,SUV,,,,,,,,,,
Toyota Yaris Cross Xăng 2023,645 triệu,2023,Xe cũ,Nhập khẩu,10.000 km,Hà Nội,Cầu Giấy,Số tự động,Máy xăng,VNĐ,ThángNăm,ThángNăm,"Trả góp đều hàng thángTrả góp đều, lãi tính trên dư nợ giảm dần hàng tháng",VNĐ,Crossover,,,,,,,,,,
Hyundai Santa Fe 2.5 Xăng Cao cấp 2022,1 tỉ 060 triệu,2022,Xe cũ,Trong nước,66.963 km,Hà Nội,Thanh Xuân,Số tự động,Máy xăng,VNĐ,ThángNăm,ThángNăm,"Trả góp đều hàng thángTrả góp đều, lãi tính trên dư nợ giảm dần hàng tháng",VNĐ,SUV,,,,,,,,,,
Ford Ranger XLS 2.2 4x2 MT 2016,398 triệu,2016,Xe cũ,Nhập khẩu,80.000 km,Tp.HCM,Tân Phú,Số sàn,Máy dầu,VNĐ,ThángNăm,ThángNăm,"Trả góp đều hàng thángTrả góp đều, lãi tính trên dư nợ giảm dần hàng tháng",VNĐ,Bán tải,,,,,,,,,,
Hyundai i20 1.4 AT 2011,200 triệu,2011,Xe cũ,Nhập khẩu,108.000 km,Hà Nội,Cầu Giấy,Số tự động,Máy xăng,VNĐ,ThángNăm,ThángNăm,"Trả góp đều hàng thángTrả góp đều, lãi tính trên dư nợ giảm dần hàng tháng",VNĐ,Hatchback,,,,,,,,,,
VinFast LUX A2.0 Tiêu chuẩn 2022,555 triệu,2022,Xe cũ,Trong nước,69.000 km,Bình Dương,,Số tự động,Máy xăng,VNĐ,ThángNăm,ThángNăm,"Trả góp đều hàng thángTrả góp đều, lãi tính trên dư nợ giảm dần hàng tháng",VNĐ,Sedan,,,,,,,,,,
Ford Ranger Wildtrak 3.2 4x4 AT 2016,520 triệu,2016,Xe cũ,Nhập khẩu,100.000 km,Hà Nội,Nam Từ Liêm,Số tự động,Máy dầu,VNĐ,ThángNăm,ThángNăm,"Trả góp đều hàng thángTrả góp đều, lãi tính trên dư nợ giảm dần hàng tháng",VNĐ,Bán tải,,,,,,,,,,
Ford Escape XLT 3.0L 2004,98 triệu,2004,Xe cũ,Nhập khẩu,140.000 km,Hà Nội,Bắc Từ Liêm,Số tự động,Máy xăng,VNĐ,ThángNăm,ThángNăm,"Trả góp đều hàng thángTrả góp đều, lãi tính trên dư nợ giảm dần hàng tháng",VNĐ,SUV,,,,,,,,,,
Mercedes-Benz GLC 200 4Matic 2023,1 tỉ 957 triệu,2023,Xe cũ,Trong nước,4.600 km,Tp.HCM,Bình Tân,Số tự động,Máy xăng,VNĐ,ThángNăm,ThángNăm,"Trả góp đều hàng thángTrả góp đều, lãi tính trên dư nợ giảm dần hàng tháng",VNĐ,SUV,,,,,,,,,,
Toyota Innova 2.0E 2018,395 triệu,2018,Xe cũ,Trong nước,150.000 km,Cần Thơ,,Số tự động,Máy xăng,VNĐ,ThángNăm,ThángNăm,"Trả góp đều hàng thángTrả góp đều, lãi tính trên dư nợ giảm dần hàng tháng",VNĐ,MPV,,,,,,,,,,
Mazda CX-5 2.5 AWD 2019,625 triệu,2019,Xe cũ,Trong nước,69.000 km,Hải Phòng,Kiến An,Số tự động,Máy xăng,VNĐ,ThángNăm,ThángNăm,"Trả góp đều hàng thángTrả góp đều, lãi tính trên dư nợ giảm dần hàng tháng",VNĐ,SUV,,,,,,,,,,
Toyota Vios 1.5 G CVT 2018,365 triệu,2018,Xe cũ,Trong nước,80.000 km,Hà Nội,Cầu Giấy,Số tự động,Máy xăng,VNĐ,ThángNăm,ThángNăm,"Trả góp đều hàng thángTrả góp đều, lãi tính trên dư nợ giảm dần hàng tháng",VNĐ,Sedan,,,,,,,,,,
Ford EcoSport Titanium 1.5L AT 2018,399 triệu,2018,Xe cũ,Trong nước,6.600 km,Hà Nội,Thanh Xuân,Số tự động,Máy xăng,VNĐ,ThángNăm,ThángNăm,"Trả góp đều hàng thángTrả góp đều, lãi tính trên dư nợ giảm dần hàng tháng",VNĐ,SUV,,,,,,,,,,
Mitsubishi Lancer Gala 2004,138 triệu,2004,Xe cũ,Nhập khẩu,250.000 km,Tp.HCM,Gò Vấp,Số tự động,Máy xăng,VNĐ,ThángNăm,ThángNăm,"Trả góp đều hàng thángTrả góp đều, lãi tính trên dư nợ giảm dần hàng tháng",VNĐ,Sedan,,,,,,,,,,
Mercedes-Benz S450 Limited Edition 2020,2 tỉ 398 triệu,2020,Xe cũ,Trong nước,46.666 km,Tp.HCM,Quận 7,Số tự động,Máy xăng,VNĐ,ThángNăm,ThángNăm,"Trả góp đều hàng thángTrả góp đều, lãi tính trên dư nợ giảm dần hàng tháng",VNĐ,,,,,,,,,,,
Hyundai Tucson 2.0 Đặc biệt 2021,699 triệu,2021,Xe cũ,Trong nước,60.000 km,Hà Nội,Hoàng Mai,Số tự động,Máy xăng,VNĐ,ThángNăm,ThángNăm,"Trả góp đều hàng thángTrả góp đều, lãi tính trên dư nợ giảm dần hàng tháng",VNĐ,SUV,,,,,,,,,,
Hyundai Santa Fe 2.4L Xăng Cao cấp 2016,569 triệu,2016,Xe cũ,Trong nước,85.689 km,Hà Nội,Hoàng Mai,Số tự động,Máy xăng,VNĐ,ThángNăm,ThángNăm,"Trả góp đều hàng thángTrả góp đều, lãi tính trên dư nợ giảm dần hàng tháng",VNĐ,SUV,,,,,,,,,,
Chevrolet Captiva ltz 2.4 at 2011,258 triệu,2011,Xe cũ,Trong nước,130.000 km,Hà Nội,Bắc Từ Liêm,Số tự động,Máy xăng,VNĐ,ThángNăm,ThángNăm,"Trả góp đều hàng thángTrả góp đều, lãi tính trên dư nợ giảm dần hàng tháng",VNĐ,SUV,,,,,,,,,,
Mercedes-Benz GLC 300 2023,2 tỉ 450 triệu,2023,Xe cũ,Trong nước,8.000 km,Hà Nội,Long Biên,Số tự động,Máy xăng,VNĐ,ThángNăm,ThángNăm,"Trả góp đều hàng thángTrả góp đều, lãi tính trên dư nợ giảm dần hàng tháng",VNĐ,,,,,,,,,,,
Ford Everest Titanium 2.0 AT 4x2 2021,930 triệu,2021,Xe cũ,Nhập khẩu,56.000 km,Tp.HCM,Tân Phú,Số tự động,Máy dầu,VNĐ,ThángNăm,ThángNăm,"Trả góp đều hàng thángTrả góp đều, lãi tính trên dư nợ giảm dần hàng tháng",VNĐ,SUV,,,,,,,,,,
Hyundai Grand i10 1.0 AT 2015,238 triệu,2015,Xe cũ,Trong nước,75.284 km,Hải Phòng,An Lão,Số tự động,Máy xăng,VNĐ,ThángNăm,ThángNăm,"Trả góp đều hàng thángTrả góp đều, lãi tính trên dư nợ giảm dần hàng tháng",VNĐ,,,,,,,,,,,
Land Rover Range Rover SVautobiogaphy LWB 3.0L 2021,8 tỉ 990 triệu,2021,Xe cũ,Nhập khẩu,30.000 km,Hà Nội,Bắc Từ Liêm,Số tự động,Máy xăng,VNĐ,ThángNăm,ThángNăm,"Trả góp đều hàng thángTrả góp đều, lãi tính trên dư nợ giảm dần hàng tháng",VNĐ,SUV,,,,,,,,,,
Ford EcoSport Titanium 1.5L AT 2016,315 triệu,2016,Xe cũ,Trong nước,84.000 km,Hà Nội,Nam Từ Liêm,Số tự động,Máy xăng,VNĐ,ThángNăm,ThángNăm,"Trả góp đều hàng thángTrả góp đều, lãi tính trên dư nợ giảm dần hàng tháng",VNĐ,SUV,,,,,,,,,,
Suzuki Swift 1.4 AT 2017,328 triệu,2017,Xe cũ,Nhập khẩu,50.000 km,Hà Nội,Tây Hồ,Số tự động,Máy xăng,VNĐ,ThángNăm,ThángNăm,"Trả góp đều hàng thángTrả góp đều, lãi tính trên dư nợ giảm dần hàng tháng",VNĐ,Hatchback,,,,,,,,,,
Mercedes-Benz E200 Exclusive 2020,1 tỉ 059 triệu,2020,Xe cũ,Trong nước,50.000 km,Tp.HCM,Quận 7,Số tự động,Máy xăng,VNĐ,ThángNăm,ThángNăm,"Trả góp đều hàng thángTrả góp đều, lãi tính trên dư nợ giảm dần hàng tháng",VNĐ,Sedan,,,,,,,,,,
Peugeot 2008 GT Line 2022,588 triệu,2022,Xe cũ,Nhập khẩu,38 km,Bình Dương,Thuận An,Số tự động,Máy xăng,VNĐ,ThángNăm,ThángNăm,"Trả góp đều hàng thángTrả góp đều, lãi tính trên dư nợ giảm dần hàng tháng",VNĐ,Crossover,,,,,,,,,,
Rolls-Royce Cullinan 2019,11 tỉ 900 triệu,2019,Xe cũ,Nhập khẩu,50.000 km,Hà Nội,Long Biên,Số tự động,Máy xăng,VNĐ,ThángNăm,ThángNăm,"Trả góp đều hàng thángTrả góp đều, lãi tính trên dư nợ giảm dần hàng tháng",VNĐ,,,,,,,,,,,
Toyota Sienna Limited 3.5 AT AWD 2016,1 tỉ 750 triệu,2016,Xe cũ,Nhập khẩu,76.000 km,Tp.HCM,Quận 10,Số tự động,Máy xăng,VNĐ,ThángNăm,ThángNăm,"Trả góp đều hàng thángTrả góp đều, lãi tính trên dư nợ giảm dần hàng tháng",VNĐ,MPV,,,,,,,,,,
Kia Carens 2015,205 triệu,2015,Xe cũ,,,Hà Nội,,Số tự động,Máy xăng,VNĐ,ThángNăm,ThángNăm,"Trả góp đều hàng thángTrả góp đều, lãi tính trên dư nợ giảm dần hàng tháng",VNĐ,,,,,,,,,,,
Mazda 6 2.0L Luxury 2020,550 triệu,2020,Xe cũ,Trong nước,50.000 km,Hà Nội,Cầu Giấy,Số tự động,Máy xăng,VNĐ,ThángNăm,ThángNăm,"Trả góp đều hàng thángTrả góp đều, lãi tính trên dư nợ giảm dần hàng tháng",VNĐ,Sedan,,,,,,,,,,
Hyundai Tucson 2021,699 triệu,2021,Xe cũ,Trong nước,60.000 km,Hà Nội,Cầu Giấy,Số tự động,Máy xăng,VNĐ,ThángNăm,ThángNăm,"Trả góp đều hàng thángTrả góp đều, lãi tính trên dư nợ giảm dần hàng tháng",VNĐ,SUV,,,,,,,,,,
Ford EcoSport Titanium 1.5L AT 2015,299 triệu,2015,Xe cũ,Trong nước,120.000 km,Hà Nội,Thanh Xuân,Số tự động,Máy xăng,VNĐ,ThángNăm,ThángNăm,"Trả góp đều hàng thángTrả góp đều, lãi tính trên dư nợ giảm dần hàng tháng",VNĐ,SUV,,,,,,,,,,
Chevrolet Spark LTZ 2008,38 triệu,2008,Xe cũ,Trong nước,110.000 km,Nghệ An,Vinh,Số sàn,Máy xăng,VNĐ,ThángNăm,ThángNăm,"Trả góp đều hàng thángTrả góp đều, lãi tính trên dư nợ giảm dần hàng tháng",VNĐ,Hatchback,,,,,,,,,,
Honda City 1.5 CVT 2016,330 triệu,2016,Xe cũ,Trong nước,12.400 km,Tp.HCM,,Số tự động,Máy xăng,VNĐ,ThángNăm,ThángNăm,"Trả góp đều hàng thángTrả góp đều, lãi tính trên dư nợ giảm dần hàng tháng",VNĐ,Sedan,,,,,,,,,,
Hyundai Grand i10 2019,320 triệu,2019,Xe cũ,Trong nước,30.000 km,Hà Nội,Đông Anh,Số tự động,Máy xăng,VNĐ,ThángNăm,ThángNăm,"Trả góp đều hàng thángTrả góp đều, lãi tính trên dư nợ giảm dần hàng tháng",VNĐ,Sedan,,,,,,,,,,
Audi S8 2020,4 tỉ 950 triệu,2020,Xe cũ,Nhập khẩu,12.000 km,Hà Nội,Bắc Từ Liêm,Số tự động,Máy xăng,VNĐ,ThángNăm,ThángNăm,"Trả góp đều hàng thángTrả góp đều, lãi tính trên dư nợ giảm dần hàng tháng",VNĐ,Sedan,"Thủ tục trọn gói (Rút hồ sơ,sang tên,...)Model xe mớiXe có nhiều đồ chơiHỗ trợ/cam kết từ người bán","Thủ tục trọn gói (Rút hồ sơ,sang tên,...)Model xe mớiXe có nhiều đồ chơiHỗ trợ/cam kết từ người bán","Thủ tục trọn gói (Rút hồ sơ,sang tên,...)Model xe mớiXe có nhiều đồ chơiHỗ trợ/cam kết từ người bán","Thủ tục trọn gói (Rút hồ sơ,sang tên,...)Model xe mớiXe có nhiều đồ chơiHỗ trợ/cam kết từ người bán","Bảng này giúp bạn tính toán số tiền cần trả khi vay ngân hàng để mua xe trả gópGiá xe muốn muaVNĐSố tiền vayVNĐThời gian vaythángLãi suất năm%Tổng lãi và gốc3,999,187,500  VNĐSố tiền trả trước1,485,000,000 VNĐTrả hàng tháng111,088,542 VNĐVay mua xe trả góp","Bảng này giúp bạn tính toán số tiền cần trả khi vay ngân hàng để mua xe trả gópGiá xe muốn muaVNĐSố tiền vayVNĐThời gian vaythángLãi suất năm%Tổng lãi và gốc3,999,187,500  VNĐSố tiền trả trước1,485,000,000 VNĐTrả hàng tháng111,088,542 VNĐVay mua xe trả góp","Bảng này giúp bạn tính toán số tiền cần trả khi vay ngân hàng để mua xe trả gópGiá xe muốn muaVNĐSố tiền vayVNĐThời gian vaythángLãi suất năm%Tổng lãi và gốc3,999,187,500  VNĐSố tiền trả trước1,485,000,000 VNĐTrả hàng tháng111,088,542 VNĐVay mua xe trả góp","Bảng này giúp bạn tính toán số tiền cần trả khi vay ngân hàng để mua xe trả gópGiá xe muốn muaVNĐSố tiền vayVNĐThời gian vaythángLãi suất năm%Tổng lãi và gốc3,999,187,500  VNĐSố tiền trả trước1,485,000,000 VNĐTrả hàng tháng111,088,542 VNĐVay mua xe trả góp",,
Kia Sedona 2020,845 triệu,2020,Xe cũ,Trong nước,70.000 km,Bình Phước,Đồng Phú,Số tự động,Máy dầu,VNĐ,ThángNăm,ThángNăm,"Trả góp đều hàng thángTrả góp đều, lãi tính trên dư nợ giảm dần hàng tháng",VNĐ,MPV,,,,,,,,,,
Toyota Vios 1.5E MT 2023,385 triệu,2023,Xe cũ,Trong nước,37.000 km,Bắc Ninh,Bắc Ninh,Số sàn,Máy xăng,VNĐ,ThángNăm,ThángNăm,"Trả góp đều hàng thángTrả góp đều, lãi tính trên dư nợ giảm dần hàng tháng",VNĐ,Sedan,,,,,,,,,,
Mercedes-Benz C200 2.0 AT 2015,535 triệu,2015,Xe cũ,Nhập khẩu,90.000 km,Hà Nội,Cầu Giấy,Số tự động,Máy xăng,VNĐ,ThángNăm,ThángNăm,"Trả góp đều hàng thángTrả góp đều, lãi tính trên dư nợ giảm dần hàng tháng",VNĐ,Sedan,,,,,,,,,,
Nissan X trail 2018,465 triệu,2018,Xe cũ,Trong nước,110.000 km,Long An,Tân An,Số tự động,Máy xăng,VNĐ,ThángNăm,ThángNăm,"Trả góp đều hàng thángTrả góp đều, lãi tính trên dư nợ giảm dần hàng tháng",VNĐ,SUV,,,,,,,,,,
Hyundai Grand i10 Sedan 1.2 AT 2016,280 triệu,2016,Xe cũ,Trong nước,90.000 km,Hà Nội,Cầu Giấy,Số tự động,Máy xăng,VNĐ,ThángNăm,ThángNăm,"Trả góp đều hàng thángTrả góp đều, lãi tính trên dư nợ giảm dần hàng tháng",VNĐ,Hatchback,,,,,,,,,,
Hyundai Santa Fe 2016,575 triệu,2016,Xe cũ,Trong nước,98.000 km,Hà Nội,Cầu Giấy,Số tự động,Máy xăng,VNĐ,ThángNăm,ThángNăm,"Trả góp đều hàng thángTrả góp đều, lãi tính trên dư nợ giảm dần hàng tháng",VNĐ,SUV,,,,,,,,,,
Volkswagen Teramont X 2024,2 tỉ 339 triệu,2024,Xe cũ,Nhập khẩu,7.000 km,Hà Nội,Long Biên,Số tự động,Máy xăng,VNĐ,ThángNăm,ThángNăm,"Trả góp đều hàng thángTrả góp đều, lãi tính trên dư nợ giảm dần hàng tháng",VNĐ,SUV,,,,,,,,,,
Toyota Avanza 1.5 AT 2023,495 triệu,2023,Xe cũ,Trong nước,68.000 km,Tp.HCM,Hóc Môn,Số tự động,Máy xăng,VNĐ,ThángNăm,ThángNăm,"Trả góp đều hàng thángTrả góp đều, lãi tính trên dư nợ giảm dần hàng tháng",VNĐ,,,,,,,,,,,
Hyundai Grand i10 Sedan 1.2 MT 2016,175 triệu,2016,Xe cũ,Nhập khẩu,175 km,Hưng Yên,Khoái Châu,Số sàn,Máy xăng,VNĐ,ThángNăm,ThángNăm,"Trả góp đều hàng thángTrả góp đều, lãi tính trên dư nợ giảm dần hàng tháng",VNĐ,Sedan,,,,,,,,,,
Kia Sorento 2.4AT 2013,365 triệu,2013,Xe cũ,Trong nước,88.000 km,Tp.HCM,Quận 10,Số tự động,Máy xăng,VNĐ,ThángNăm,ThángNăm,"Trả góp đều hàng thángTrả góp đều, lãi tính trên dư nợ giảm dần hàng tháng",VNĐ,SUV,,,,,,,,,,
Honda City 1.5 MT 2016,255 triệu,2016,Xe cũ,Trong nước,92.000 km,Khánh Hòa,,Số sàn,Máy xăng,VNĐ,ThángNăm,ThángNăm,"Trả góp đều hàng thángTrả góp đều, lãi tính trên dư nợ giảm dần hàng tháng",VNĐ,Sedan,,,,,,,,,,
Toyota Vios 1.5E MT 2010,158 triệu,2010,Xe cũ,Trong nước,200.000 km,Hải Phòng,An Lão,Số sàn,Máy xăng,VNĐ,ThángNăm,ThángNăm,"Trả góp đều hàng thángTrả góp đều, lãi tính trên dư nợ giảm dần hàng tháng",VNĐ,Sedan,,,,,,,,,,
Mitsubishi Xpander 1.5 AT  2019,428 triệu,2019,Xe cũ,Nhập khẩu,80.000 km,Bình Dương,Dĩ An,Số tự động,Máy xăng,VNĐ,ThángNăm,ThángNăm,"Trả góp đều hàng thángTrả góp đều, lãi tính trên dư nợ giảm dần hàng tháng",VNĐ,MPV,,,,,,,,,,
Toyota Corolla Cross 1.8 V  2023,765 triệu,2023,Xe cũ,Nhập khẩu,1.000 km,Hà Nội,Thanh Xuân,Số tự động,Máy xăng,VNĐ,ThángNăm,ThángNăm,"Trả góp đều hàng thángTrả góp đều, lãi tính trên dư nợ giảm dần hàng tháng",VNĐ,Crossover,,,,,,,,,,
Subaru WRX 4D 2.4 CVT EyeSight 2022,1 tỉ 439 triệu,2022,Xe cũ,Nhập khẩu,9.000 km,Tp.HCM,Gò Vấp,Số tự động,Máy xăng,VNĐ,ThángNăm,ThángNăm,"Trả góp đều hàng thángTrả góp đều, lãi tính trên dư nợ giảm dần hàng tháng",VNĐ,Sedan,,,,,,,,,,
Toyota Fortuner 2.7 V 4X2 AT 2014,405 triệu,2014,Xe cũ,Trong nước,120.000 km,Hà Nội,Cầu Giấy,Số tự động,Máy xăng,VNĐ,ThángNăm,ThángNăm,"Trả góp đều hàng thángTrả góp đều, lãi tính trên dư nợ giảm dần hàng tháng",VNĐ,SUV,,,,,,,,,,
Ford Mustang EcoBoost 2019,1 tỉ 750 triệu,2019,Xe cũ,Nhập khẩu,29.000 km,Tp.HCM,Quận 7,Số tự động,Máy xăng,VNĐ,ThángNăm,ThángNăm,"Trả góp đều hàng thángTrả góp đều, lãi tính trên dư nợ giảm dần hàng tháng",VNĐ,Sedan,,,,,,,,,,
Nissan Navara VL 2022,725 triệu,2022,Xe cũ,Nhập khẩu,80.000 km,Phú Thọ,Đoan Hùng,Số tự động,Máy dầu,VNĐ,ThángNăm,ThángNăm,"Trả góp đều hàng thángTrả góp đều, lãi tính trên dư nợ giảm dần hàng tháng",VNĐ,Bán tải,,,,,,,,,,
Ford Ranger 2017,575 triệu,2017,Xe cũ,Nhập khẩu,90.000 km,Hà Nội,Nam Từ Liêm,Số tự động,Máy dầu,VNĐ,ThángNăm,ThángNăm,"Trả góp đều hàng thángTrả góp đều, lãi tính trên dư nợ giảm dần hàng tháng",VNĐ,Bán tải,,,,,,,,,,
Mitsubishi Xpander 2025,535 triệu,2025,Xe cũ,Trong nước,200.000 km,Sơn La,,Số tự động,Máy xăng,VNĐ,ThángNăm,ThángNăm,"Trả góp đều hàng thángTrả góp đều, lãi tính trên dư nợ giảm dần hàng tháng",VNĐ,Crossover,,,,,,,,,,
Rolls-Royce Cullinan V12 2021,27 tỉ 500 triệu,2021,Xe cũ,Nhập khẩu,20.000 km,Hà Nội,Bắc Từ Liêm,Số tự động,Máy xăng,VNĐ,ThángNăm,ThángNăm,"Trả góp đều hàng thángTrả góp đều, lãi tính trên dư nợ giảm dần hàng tháng",VNĐ,SUV,,,,,,,,,,
Toyota Vios 1.5G AT 2023,470 triệu,2023,Xe cũ,Trong nước,70.000 km,Nam Định,Nam Định,Số tự động,Máy xăng,VNĐ,ThángNăm,ThángNăm,"Trả góp đều hàng thángTrả góp đều, lãi tính trên dư nợ giảm dần hàng tháng",VNĐ,,,,,,,,,,,
Kia Cerato 1.6 MT 2017,325 triệu,2017,Xe cũ,Trong nước,83.901 km,Hải Phòng,An Lão,Số sàn,Máy xăng,VNĐ,ThángNăm,ThángNăm,"Trả góp đều hàng thángTrả góp đều, lãi tính trên dư nợ giảm dần hàng tháng",VNĐ,,,,,,,,,,,
Mercedes-Benz C200 2017,739 triệu,2017,Xe cũ,Trong nước,53.000 km,Tp.HCM,Quận 7,Số tự động,Máy xăng,VNĐ,ThángNăm,ThángNăm,"Trả góp đều hàng thángTrả góp đều, lãi tính trên dư nợ giảm dần hàng tháng",VNĐ,,,,,,,,,,,
Audi Q5 2.0 TFSI Quattro 2017,995 triệu,2017,Xe cũ,Nhập khẩu,140.000 km,Hà Nội,Cầu Giấy,Số tự động,Máy xăng,VNĐ,ThángNăm,ThángNăm,"Trả góp đều hàng thángTrả góp đều, lãi tính trên dư nợ giảm dần hàng tháng",VNĐ,SUV,,,,,,,,,,
Suzuki Blind Van Suzuki Blind Van 2020,180 triệu,2020,Xe cũ,Trong nước,580.628 km,Hà Nội,Thường Tín,Số sàn,Máy xăng,VNĐ,ThángNăm,ThángNăm,"Trả góp đều hàng thángTrả góp đều, lãi tính trên dư nợ giảm dần hàng tháng",VNĐ,Van/Minivan,,,,,,,,,,
Mercedes-Benz C300 AMG 2022,1 tỉ 578 triệu,2022,Xe cũ,Nhập khẩu,24.000 km,Tp.HCM,Quận 7,Số tự động,Máy xăng,VNĐ,ThángNăm,ThángNăm,"Trả góp đều hàng thángTrả góp đều, lãi tính trên dư nợ giảm dần hàng tháng",VNĐ,,,,,,,,,,,
Chevrolet Spark LT 2012,55 triệu,2012,Xe cũ,Trong nước,98.000 km,Nghệ An,Vinh,Số sàn,Máy xăng,VNĐ,ThángNăm,ThángNăm,"Trả góp đều hàng thángTrả góp đều, lãi tính trên dư nợ giảm dần hàng tháng",VNĐ,Hatchback,,,,,,,,,,
Kia Sedona 2.2 Luxury 2020,820 triệu,2020,Xe cũ,Trong nước,50.000 km,Hải Dương,Hải Dương,Số tự động,Máy dầu,VNĐ,ThángNăm,ThángNăm,"Trả góp đều hàng thángTrả góp đều, lãi tính trên dư nợ giảm dần hàng tháng",VNĐ,MPV,,,,,,,,,,
Ford Transit Tiêu chuẩn 2023,698 triệu,2023,Xe cũ,Trong nước,39.000 km,Tp.HCM,Tân Phú,Số sàn,Máy dầu,VNĐ,ThángNăm,ThángNăm,"Trả góp đều hàng thángTrả góp đều, lãi tính trên dư nợ giảm dần hàng tháng",VNĐ,Van/Minivan,,,,,,,,,,
Kia Sorento 2.4AT 2017,465 triệu,2017,Xe cũ,Trong nước,88.000 km,Hà Nội,Thanh Xuân,Số tự động,Máy xăng,VNĐ,ThángNăm,ThángNăm,"Trả góp đều hàng thángTrả góp đều, lãi tính trên dư nợ giảm dần hàng tháng",VNĐ,SUV,,,,,,,,,,
Mitsubishi Zinger GLS 2008,155 triệu,2008,Xe cũ,Trong nước,154.242 km,Cà Mau,,Số sàn,Máy xăng,VNĐ,ThángNăm,ThángNăm,"Trả góp đều hàng thángTrả góp đều, lãi tính trên dư nợ giảm dần hàng tháng",VNĐ,MPV,,,,,,,,,,
Ford Ranger XLT 2.0L 4x4 AT Limited 2022,689 triệu,2022,Xe cũ,Trong nước,35.300 km,Tp.HCM,Gò Vấp,Số tự động,Máy dầu,VNĐ,ThángNăm,ThángNăm,"Trả góp đều hàng thángTrả góp đều, lãi tính trên dư nợ giảm dần hàng tháng",VNĐ,Bán tải,,,,,,,,,,
Chevrolet Cruze LT 2016,240 triệu,2016,Xe cũ,Nhập khẩu,97.000 km,Bà Rịa Vũng Tàu,,Số tự động,Máy xăng,VNĐ,ThángNăm,ThángNăm,"Trả góp đều hàng thángTrả góp đều, lãi tính trên dư nợ giảm dần hàng tháng",VNĐ,Sedan,,,,,,,,,,
Mazda 2 Luxury 2019,379 triệu,2019,Xe cũ,Nhập khẩu,38.000 km,Tp.HCM,,Số tự động,Máy xăng,VNĐ,ThángNăm,ThángNăm,"Trả góp đều hàng thángTrả góp đều, lãi tính trên dư nợ giảm dần hàng tháng",VNĐ,Sedan,,,,,,,,,,
Toyota Innova 2.0E 2016,380 triệu,2016,Xe cũ,Trong nước,110.000 km,Hà Nội,Hoàng Mai,Số sàn,Máy xăng,VNĐ,ThángNăm,ThángNăm,"Trả góp đều hàng thángTrả góp đều, lãi tính trên dư nợ giảm dần hàng tháng",VNĐ,MPV,,,,,,,,,,
Hyundai Accent 1.4 AT Đặc biệt 2019,415 triệu,2019,Xe cũ,Trong nước,58.000 km,Vĩnh Phúc,Phúc Yên,Số tự động,Máy xăng,VNĐ,ThángNăm,ThángNăm,"Trả góp đều hàng thángTrả góp đều, lãi tính trên dư nợ giảm dần hàng tháng",VNĐ,Sedan,,,,,,,,,,
Kia Carens EX 2.0 MT 2015,220 triệu,2015,Xe cũ,Trong nước,130.000 km,Hải Dương,,Số sàn,Máy xăng,VNĐ,ThángNăm,ThángNăm,"Trả góp đều hàng thángTrả góp đều, lãi tính trên dư nợ giảm dần hàng tháng",VNĐ,SUV,,,,,,,,,,
Mazda CX-5 2.5L Luxury 2017,515 triệu,2017,Xe cũ,Trong nước,96.896 km,Hà Nội,Hoàng Mai,Số tự động,Máy xăng,VNĐ,ThángNăm,ThángNăm,"Trả góp đều hàng thángTrả góp đều, lãi tính trên dư nợ giảm dần hàng tháng",VNĐ,SUV,,,,,,,,,,
Toyota Fortuner 2.7 V 4X2 AT 2016,519 triệu,2016,Xe cũ,Trong nước,145.000 km,Bình Định,,Số tự động,Máy xăng,VNĐ,ThángNăm,ThángNăm,"Trả góp đều hàng thángTrả góp đều, lãi tính trên dư nợ giảm dần hàng tháng",VNĐ,SUV,,,,,,,,,,
Mitsubishi Xpander 1.5 MT 2021,455 triệu,2021,Xe cũ,Trong nước,120.000 km,Gia Lai,Plei Ku,Số sàn,Máy xăng,VNĐ,ThángNăm,ThángNăm,"Trả góp đều hàng thángTrả góp đều, lãi tính trên dư nợ giảm dần hàng tháng",VNĐ,MPV,,,,,,,,,,
Mercedes-Benz GLC 200 4Matic 2025,2 tỉ 079 triệu,2025,Xe cũ,Nhập khẩu,10.000 km,Tp.HCM,Quận 7,Số tự động,Máy xăng,VNĐ,ThángNăm,ThángNăm,"Trả góp đều hàng thángTrả góp đều, lãi tính trên dư nợ giảm dần hàng tháng",VNĐ,SUV,,,,,,,,,,
Honda City RS 2023,479 triệu,2023,Xe cũ,Trong nước,1.200 km,Hà Nội,Hoàng Mai,Số tự động,Máy xăng,VNĐ,ThángNăm,ThángNăm,"Trả góp đều hàng thángTrả góp đều, lãi tính trên dư nợ giảm dần hàng tháng",VNĐ,Sedan,,,,,,,,,,
Mercedes-Benz S450L 2020,2 tỉ 398 triệu,2020,Xe cũ,Nhập khẩu,47.000 km,Tp.HCM,Quận 7,Số tự động,Máy xăng,VNĐ,ThángNăm,ThángNăm,"Trả góp đều hàng thángTrả góp đều, lãi tính trên dư nợ giảm dần hàng tháng",VNĐ,Sedan,,,,,,,,,,
Toyota Land Cruiser Prado TX-L 2017,1 tỉ 250 triệu,2017,Xe cũ,Nhập khẩu,86.000 km,Tp.HCM,Gò Vấp,Số tự động,Máy xăng,VNĐ,ThángNăm,ThángNăm,"Trả góp đều hàng thángTrả góp đều, lãi tính trên dư nợ giảm dần hàng tháng",VNĐ,SUV,,,,,,,,,,
Mazda CX-5 2.0 AWD 2015,435 triệu,2015,Xe cũ,Nhập khẩu,110.000 km,Hà Nội,Thanh Xuân,Số tự động,Máy xăng,VNĐ,ThángNăm,ThángNăm,"Trả góp đều hàng thángTrả góp đều, lãi tính trên dư nợ giảm dần hàng tháng",VNĐ,,,,,,,,,,,
Toyota Vios 1.5 G CVT 2016,360 triệu,2016,Xe cũ,Trong nước,90.000 km,Hà Nội,Tây Hồ,Số tự động,Máy xăng,VNĐ,ThángNăm,ThángNăm,"Trả góp đều hàng thángTrả góp đều, lãi tính trên dư nợ giảm dần hàng tháng",VNĐ,Sedan,,,,,,,,,,
Ford Transit SVP 2019,480 triệu,2019,Xe cũ,Trong nước,222.327 km,Hà Nội,,Số sàn,Máy dầu,VNĐ,ThángNăm,ThángNăm,"Trả góp đều hàng thángTrả góp đều, lãi tính trên dư nợ giảm dần hàng tháng",VNĐ,Van/Minivan,,,,,,,,,,
Honda City 1.5 CVT 2017,370 triệu,2017,Xe cũ,Trong nước,90.000 km,Bình Dương,Thuận An,Số tự động,Máy xăng,VNĐ,ThángNăm,ThángNăm,"Trả góp đều hàng thángTrả góp đều, lãi tính trên dư nợ giảm dần hàng tháng",VNĐ,Sedan,,,,,,,,,,
Mercedes-Benz C180 AMG 2021,957 triệu,2021,Xe cũ,Trong nước,9.999 km,Tp.HCM,Bình Tân,Số tự động,Máy xăng,VNĐ,ThángNăm,ThángNăm,"Trả góp đều hàng thángTrả góp đều, lãi tính trên dư nợ giảm dần hàng tháng",VNĐ,Sedan,,,,,,,,,,
Nissan Navara EL Premium R 2018,445 triệu,2018,Xe cũ,Nhập khẩu,50.000 km,Tp.HCM,Thủ Đức,Số tự động,Máy dầu,VNĐ,ThángNăm,ThángNăm,"Trả góp đều hàng thángTrả góp đều, lãi tính trên dư nợ giảm dần hàng tháng",VNĐ,Bán tải,,,,,,,,,,
Hyundai Accent 1.4 MT 2022,340 triệu,2022,Xe cũ,Trong nước,46.000 km,Vĩnh Phúc,Vĩnh Yên,Số tự động,Máy xăng,VNĐ,ThángNăm,ThángNăm,"Trả góp đều hàng thángTrả góp đều, lãi tính trên dư nợ giảm dần hàng tháng",VNĐ,,,,,,,,,,,
VinFast VF8 Eco 2024,858 triệu,2024,Xe cũ,Trong nước,20.000 km,Hà Nội,Cầu Giấy,Số tự động,Điện,VNĐ,ThángNăm,ThángNăm,"Trả góp đều hàng thángTrả góp đều, lãi tính trên dư nợ giảm dần hàng tháng",VNĐ,SUV,,,,,,,,,,
Mazda CX-8 Luxury 2022,799 triệu,2022,Xe cũ,Trong nước,48.000 km,Hà Nội,Cầu Giấy,Số tự động,Máy xăng,VNĐ,ThángNăm,ThángNăm,"Trả góp đều hàng thángTrả góp đều, lãi tính trên dư nợ giảm dần hàng tháng",VNĐ,SUV,,,,,,,,,,
Hyundai Starex 2.5 MT 2015,425 triệu,2015,Xe cũ,Nhập khẩu,120.000 km,Hà Nội,Hà Đông,Số sàn,Máy dầu,VNĐ,ThángNăm,ThángNăm,"Trả góp đều hàng thángTrả góp đều, lãi tính trên dư nợ giảm dần hàng tháng",VNĐ,Van/Minivan,,,,,,,,,,
Toyota Vios 1.5G AT 2019,395 triệu,2019,Xe cũ,Trong nước,77.459 km,Hải Phòng,An Lão,Số tự động,Máy xăng,VNĐ,ThángNăm,ThángNăm,"Trả góp đều hàng thángTrả góp đều, lãi tính trên dư nợ giảm dần hàng tháng",VNĐ,Sedan,,,,,,,,,,
VinFast Fadil Tiêu Chuẩn 2021,298 triệu,2021,Xe cũ,Trong nước,299 km,Hải Phòng,,Số tự động,Máy xăng,VNĐ,ThángNăm,ThángNăm,"Trả góp đều hàng thángTrả góp đều, lãi tính trên dư nợ giảm dần hàng tháng",VNĐ,Hatchback,,,,,,,,,,
Mercedes-Benz GLC 200 4Matic 2022,1 tỉ 593 triệu,2022,Xe cũ,Trong nước,33.000 km,Tp.HCM,Gò Vấp,Số tự động,Máy xăng,VNĐ,ThángNăm,ThángNăm,"Trả góp đều hàng thángTrả góp đều, lãi tính trên dư nợ giảm dần hàng tháng",VNĐ,SUV,,,,,,,,,,
Mercedes-Benz GLC 200 4Matic 2019,1 tỉ 100 triệu,2019,Xe cũ,Nhập khẩu,45.000 km,Hà Nội,Long Biên,Số tự động,Máy xăng,VNĐ,ThángNăm,ThángNăm,"Trả góp đều hàng thángTrả góp đều, lãi tính trên dư nợ giảm dần hàng tháng",VNĐ,SUV,,,,,,,,,,
Toyota Fortuner 2.8V 4X4 AT 2018,785 triệu,2018,Xe cũ,Trong nước,110.000 km,Bình Phước,Đồng Phú,Số tự động,Máy dầu,VNĐ,ThángNăm,ThángNăm,"Trả góp đều hàng thángTrả góp đều, lãi tính trên dư nợ giảm dần hàng tháng",VNĐ,SUV,,,,,,,,,,
Porsche 718 Boxster T 2023,4 tỉ 950 triệu,2023,Xe cũ,Nhập khẩu,1.300 km,Tp.HCM,Quận 7,Số tự động,Máy xăng,VNĐ,ThángNăm,ThángNăm,"Trả góp đều hàng thángTrả góp đều, lãi tính trên dư nợ giảm dần hàng tháng",VNĐ,Convertible,,,,,,,,,,
Ford EcoSport Titanium 1.5L AT 2020,479 triệu,2020,Xe cũ,Trong nước,33.455 km,Tp.HCM,Gò Vấp,Số tự động,Máy xăng,VNĐ,ThángNăm,ThángNăm,"Trả góp đều hàng thángTrả góp đều, lãi tính trên dư nợ giảm dần hàng tháng",VNĐ,SUV,,,,,,,,,,
Mercedes-Benz S450 4Matic 2022,3 tỉ 698 triệu,2022,Xe cũ,Nhập khẩu,36.000 km,Tp.HCM,Bình Tân,Số tự động,Máy xăng,VNĐ,ThángNăm,ThángNăm,"Trả góp đều hàng thángTrả góp đều, lãi tính trên dư nợ giảm dần hàng tháng",VNĐ,Sedan,,,,,,,,,,
Toyota Fortuner 2.4 MT 4x2 2018,695 triệu,2018,Xe cũ,Trong nước,83.000 km,Bình Phước,Đồng Phú,Số sàn,Máy dầu,VNĐ,ThángNăm,ThángNăm,"Trả góp đều hàng thángTrả góp đều, lãi tính trên dư nợ giảm dần hàng tháng",VNĐ,SUV,,,,,,,,,,
Mazda CX-5 2.0 Premium 2020,688 triệu,2020,Xe cũ,Trong nước,41.000 km,Hà Nội,Nam Từ Liêm,Số tự động,Máy xăng,VNĐ,ThángNăm,ThángNăm,"Trả góp đều hàng thángTrả góp đều, lãi tính trên dư nợ giảm dần hàng tháng",VNĐ,SUV,,,,,,,,,,
Kia Morning AT 2011,219 triệu,2011,Xe cũ,Nhập khẩu,133.000 km,Bình Dương,Dĩ An,Số tự động,Máy xăng,VNĐ,ThángNăm,ThángNăm,"Trả góp đều hàng thángTrả góp đều, lãi tính trên dư nợ giảm dần hàng tháng",VNĐ,Hatchback,,,,,,,,,,
Honda CR-V 1.5 L 2018,668 triệu,2018,Xe cũ,Trong nước,103.098 km,Hải Phòng,An Lão,Số tự động,Máy xăng,VNĐ,ThángNăm,ThángNăm,"Trả góp đều hàng thángTrả góp đều, lãi tính trên dư nợ giảm dần hàng tháng",VNĐ,SUV,,,,,,,,,,
Mercedes-Benz GLC 200 4Matic 2022,1 tỉ 399 triệu,2022,Xe cũ,Trong nước,40.000 km,Tp.HCM,Quận 7,Số tự động,Máy xăng,VNĐ,ThángNăm,ThángNăm,"Trả góp đều hàng thángTrả góp đều, lãi tính trên dư nợ giảm dần hàng tháng",VNĐ,SUV,,,,,,,,,,
Porsche 718 Boxster 2023,4 tỉ 799 triệu,2023,Xe cũ,Nhập khẩu,12.222 km,Tp.HCM,Quận 7,Số tự động,Máy xăng,VNĐ,ThángNăm,ThángNăm,"Trả góp đều hàng thángTrả góp đều, lãi tính trên dư nợ giảm dần hàng tháng",VNĐ,Convertible,,,,,,,,,,
Mercedes-Benz S450 Limited Edition 2020,2 tỉ 398 triệu,2020,Xe cũ,Trong nước,46.666 km,Tp.HCM,Quận 7,Số tự động,Máy xăng,VNĐ,ThángNăm,ThángNăm,"Trả góp đều hàng thángTrả góp đều, lãi tính trên dư nợ giảm dần hàng tháng",VNĐ,,,,,,,,,,,
Ford Everest 2.0L ST5 6AT 2WD Titanium 2018,830 triệu,2018,Xe cũ,Nhập khẩu,77.000 km,Tp.HCM,Tân Phú,Số tự động,Máy dầu,VNĐ,ThángNăm,ThángNăm,"Trả góp đều hàng thángTrả góp đều, lãi tính trên dư nợ giảm dần hàng tháng",VNĐ,SUV,,,,,,,,,,
Kia Carnival 2021,1 tỉ 090 triệu,2021,Xe cũ,Trong nước,56.000 km,Tp.HCM,Thủ Đức,Số tự động,Máy xăng,VNĐ,ThángNăm,ThángNăm,"Trả góp đều hàng thángTrả góp đều, lãi tính trên dư nợ giảm dần hàng tháng",VNĐ,MPV,,,,,,,,,,
Mercedes-Benz C200 2.0 AT 2016,638 triệu,2016,Xe cũ,Trong nước,106.000 km,Tp.HCM,Bình Tân,Số tự động,Máy xăng,VNĐ,ThángNăm,ThángNăm,"Trả góp đều hàng thángTrả góp đều, lãi tính trên dư nợ giảm dần hàng tháng",VNĐ,Sedan,,,,,,,,,,
Mitsubishi Xpander 1.5 MT 2022,459 triệu,2022,Xe cũ,Nhập khẩu,145.000 km,Tp.HCM,Tân Phú,Số sàn,Máy xăng,VNĐ,ThángNăm,ThángNăm,"Trả góp đều hàng thángTrả góp đều, lãi tính trên dư nợ giảm dần hàng tháng",VNĐ,MPV,,,,,,,,,,
Mercedes-Benz GLC 300 4Matic 2017,960 triệu,2017,Xe cũ,Nhập khẩu,50.000 km,Hà Nội,Tây Hồ,Số tự động,Máy xăng,VNĐ,ThángNăm,ThángNăm,"Trả góp đều hàng thángTrả góp đều, lãi tính trên dư nợ giảm dần hàng tháng",VNĐ,SUV,,,,,,,,,,
Toyota Innova 2.0E 2019,415 triệu,2019,Xe cũ,Nhập khẩu,260.000 km,Tp.HCM,,Số sàn,Máy xăng,VNĐ,ThángNăm,ThángNăm,"Trả góp đều hàng thángTrả góp đều, lãi tính trên dư nợ giảm dần hàng tháng",VNĐ,MPV,,,,,,,,,,
Kia Cerato 2.0 AT Premium 2019,475 triệu,2019,Xe cũ,Trong nước,68.000 km,Hà Nội,Cầu Giấy,Số tự động,Máy xăng,VNĐ,ThángNăm,ThángNăm,"Trả góp đều hàng thángTrả góp đều, lãi tính trên dư nợ giảm dần hàng tháng",VNĐ,Sedan,,,,,,,,,,
VinFast LUX A2.0 Tiêu chuẩn 2022,579 triệu,2022,Xe cũ,Trong nước,45.000 km,Hà Nội,Nam Từ Liêm,Số tự động,Máy xăng,VNĐ,ThángNăm,ThángNăm,"Trả góp đều hàng thángTrả góp đều, lãi tính trên dư nợ giảm dần hàng tháng",VNĐ,Sedan,,,,,,,,,,
Kia Cerato 1.6 AT Luxury 2021,508 triệu,2021,Xe cũ,Trong nước,21.000 km,Cần Thơ,,Số tự động,Máy xăng,VNĐ,ThángNăm,ThángNăm,"Trả góp đều hàng thángTrả góp đều, lãi tính trên dư nợ giảm dần hàng tháng",VNĐ,Sedan,,,,,,,,,,
Ford Everest Titanium 2.0 AT 4x2 2019,850 triệu,2019,Xe cũ,Nhập khẩu,76.000 km,Tp.HCM,Tân Phú,Số tự động,Máy dầu,VNĐ,ThángNăm,ThángNăm,"Trả góp đều hàng thángTrả góp đều, lãi tính trên dư nợ giảm dần hàng tháng",VNĐ,SUV,,,,,,,,,,
Rolls-Royce Ghost Series II  2015,9 tỉ 900 triệu,2015,Xe cũ,Nhập khẩu,18.000 km,Hà Nội,Bắc Từ Liêm,Số tự động,Máy xăng,VNĐ,ThángNăm,ThángNăm,"Trả góp đều hàng thángTrả góp đều, lãi tính trên dư nợ giảm dần hàng tháng",VNĐ,Sedan,,,,,,,,,,
Kia Seltos 1.6 Premium 2021,545 triệu,2021,Xe cũ,Trong nước,39.000 km,Tp.HCM,Quận 10,Số tự động,Máy xăng,VNĐ,ThángNăm,ThángNăm,"Trả góp đều hàng thángTrả góp đều, lãi tính trên dư nợ giảm dần hàng tháng",VNĐ,Van/Minivan,,,,,,,,,,
Toyota Innova 2.0E 2015,295 triệu,2015,Xe cũ,Nhập khẩu,400.000 km,Tp.HCM,,Số tự động,Máy xăng,VNĐ,ThángNăm,ThángNăm,"Trả góp đều hàng thángTrả góp đều, lãi tính trên dư nợ giảm dần hàng tháng",VNĐ,MPV,,,,,,,,,,
Mitsubishi Attrage 1.2L AT 2015,235 triệu,2015,Xe cũ,Nhập khẩu,150.000 km,Hưng Yên,Khoái Châu,Số tự động,Máy xăng,VNĐ,ThángNăm,ThángNăm,"Trả góp đều hàng thángTrả góp đều, lãi tính trên dư nợ giảm dần hàng tháng",VNĐ,Sedan,,,,,,,,,,
Mercedes-Benz C300 AMG 2022,1 tỉ 839 triệu,2022,Xe cũ,Trong nước,26.666 km,Tp.HCM,Quận 7,Số tự động,Máy xăng,VNĐ,ThángNăm,ThángNăm,"Trả góp đều hàng thángTrả góp đều, lãi tính trên dư nợ giảm dần hàng tháng",VNĐ,Sedan,,,,,,,,,,
Land Rover Range Rover Evoque 2.0 R-Dynamic SE 2014,690 triệu,2014,Xe cũ,Nhập khẩu,75.000 km,Tp.HCM,Quận 7,Số tự động,Máy xăng,VNĐ,ThángNăm,ThángNăm,"Trả góp đều hàng thángTrả góp đều, lãi tính trên dư nợ giảm dần hàng tháng",VNĐ,SUV,Model xe mớiXe có nhiều đồ chơiCó xuất hóa đơnCòn bảo hiểm thân vỏHỗ trợ/cam kết từ người bán,Model xe mớiXe có nhiều đồ chơiCó xuất hóa đơnCòn bảo hiểm thân vỏHỗ trợ/cam kết từ người bán,Model xe mớiXe có nhiều đồ chơiCó xuất hóa đơnCòn bảo hiểm thân vỏHỗ trợ/cam kết từ người bán,Model xe mớiXe có nhiều đồ chơiCó xuất hóa đơnCòn bảo hiểm thân vỏHỗ trợ/cam kết từ người bán,Model xe mớiXe có nhiều đồ chơiCó xuất hóa đơnCòn bảo hiểm thân vỏHỗ trợ/cam kết từ người bán,"Ước tính vay ngân hàngBảng này giúp bạn tính toán số tiền cần trả khi vay ngân hàng để mua xe trả gópSố tiền vayVNĐThời gian vayThángNămLãi xuất (%)ThángNămLoại hìnhTrả góp đều hàng thángTrả góp đều, lãi tính trên dư nợ giảm dần hàng thángXem kết quả","Ước tính vay ngân hàngBảng này giúp bạn tính toán số tiền cần trả khi vay ngân hàng để mua xe trả gópSố tiền vayVNĐThời gian vayThángNămLãi xuất (%)ThángNămLoại hìnhTrả góp đều hàng thángTrả góp đều, lãi tính trên dư nợ giảm dần hàng thángXem kết quả","Ước tính vay ngân hàngBảng này giúp bạn tính toán số tiền cần trả khi vay ngân hàng để mua xe trả gópSố tiền vayVNĐThời gian vayThángNămLãi xuất (%)ThángNămLoại hìnhTrả góp đều hàng thángTrả góp đều, lãi tính trên dư nợ giảm dần hàng thángXem kết quả","Ước tính vay ngân hàngBảng này giúp bạn tính toán số tiền cần trả khi vay ngân hàng để mua xe trả gópSố tiền vayVNĐThời gian vayThángNămLãi xuất (%)ThángNămLoại hìnhTrả góp đều hàng thángTrả góp đều, lãi tính trên dư nợ giảm dần hàng thángXem kết quả","Ước tính vay ngân hàngBảng này giúp bạn tính toán số tiền cần trả khi vay ngân hàng để mua xe trả gópSố tiền vayVNĐThời gian vayThángNămLãi xuất (%)ThángNămLoại hìnhTrả góp đều hàng thángTrả góp đều, lãi tính trên dư nợ giảm dần hàng thángXem kết quả"
VinFast VF8 Plus 2022,745 triệu,2022,Xe cũ,Trong nước,30.000 km,Hà Nội,Cầu Giấy,Số tự động,Điện,VNĐ,ThángNăm,ThángNăm,"Trả góp đều hàng thángTrả góp đều, lãi tính trên dư nợ giảm dần hàng tháng",VNĐ,SUV,,,,,,,,,,
Mazda 2 Sedan 1.5L Deluxe 2017,350 triệu,2017,Xe cũ,Trong nước,80.000 km,Hà Nội,Tây Hồ,Số tự động,Máy xăng,VNĐ,ThángNăm,ThángNăm,"Trả góp đều hàng thángTrả góp đều, lãi tính trên dư nợ giảm dần hàng tháng",VNĐ,Sedan,,,,,,,,,,
Kia Sonet 1.5 Premium 2024,598 triệu,2024,Xe cũ,Trong nước,19.000 km,Hà Nội,Ba Đình,Số tự động,Máy xăng,VNĐ,ThángNăm,ThángNăm,"Trả góp đều hàng thángTrả góp đều, lãi tính trên dư nợ giảm dần hàng tháng",VNĐ,Crossover,,,,,,,,,,
VinFast LUX A2.0 Cao cấp 2022,654 triệu,2022,Xe cũ,Trong nước,20.000 km,Hà Nội,Bắc Từ Liêm,Số tự động,Máy xăng,VNĐ,ThángNăm,ThángNăm,"Trả góp đều hàng thángTrả góp đều, lãi tính trên dư nợ giảm dần hàng tháng",VNĐ,Sedan,,,,,,,,,,
Hyundai Accent 1.4 AT 2018,355 triệu,2018,Xe cũ,Trong nước,80 km,Thanh Hóa,Đông Sơn,Số tự động,Máy xăng,VNĐ,ThángNăm,ThángNăm,"Trả góp đều hàng thángTrả góp đều, lãi tính trên dư nợ giảm dần hàng tháng",VNĐ,Sedan,,,,,,,,,,
Hyundai Creta 1.5L Đặc biệt 2024,615 triệu,2024,Xe cũ,Trong nước,10.000 km,Hòa Bình,Hòa Bình,Số tự động,Máy xăng,VNĐ,ThángNăm,ThángNăm,"Trả góp đều hàng thángTrả góp đều, lãi tính trên dư nợ giảm dần hàng tháng",VNĐ,SUV,,,,,,,,,,
Mercedes-Benz C250 AMG 2015,580 triệu,2015,Xe cũ,Nhập khẩu,70.000 km,Tp.HCM,Quận 7,Số tự động,Máy xăng,VNĐ,ThángNăm,ThángNăm,"Trả góp đều hàng thángTrả góp đều, lãi tính trên dư nợ giảm dần hàng tháng",VNĐ,Sedan,,,,,,,,,,
Hyundai Starex 2.4 MT 2008,225 triệu,2008,Xe cũ,Nhập khẩu,160.000 km,Hà Nội,Hà Đông,Số tự động,Máy dầu,VNĐ,ThángNăm,ThángNăm,"Trả góp đều hàng thángTrả góp đều, lãi tính trên dư nợ giảm dần hàng tháng",VNĐ,Xe tải,,,,,,,,,,
Hyundai Grand i10 2018,325 triệu,2018,Xe cũ,Trong nước,25.000 km,Hà Nội,Long Biên,Số tự động,Máy xăng,VNĐ,ThángNăm,ThángNăm,"Trả góp đều hàng thángTrả góp đều, lãi tính trên dư nợ giảm dần hàng tháng",VNĐ,Sedan,,,,,,,,,,
Ford Ranger Wildtrak 3.2 4x4 AT 2016,520 triệu,2016,Xe cũ,Nhập khẩu,100.000 km,Hà Nội,Cầu Giấy,Số tự động,Máy dầu,VNĐ,ThángNăm,ThángNăm,"Trả góp đều hàng thángTrả góp đều, lãi tính trên dư nợ giảm dần hàng tháng",VNĐ,Bán tải,,,,,,,,,,
Lexus RX 300 2022,3 tỉ 250 triệu,2022,Xe cũ,Nhập khẩu,26.000 km,Tp.HCM,Quận 1,Số tự động,Máy xăng,VNĐ,ThángNăm,ThángNăm,"Trả góp đều hàng thángTrả góp đều, lãi tính trên dư nợ giảm dần hàng tháng",VNĐ,,,,,,,,,,,
Hyundai Santa Fe 2.2 Dầu Cao cấp 2021,1 tỉ 080 triệu,2021,Xe cũ,Trong nước,58.583 km,Hà Nội,Thanh Xuân,Số tự động,Máy dầu,VNĐ,ThángNăm,ThángNăm,"Trả góp đều hàng thángTrả góp đều, lãi tính trên dư nợ giảm dần hàng tháng",VNĐ,SUV,,,,,,,,,,
Kia K3 1.6AT 2016,355 triệu,2016,Xe cũ,Trong nước,100.000 km,Hải Phòng,An Lão,Số tự động,Máy xăng,VNĐ,ThángNăm,ThángNăm,"Trả góp đều hàng thángTrả góp đều, lãi tính trên dư nợ giảm dần hàng tháng",VNĐ,Sedan,,,,,,,,,,
Honda City 1.5 TOP CVT 2019,395 triệu,2019,Xe cũ,Trong nước,89.000 km,Hà Nội,Thanh Xuân,Số tự động,Máy xăng,VNĐ,ThángNăm,ThángNăm,"Trả góp đều hàng thángTrả góp đều, lãi tính trên dư nợ giảm dần hàng tháng",VNĐ,Sedan,,,,,,,,,,
Hyundai Tucson 2.0 Đặc biệt 2009,215 triệu,2009,Xe cũ,Nhập khẩu,156.899 km,Hà Nội,Hoàng Mai,Số tự động,Máy xăng,VNĐ,ThángNăm,ThángNăm,"Trả góp đều hàng thángTrả góp đều, lãi tính trên dư nợ giảm dần hàng tháng",VNĐ,SUV,,,,,,,,,,
Toyota Corolla Altis 2014,430 triệu,2014,Xe cũ,Trong nước,180.000 km,Hà Nội,Ba Đình,Số tự động,Máy xăng,VNĐ,ThángNăm,ThángNăm,"Trả góp đều hàng thángTrả góp đều, lãi tính trên dư nợ giảm dần hàng tháng",VNĐ,,,,,,,,,,,
Ford Ranger XLS 2.2 4x2 MT 2018,479 triệu,2018,Xe cũ,Nhập khẩu,110.000 km,Đà Nẵng,,Số tự động,Máy dầu,VNĐ,ThángNăm,ThángNăm,"Trả góp đều hàng thángTrả góp đều, lãi tính trên dư nợ giảm dần hàng tháng",VNĐ,Bán tải,,,,,,,,,,
Kia Carnival 2.2D Signature 2021,1 tỉ 099 triệu,2021,Xe cũ,Trong nước,88.000 km,Tp.HCM,Quận 7,Số tự động,Máy dầu,VNĐ,ThángNăm,ThángNăm,"Trả góp đều hàng thángTrả góp đều, lãi tính trên dư nợ giảm dần hàng tháng",VNĐ,Van/Minivan,,,,,,,,,,
Mitsubishi Xpander 1.5 MT 2021,429 triệu,2021,Xe cũ,Trong nước,27.000 km,Hà Nội,Cầu Giấy,Số sàn,Máy xăng,VNĐ,ThángNăm,ThángNăm,"Trả góp đều hàng thángTrả góp đều, lãi tính trên dư nợ giảm dần hàng tháng",VNĐ,MPV,,,,,,,,,,
Mitsubishi Outlander 2.0 CVT Premium 2023,830 triệu,2023,Xe cũ,Trong nước,01 km,Hà Nội,Thanh Xuân,Số tự động,Máy xăng,VNĐ,ThángNăm,ThángNăm,"Trả góp đều hàng thángTrả góp đều, lãi tính trên dư nợ giảm dần hàng tháng",VNĐ,SUV,,,,,,,,,,
Lexus LX 570 2018,6 tỉ 380 triệu,2018,Xe cũ,Nhập khẩu,42.000 km,Hà Nội,Bắc Từ Liêm,Số tự động,Máy xăng,VNĐ,ThángNăm,ThángNăm,"Trả góp đều hàng thángTrả góp đều, lãi tính trên dư nợ giảm dần hàng tháng",VNĐ,SUV,Model xe mớiXe có nhiều đồ chơiHỗ trợ/cam kết từ người bán,,,Model xe mớiXe có nhiều đồ chơiHỗ trợ/cam kết từ người bán,Model xe mớiXe có nhiều đồ chơiHỗ trợ/cam kết từ người bán,"Bảng này giúp bạn tính toán số tiền cần trả khi vay ngân hàng để mua xe trả gópGiá xe muốn muaVNĐSố tiền vayVNĐThời gian vaythángLãi suất năm%Tổng lãi và gốc5,154,508,330  VNĐSố tiền trả trước1,914,000,000 VNĐTrả hàng tháng143,180,787 VNĐVay mua xe trả góp","Bảng này giúp bạn tính toán số tiền cần trả khi vay ngân hàng để mua xe trả gópGiá xe muốn muaVNĐSố tiền vayVNĐThời gian vaythángLãi suất năm%Tổng lãi và gốc5,154,508,330  VNĐSố tiền trả trước1,914,000,000 VNĐTrả hàng tháng143,180,787 VNĐVay mua xe trả góp","Bảng này giúp bạn tính toán số tiền cần trả khi vay ngân hàng để mua xe trả gópGiá xe muốn muaVNĐSố tiền vayVNĐThời gian vaythángLãi suất năm%Tổng lãi và gốc5,154,508,330  VNĐSố tiền trả trước1,914,000,000 VNĐTrả hàng tháng143,180,787 VNĐVay mua xe trả góp",,
Toyota Yaris 1.5G 2022,566 triệu,2022,Xe cũ,Nhập khẩu,27.000 km,Hà Nội,Thanh Xuân,Số tự động,Máy xăng,VNĐ,ThángNăm,ThángNăm,"Trả góp đều hàng thángTrả góp đều, lãi tính trên dư nợ giảm dần hàng tháng",VNĐ,Hatchback,,,,,,,,,,
Ford Ranger XLS 2.0L 4x2 AT 2023,639 triệu,2023,Xe cũ,Trong nước,36.000 km,Tp.HCM,Tân Phú,Số tự động,Máy xăng,VNĐ,ThángNăm,ThángNăm,"Trả góp đều hàng thángTrả góp đều, lãi tính trên dư nợ giảm dần hàng tháng",VNĐ,Bán tải,,,,,,,,,,
VinFast VF5 Plus 2023,480 triệu,2023,Xe cũ,Trong nước,13.000 km,Tp.HCM,Bình Thạnh,Số tự động,Điện,VNĐ,ThángNăm,ThángNăm,"Trả góp đều hàng thángTrả góp đều, lãi tính trên dư nợ giảm dần hàng tháng",VNĐ,SUV,,,,,,,,,,
Toyota Veloz 2022,536 triệu,2022,Xe cũ,Trong nước,48.000 km,Hà Nội,Thanh Xuân,Số tự động,Máy xăng,VNĐ,ThángNăm,ThángNăm,"Trả góp đều hàng thángTrả góp đều, lãi tính trên dư nợ giảm dần hàng tháng",VNĐ,MPV,,,,,,,,,,
Mazda 6 2.0 AT 2017,450 triệu,2017,Xe cũ,Trong nước,100.000 km,Hà Nội,Cầu Giấy,Số tự động,Máy xăng,VNĐ,ThángNăm,ThángNăm,"Trả góp đều hàng thángTrả góp đều, lãi tính trên dư nợ giảm dần hàng tháng",VNĐ,Sedan,,,,,,,,,,
Hyundai Elantra Sport 1.6 2020,509 triệu,2020,Xe cũ,Trong nước,61.000 km,Hà Nội,Cầu Giấy,Số tự động,Máy xăng,VNĐ,ThángNăm,ThángNăm,"Trả góp đều hàng thángTrả góp đều, lãi tính trên dư nợ giảm dần hàng tháng",VNĐ,Sedan,,,,,,,,,,
Lexus ES 250 F-Sport 2022,2 tỉ 299 triệu,2022,Xe cũ,Nhập khẩu,41.000 km,Tp.HCM,,Số tự động,Máy xăng,VNĐ,ThángNăm,ThángNăm,"Trả góp đều hàng thángTrả góp đều, lãi tính trên dư nợ giảm dần hàng tháng",VNĐ,Sedan,,,,,,,,,,
Toyota Yaris 1.3G 2015,365 triệu,2015,Xe cũ,Nhập khẩu,170.000 km,Hà Nội,,Số tự động,Máy xăng,VNĐ,ThángNăm,ThángNăm,"Trả góp đều hàng thángTrả góp đều, lãi tính trên dư nợ giảm dần hàng tháng",VNĐ,Hatchback,,,,,,,,,,
VinFast LUX SA2.0 2022,529 triệu,2022,Xe cũ,Trong nước,40.000 km,Tp.HCM,,Số tự động,Máy xăng,VNĐ,ThángNăm,ThángNăm,"Trả góp đều hàng thángTrả góp đều, lãi tính trên dư nợ giảm dần hàng tháng",VNĐ,SUV,,,,,,,,,,
Ford Everest Titanium 2.0L AT 4WD 2021,965 triệu,2021,Xe cũ,Nhập khẩu,68.000 km,Bắc Ninh,Quế Võ,Số tự động,Máy dầu,VNĐ,ThángNăm,ThángNăm,"Trả góp đều hàng thángTrả góp đều, lãi tính trên dư nợ giảm dần hàng tháng",VNĐ,SUV,,,,,,,,,,
Toyota Vios 1.5G AT 2023,499 triệu,2023,Xe cũ,Trong nước,46.000 km,Hà Nội,Thanh Xuân,Số tự động,Máy xăng,VNĐ,ThángNăm,ThángNăm,"Trả góp đều hàng thángTrả góp đều, lãi tính trên dư nợ giảm dần hàng tháng",VNĐ,Sedan,,,,,,,,,,
Chevrolet Cruze LT 1.6 2017,255 triệu,2017,Xe cũ,Trong nước,130.000 km,Bình Dương,Thuận An,Số tự động,Máy xăng,VNĐ,ThángNăm,ThángNăm,"Trả góp đều hàng thángTrả góp đều, lãi tính trên dư nợ giảm dần hàng tháng",VNĐ,Sedan,,,,,,,,,,
Porsche Cayenne V6 3.0 2021,3 tỉ 899 triệu,2021,Xe cũ,Nhập khẩu,63.000 km,Hà Nội,Long Biên,Số tự động,Máy xăng,VNĐ,ThángNăm,ThángNăm,"Trả góp đều hàng thángTrả góp đều, lãi tính trên dư nợ giảm dần hàng tháng",VNĐ,SUV,,,,,,,,,,
Toyota Veloz Cross 1.5 CVT 2022,538 triệu,2022,Xe cũ,Trong nước,25.000 km,Hà Nội,Cầu Giấy,Số tự động,Máy xăng,VNĐ,ThángNăm,ThángNăm,"Trả góp đều hàng thángTrả góp đều, lãi tính trên dư nợ giảm dần hàng tháng",VNĐ,MPV,,,,,,,,,,
Subaru Outback 2.5i-S 2016,675 triệu,2016,Xe cũ,Nhập khẩu,80.000 km,Tp.HCM,Quận 7,Số tự động,Máy xăng,VNĐ,ThángNăm,ThángNăm,"Trả góp đều hàng thángTrả góp đều, lãi tính trên dư nợ giảm dần hàng tháng",VNĐ,Hatchback,,,,,,,,,,
Mazda 3 1.5L Sedan 2022,545 triệu,2022,Xe cũ,Trong nước,33.000 km,Hải Phòng,Ngô Quyền,Số tự động,Máy xăng,VNĐ,ThángNăm,ThángNăm,"Trả góp đều hàng thángTrả góp đều, lãi tính trên dư nợ giảm dần hàng tháng",VNĐ,Sedan,,,,,,,,,,
Mercedes-Benz GLC 250 4Matic 2016,839 triệu,2016,Xe cũ,Trong nước,60.000 km,Tp.HCM,Thủ Đức,Số tự động,Máy xăng,VNĐ,ThángNăm,ThángNăm,"Trả góp đều hàng thángTrả góp đều, lãi tính trên dư nợ giảm dần hàng tháng",VNĐ,SUV,,,,,,,,,,
BMW X3 sDrive20i 2024,1 tỉ 999 triệu,2024,Xe cũ,Nhập khẩu,16.000 km,Tp.HCM,Gò Vấp,Số tự động,Máy xăng,VNĐ,ThángNăm,ThángNăm,"Trả góp đều hàng thángTrả góp đều, lãi tính trên dư nợ giảm dần hàng tháng",VNĐ,SUV,,,,,,,,,,
Mercedes-Benz GLC 200 2021,1 tỉ 398 triệu,2021,Xe cũ,Trong nước,39.000 km,Tp.HCM,Quận 7,Số tự động,Máy xăng,VNĐ,ThángNăm,ThángNăm,"Trả góp đều hàng thángTrả góp đều, lãi tính trên dư nợ giảm dần hàng tháng",VNĐ,SUV,,,,,,,,,,
Kia Sportage 1.6 T Signature X-line AWD 2024,979 triệu,2024,Xe cũ,Trong nước,12.000 km,Hà Nội,Cầu Giấy,Số tự động,Máy xăng,VNĐ,ThángNăm,ThángNăm,"Trả góp đều hàng thángTrả góp đều, lãi tính trên dư nợ giảm dần hàng tháng",VNĐ,SUV,,,,,,,,,,
VinFast Fadil Tiêu Chuẩn 2021,298 triệu,2021,Xe cũ,Trong nước,31.000 km,Hải Phòng,Ngô Quyền,Số tự động,Máy xăng,VNĐ,ThángNăm,ThángNăm,"Trả góp đều hàng thángTrả góp đều, lãi tính trên dư nợ giảm dần hàng tháng",VNĐ,Hatchback,,,,,,,,,,
Lexus ES 350 2015,1 tỉ 050 triệu,2015,Xe cũ,Nhập khẩu,72.000 km,Hà Nội,Ba Đình,Số tự động,Máy xăng,VNĐ,ThángNăm,ThángNăm,"Trả góp đều hàng thángTrả góp đều, lãi tính trên dư nợ giảm dần hàng tháng",VNĐ,Sedan,,,,,,,,,,
Ford Fiesta S 1.6 AT 2011,199 triệu,2011,Xe cũ,Nhập khẩu,159.000 km,Bình Dương,Thuận An,Số tự động,Máy xăng,VNĐ,ThángNăm,ThángNăm,"Trả góp đều hàng thángTrả góp đều, lãi tính trên dư nợ giảm dần hàng tháng",VNĐ,Hatchback,,,,,,,,,,
Ford Ranger Wildtrak 2.0L 4x4 AT 2023,850 triệu,2023,Xe cũ,Trong nước,37.900 km,Tp.HCM,Gò Vấp,Số tự động,Máy dầu,VNĐ,ThángNăm,ThángNăm,"Trả góp đều hàng thángTrả góp đều, lãi tính trên dư nợ giảm dần hàng tháng",VNĐ,Bán tải,,,,,,,,,,
Ford Ranger Raptor 2022,950 triệu,2022,Xe cũ,Nhập khẩu,71.000 km,Lâm Đồng,,Số tự động,Máy dầu,VNĐ,ThángNăm,ThángNăm,"Trả góp đều hàng thángTrả góp đều, lãi tính trên dư nợ giảm dần hàng tháng",VNĐ,Bán tải,,,,,,,,,,
Mazda 3 Sedan 1.5L Luxury 2022,548 triệu,2022,Xe cũ,Trong nước,39.000 km,Hà Nội,Cầu Giấy,Số tự động,Máy xăng,VNĐ,ThángNăm,ThángNăm,"Trả góp đều hàng thángTrả góp đều, lãi tính trên dư nợ giảm dần hàng tháng",VNĐ,Sedan,,,,,,,,,,
Mercedes-Benz GLC 200 V1 2022,1 tỉ 679 triệu,2022,Xe cũ,Trong nước,28.000 km,Tp.HCM,Quận 7,Số tự động,Máy xăng,VNĐ,ThángNăm,ThángNăm,"Trả góp đều hàng thángTrả góp đều, lãi tính trên dư nợ giảm dần hàng tháng",VNĐ,SUV,,,,,,,,,,
Toyota Corolla Altis 1.8G MT 2009,225 triệu,2009,Xe cũ,Trong nước,250.000 km,Đà Nẵng,,Số sàn,Máy xăng,VNĐ,ThángNăm,ThángNăm,"Trả góp đều hàng thángTrả góp đều, lãi tính trên dư nợ giảm dần hàng tháng",VNĐ,Sedan,,,,,,,,,,
Hyundai i30 CW 1.6 AT 2009,230 triệu,2009,Xe cũ,Nhập khẩu,86.000 km,Hưng Yên,Khoái Châu,Số tự động,Máy xăng,VNĐ,ThángNăm,ThángNăm,"Trả góp đều hàng thángTrả góp đều, lãi tính trên dư nợ giảm dần hàng tháng",VNĐ,Hatchback,,,,,,,,,,
Jeep Wrangler Rubicon 2021,2 tỉ 499 triệu,2021,Xe cũ,Nhập khẩu,45.000 km,Tp.HCM,Quận 7,Số tự động,Máy xăng,VNĐ,ThángNăm,ThángNăm,"Trả góp đều hàng thángTrả góp đều, lãi tính trên dư nợ giảm dần hàng tháng",VNĐ,SUV,,,,,,,,,,
Hyundai Grand i10 2014,119 triệu,2014,Xe cũ,Nhập khẩu,111.000 km,Quảng Bình,Đồng Hới,Số sàn,Máy xăng,VNĐ,ThángNăm,ThángNăm,"Trả góp đều hàng thángTrả góp đều, lãi tính trên dư nợ giảm dần hàng tháng",VNĐ,Hatchback,,,,,,,,,,
Toyota RAV4 LE 2007,245 triệu,2007,Xe cũ,Nhập khẩu,120.000 km,Hà Nội,Bắc Từ Liêm,Số tự động,Máy xăng,VNĐ,ThángNăm,ThángNăm,"Trả góp đều hàng thángTrả góp đều, lãi tính trên dư nợ giảm dần hàng tháng",VNĐ,SUV,,,,,,,,,,
Lexus GX 460 2016,2 tỉ 350 triệu,2016,Xe cũ,Nhập khẩu,68.000 km,Tp.HCM,Gò Vấp,Số tự động,Máy xăng,VNĐ,ThángNăm,ThángNăm,"Trả góp đều hàng thángTrả góp đều, lãi tính trên dư nợ giảm dần hàng tháng",VNĐ,SUV,,,,,,,,,,
Lexus RX 300 T 2021,2 tỉ 850 triệu,2021,Xe cũ,Nhập khẩu,70.000 km,Hà Nội,,Số tự động,Máy xăng,VNĐ,ThángNăm,ThángNăm,"Trả góp đều hàng thángTrả góp đều, lãi tính trên dư nợ giảm dần hàng tháng",VNĐ,SUV,,,,,,,,,,
Land Rover Discovery HSE Lux 3.0 TDV6 Diesel 2015,2 tỉ 355 triệu,2015,Xe cũ,Nhập khẩu,95.000 km,Hà Nội,Ba Đình,Số tự động,Máy xăng,VNĐ,ThángNăm,ThángNăm,"Trả góp đều hàng thángTrả góp đều, lãi tính trên dư nợ giảm dần hàng tháng",VNĐ,SUV,,,,,,,,,,
Lexus LX 570 2016,4 tỉ 920 triệu,2016,Xe cũ,Nhập khẩu,93.000 km,Tp.HCM,Quận 1,Số tự động,Máy xăng,VNĐ,ThángNăm,ThángNăm,"Trả góp đều hàng thángTrả góp đều, lãi tính trên dư nợ giảm dần hàng tháng",VNĐ,,,,,,,,,,,
Volvo XC90 B6 AWD Ultimate 2023,3 tỉ 579 triệu,2023,Xe cũ,Nhập khẩu,6.000 km,Hà Nội,Long Biên,Số tự động,Hybrid,VNĐ,ThángNăm,ThángNăm,"Trả góp đều hàng thángTrả góp đều, lãi tính trên dư nợ giảm dần hàng tháng",VNĐ,SUV,,,,,,,,,,
Kia Seltos 1.4 Premium 2021,568 triệu,2021,Xe cũ,Trong nước,51.000 km,Hà Nội,,Số tự động,Máy xăng,VNĐ,ThángNăm,ThángNăm,"Trả góp đều hàng thángTrả góp đều, lãi tính trên dư nợ giảm dần hàng tháng",VNĐ,SUV,,,,,,,,,,
Hyundai Grand i10 2014,145 triệu,2014,Xe cũ,Trong nước,131.955 km,Hải Phòng,An Lão,Số sàn,Máy xăng,VNĐ,ThángNăm,ThángNăm,"Trả góp đều hàng thángTrả góp đều, lãi tính trên dư nợ giảm dần hàng tháng",VNĐ,Hatchback,,,,,,,,,,
Mercedes-Benz GLC 200 4Matic 2020,1 tỉ 215 triệu,2020,Xe cũ,Trong nước,56.000 km,Hà Nội,Cầu Giấy,Số tự động,Máy xăng,VNĐ,ThángNăm,ThángNăm,"Trả góp đều hàng thángTrả góp đều, lãi tính trên dư nợ giảm dần hàng tháng",VNĐ,SUV,,,,,,,,,,
Mercedes-Benz GLC 300 4Matic 2024,2 tỉ 539 triệu,2024,Xe cũ,Trong nước,4.999 km,Tp.HCM,Bình Tân,Số tự động,Máy xăng,VNĐ,ThángNăm,ThángNăm,"Trả góp đều hàng thángTrả góp đều, lãi tính trên dư nợ giảm dần hàng tháng",VNĐ,SUV,,,,,,,,,,
Ford Focus 1.5L EcoBoost Trend Hatchback 2018,379 triệu,2018,Xe cũ,Trong nước,80.000 km,Hà Nội,Tây Hồ,Số tự động,Máy xăng,VNĐ,ThángNăm,ThángNăm,"Trả góp đều hàng thángTrả góp đều, lãi tính trên dư nợ giảm dần hàng tháng",VNĐ,Sedan,,,,,,,,,,
Mercedes-Benz S450 4Matic 2022,3 tỉ 698 triệu,2022,Xe cũ,Trong nước,35.000 km,Tp.HCM,Quận 7,Số tự động,Máy xăng,VNĐ,ThángNăm,ThángNăm,"Trả góp đều hàng thángTrả góp đều, lãi tính trên dư nợ giảm dần hàng tháng",VNĐ,,,,,,,,,,,
Mazda 3 Sedan 1.5L Deluxe 2024,555 triệu,2024,Xe cũ,Trong nước,24.000 km,Tp.HCM,Quận 10,Số tự động,Máy xăng,VNĐ,ThángNăm,ThángNăm,"Trả góp đều hàng thángTrả góp đều, lãi tính trên dư nợ giảm dần hàng tháng",VNĐ,Sedan,,,,,,,,,,
Mercedes-Benz C200 2014,580 triệu,2014,Xe cũ,Trong nước,76.000 km,Bình Dương,Thuận An,Số tự động,Máy xăng,VNĐ,ThángNăm,ThángNăm,"Trả góp đều hàng thángTrả góp đều, lãi tính trên dư nợ giảm dần hàng tháng",VNĐ,Sedan,,,,,,,,,,
Lexus LX 600 VIP 2024,9 tỉ 650 triệu,2024,Xe cũ,Nhập khẩu,5.800 km,Hà Nội,Bắc Từ Liêm,Số tự động,Máy xăng,VNĐ,ThángNăm,ThángNăm,"Trả góp đều hàng thángTrả góp đều, lãi tính trên dư nợ giảm dần hàng tháng",VNĐ,SUV,,,,,,,,,,
Mazda CX-5 2.5 2017,525 triệu,2017,Xe cũ,Nhập khẩu,12.000 km,Hà Nội,,Số tự động,Máy xăng,VNĐ,ThángNăm,ThángNăm,"Trả góp đều hàng thángTrả góp đều, lãi tính trên dư nợ giảm dần hàng tháng",VNĐ,SUV,,,,,,,,,,
Hyundai Elantra   2.0 AT 2019,445 triệu,2019,Xe cũ,Trong nước,70.000 km,Hà Nội,Thanh Xuân,Số tự động,Máy xăng,VNĐ,ThángNăm,ThángNăm,"Trả góp đều hàng thángTrả góp đều, lãi tính trên dư nợ giảm dần hàng tháng",VNĐ,Sedan,,,,,,,,,,
Kia Morning Si 1.25 MT 2015,160 triệu,2015,Xe cũ,Nhập khẩu,54.000 km,Long An,Cần Giuộc,Số sàn,Máy xăng,VNĐ,ThángNăm,ThángNăm,"Trả góp đều hàng thángTrả góp đều, lãi tính trên dư nợ giảm dần hàng tháng",VNĐ,Hatchback,,,,,,,,,,
BMW 520i M Sport 2022,1 tỉ 778 triệu,2022,Xe cũ,Trong nước,32.000 km,Tp.HCM,Quận 7,Số tự động,Máy xăng,VNĐ,ThángNăm,ThángNăm,"Trả góp đều hàng thángTrả góp đều, lãi tính trên dư nợ giảm dần hàng tháng",VNĐ,,,,,,,,,,,
Kia Ray 2012,430 triệu,2012,Xe cũ,Nhập khẩu,63.000 km,Bình Dương,Thuận An,Số tự động,Máy xăng,VNĐ,ThángNăm,ThángNăm,"Trả góp đều hàng thángTrả góp đều, lãi tính trên dư nợ giảm dần hàng tháng",VNĐ,MPV,,,,,,,,,,
Mercedes-Benz AMG G63 2019,7 tỉ 500 triệu,2019,Xe cũ,Nhập khẩu,58.000 km,Hà Nội,Cầu Giấy,Số tự động,Máy xăng,VNĐ,ThángNăm,ThángNăm,"Trả góp đều hàng thángTrả góp đều, lãi tính trên dư nợ giảm dần hàng tháng",VNĐ,SUV,,,,,,,,,,
Mitsubishi Outlander 2.0 CVT 2021,670 triệu,2021,Xe cũ,Trong nước,40.000 km,Thái Bình,Thái Bình,Số tự động,Máy xăng,VNĐ,ThángNăm,ThángNăm,"Trả góp đều hàng thángTrả góp đều, lãi tính trên dư nợ giảm dần hàng tháng",VNĐ,SUV,,,,,,,,,,
Mercedes-Benz S450 4Matic Luxury 2017,1 tỉ 890 triệu,2017,Xe cũ,Nhập khẩu,60.000 km,Hà Nội,Hoàng Mai,Số tự động,Máy xăng,VNĐ,ThángNăm,ThángNăm,"Trả góp đều hàng thángTrả góp đều, lãi tính trên dư nợ giảm dần hàng tháng",VNĐ,Sedan,,,,,,,,,,
Toyota Vios 1.5E MT 2016,255 triệu,2016,Xe cũ,Trong nước,88.000 km,Bình Dương,Thuận An,Số sàn,Máy xăng,VNĐ,ThángNăm,ThángNăm,"Trả góp đều hàng thángTrả góp đều, lãi tính trên dư nợ giảm dần hàng tháng",VNĐ,Sedan,,,,,,,,,,
Nissan Almera CVT Cao cấp 2021,420 triệu,2021,Xe cũ,Nhập khẩu,70.900 km,Hải Phòng,Đồ Sơn,Số tự động,Máy xăng,VNĐ,ThángNăm,ThángNăm,"Trả góp đều hàng thángTrả góp đều, lãi tính trên dư nợ giảm dần hàng tháng",VNĐ,Sedan,,,,,,,,,,
Ford Escape XLT 2.3 AT 4x4 2012,323 triệu,2012,Xe cũ,Nhập khẩu,125.000 km,Tp.HCM,Gò Vấp,Số tự động,Máy xăng,VNĐ,ThángNăm,ThángNăm,"Trả góp đều hàng thángTrả góp đều, lãi tính trên dư nợ giảm dần hàng tháng",VNĐ,SUV,,,,,,,,,,
Hyundai Grand i10 2014,119 triệu,2014,Xe cũ,Nhập khẩu,110.000 km,Hà Tĩnh,Hà Tĩnh,Số sàn,Máy xăng,VNĐ,ThángNăm,ThángNăm,"Trả góp đều hàng thángTrả góp đều, lãi tính trên dư nợ giảm dần hàng tháng",VNĐ,Hatchback,,,,,,,,,,
Mercedes-Benz GLC 300 4Matic 2018,1 tỉ 080 triệu,2018,Xe cũ,Trong nước,,Hà Nội,Cầu Giấy,Số tự động,Máy xăng,VNĐ,ThángNăm,ThángNăm,"Trả góp đều hàng thángTrả góp đều, lãi tính trên dư nợ giảm dần hàng tháng",VNĐ,SUV,,,,,,,,,,
Ford Ranger 2016,455 triệu,2016,Xe cũ,Nhập khẩu,121.000 km,Bình Phước,Đồng Phú,Số sàn,Máy dầu,VNĐ,ThángNăm,ThángNăm,"Trả góp đều hàng thángTrả góp đều, lãi tính trên dư nợ giảm dần hàng tháng",VNĐ,Bán tải,,,,,,,,,,
Ford Escape XLT 2.3 AT 4x4 2004,145 triệu,2004,Xe cũ,Trong nước,190.000 km,Hà Nội,Bắc Từ Liêm,Số tự động,Máy xăng,VNĐ,ThángNăm,ThángNăm,"Trả góp đều hàng thángTrả góp đều, lãi tính trên dư nợ giảm dần hàng tháng",VNĐ,SUV,,,,,,,,,,
Honda CR-V 1.5 G 2020,760 triệu,2020,Xe cũ,Trong nước,65.000 km,Hà Nội,Hoàng Mai,Số tự động,Máy xăng,VNĐ,ThángNăm,ThángNăm,"Trả góp đều hàng thángTrả góp đều, lãi tính trên dư nợ giảm dần hàng tháng",VNĐ,SUV,,,,,,,,,,
Mazda 3 1.6 AT 2017,408 triệu,2017,Xe cũ,Trong nước,80.000 km,Bình Dương,Dĩ An,Số tự động,Máy xăng,VNĐ,ThángNăm,ThángNăm,"Trả góp đều hàng thángTrả góp đều, lãi tính trên dư nợ giảm dần hàng tháng",VNĐ,Sedan,,,,,,,,,,
MG 5 LUX 2023,485 triệu,2023,Xe cũ,Nhập khẩu,8.000 km,Bến Tre,,Số tự động,Máy xăng,VNĐ,ThángNăm,ThángNăm,"Trả góp đều hàng thángTrả góp đều, lãi tính trên dư nợ giảm dần hàng tháng",VNĐ,SUV,,,,,,,,,,
Hyundai Santa Fe 2.2 Dầu Cao cấp 2022,1 tỉ 168 triệu,2022,Xe cũ,Trong nước,60.000 km,Hà Nội,Cầu Giấy,Số tự động,Máy xăng,VNĐ,ThángNăm,ThángNăm,"Trả góp đều hàng thángTrả góp đều, lãi tính trên dư nợ giảm dần hàng tháng",VNĐ,SUV,,,,,,,,,,
Mercedes-Benz Maybach GLS 450 2019,3 tỉ 888 triệu,2019,Xe cũ,Trong nước,70.000 km,Tp.HCM,Quận 7,Số tự động,Máy xăng,VNĐ,ThángNăm,ThángNăm,"Trả góp đều hàng thángTrả góp đều, lãi tính trên dư nợ giảm dần hàng tháng",VNĐ,,,,,,,,,,,
Mazda 3 Sedan 1.5L Luxury 2024,609 triệu,2024,Xe cũ,Trong nước,10.000 km,Tp.HCM,Quận 2,Số tự động,Máy xăng,VNĐ,ThángNăm,ThángNăm,"Trả góp đều hàng thángTrả góp đều, lãi tính trên dư nợ giảm dần hàng tháng",VNĐ,Sedan,,,,,,,,,,
Lexus GX 460 2021,4 tỉ 879 triệu,2021,Xe cũ,Nhập khẩu,18.000 km,Tp.HCM,Gò Vấp,Số tự động,Máy xăng,VNĐ,ThángNăm,ThángNăm,"Trả góp đều hàng thángTrả góp đều, lãi tính trên dư nợ giảm dần hàng tháng",VNĐ,SUV,,,,,,,,,,
Honda City 1.5 L 2022,445 triệu,2022,Xe cũ,Trong nước,70.000 km,Hải Phòng,Kiến An,Số tự động,Máy xăng,VNĐ,ThángNăm,ThángNăm,"Trả góp đều hàng thángTrả góp đều, lãi tính trên dư nợ giảm dần hàng tháng",VNĐ,Sedan,,,,,,,,,,
Ford Ranger XLS 2.2 4x2 AT 2017,430 triệu,2017,Xe cũ,Trong nước,100.000 km,Hà Nội,Thanh Xuân,Số tự động,Máy dầu,VNĐ,ThángNăm,ThángNăm,"Trả góp đều hàng thángTrả góp đều, lãi tính trên dư nợ giảm dần hàng tháng",VNĐ,Bán tải,,,,,,,,,,
Chevrolet Cruze LTZ 1.8 2016,240 triệu,2016,Xe cũ,Trong nước,100 km,Đắk Lắk,,Số tự động,Máy xăng,VNĐ,ThángNăm,ThángNăm,"Trả góp đều hàng thángTrả góp đều, lãi tính trên dư nợ giảm dần hàng tháng",VNĐ,Sedan,,,,,,,,,,
Kia Morning SLX 1.0 AT 2009,133 triệu,2009,Xe cũ,Nhập khẩu,16.000 km,Hà Nội,,Số tự động,Máy xăng,VNĐ,ThángNăm,ThángNăm,"Trả góp đều hàng thángTrả góp đều, lãi tính trên dư nợ giảm dần hàng tháng",VNĐ,Hatchback,,,,,,,,,,
Ford Ranger Wildtrak 2.0L 4x4 AT 2017,580 triệu,2017,Xe cũ,Trong nước,75.000 km,Vĩnh Phúc,Vĩnh Yên,Số tự động,Máy xăng,VNĐ,ThángNăm,ThángNăm,"Trả góp đều hàng thángTrả góp đều, lãi tính trên dư nợ giảm dần hàng tháng",VNĐ,,,,,,,,,,,
BMW X5 xDrive 40i xLine Plus 2021,3 tỉ 099 triệu,2021,Xe cũ,Nhập khẩu,28.888 km,Tp.HCM,Quận 7,Số tự động,Máy xăng,VNĐ,ThángNăm,ThángNăm,"Trả góp đều hàng thángTrả góp đều, lãi tính trên dư nợ giảm dần hàng tháng",VNĐ,SUV,,,,,,,,,,
Mercedes-Benz C200 Exclusive 2020,990 triệu,2020,Xe cũ,Nhập khẩu,40.000 km,Hà Nội,Tây Hồ,Số tự động,Máy xăng,VNĐ,ThángNăm,ThángNăm,"Trả góp đều hàng thángTrả góp đều, lãi tính trên dư nợ giảm dần hàng tháng",VNĐ,Sedan,,,,,,,,,,
Lexus LX 600 Urban 2023,8 tỉ 680 triệu,2023,Xe cũ,Nhập khẩu,8.950 km,Hà Nội,Bắc Từ Liêm,Số tự động,Máy xăng,VNĐ,ThángNăm,ThángNăm,"Trả góp đều hàng thángTrả góp đều, lãi tính trên dư nợ giảm dần hàng tháng",VNĐ,SUV,,,,,,,,,,
BMW X5 xDrive40i Msport 2022,3 tỉ 089 triệu,2022,Xe cũ,Nhập khẩu,10.500 km,Tp.HCM,Quận 7,Số tự động,Máy xăng,VNĐ,ThángNăm,ThángNăm,"Trả góp đều hàng thángTrả góp đều, lãi tính trên dư nợ giảm dần hàng tháng",VNĐ,SUV,,,,,,,,,,
Mercedes-Benz C200 Avantgarde Plus 2022,1 tỉ 399 triệu,2022,Xe cũ,Trong nước,10.000 km,Hà Nội,Cầu Giấy,Số tự động,Máy xăng,VNĐ,ThángNăm,ThángNăm,"Trả góp đều hàng thángTrả góp đều, lãi tính trên dư nợ giảm dần hàng tháng",VNĐ,Sedan,,,,,,,,,,
Kia K3 1.6MT 2015,338 triệu,2015,Xe cũ,Trong nước,140.000 km,Hải Phòng,An Lão,Số sàn,Máy xăng,VNĐ,ThángNăm,ThángNăm,"Trả góp đều hàng thángTrả góp đều, lãi tính trên dư nợ giảm dần hàng tháng",VNĐ,Sedan,,,,,,,,,,
Kia Carens EX 2.0 MT 2009,179 triệu,2009,Xe cũ,Trong nước,70.000 km,Tp.HCM,Bình Thạnh,Số sàn,Máy xăng,VNĐ,ThángNăm,ThángNăm,"Trả góp đều hàng thángTrả góp đều, lãi tính trên dư nợ giảm dần hàng tháng",VNĐ,Crossover,,,,,,,,,,
Mercedes-Benz GLB 200 AMG 2021,1 tỉ 369 triệu,2021,Xe cũ,Nhập khẩu,55.000 km,Tp.HCM,Quận 7,Số tự động,Máy xăng,VNĐ,ThángNăm,ThángNăm,"Trả góp đều hàng thángTrả góp đều, lãi tính trên dư nợ giảm dần hàng tháng",VNĐ,SUV,,,,,,,,,,
Toyota Vios 1.5 G CVT 2022,445 triệu,2022,Xe cũ,Trong nước,61.000 km,Quảng Ninh,Ba Chẽ,Số tự động,Máy xăng,VNĐ,ThángNăm,ThángNăm,"Trả góp đều hàng thángTrả góp đều, lãi tính trên dư nợ giảm dần hàng tháng",VNĐ,Sedan,,,,,,,,,,
Hyundai Tucson 1.6 Turbo HTRAC 2024,919 triệu,2024,Xe cũ,Trong nước,32.000 km,Long An,Tân An,Số tự động,Máy xăng,VNĐ,ThángNăm,ThángNăm,"Trả góp đều hàng thángTrả góp đều, lãi tính trên dư nợ giảm dần hàng tháng",VNĐ,SUV,,,,,,,,,,
Hyundai Grand i10 Hatchback 1.2 AT 2019,308 triệu,2019,Xe cũ,Trong nước,50.000 km,Hà Nội,,Số tự động,Máy xăng,VNĐ,ThángNăm,ThángNăm,"Trả góp đều hàng thángTrả góp đều, lãi tính trên dư nợ giảm dần hàng tháng",VNĐ,Hatchback,,,,,,,,,,
Ford Ranger Wildtrak 2.2 4x2 AT 2014,340 triệu,2014,Xe cũ,Trong nước,140.000 km,Hải Phòng,Đồ Sơn,Số tự động,Máy dầu,VNĐ,ThángNăm,ThángNăm,"Trả góp đều hàng thángTrả góp đều, lãi tính trên dư nợ giảm dần hàng tháng",VNĐ,Bán tải,,,,,,,,,,
MG ZS 1.5 2WD LUX+ 2024,499 triệu,2024,Xe cũ,Nhập khẩu,19.000 km,Tp.HCM,Bình Tân,Số tự động,Máy xăng,VNĐ,ThángNăm,ThángNăm,"Trả góp đều hàng thángTrả góp đều, lãi tính trên dư nợ giảm dần hàng tháng",VNĐ,SUV,,,,,,,,,,
Honda HR-V L 2022,670 triệu,2022,Xe cũ,Nhập khẩu,50.000 km,Hà Nội,,Số tự động,Máy xăng,VNĐ,ThángNăm,ThángNăm,"Trả góp đều hàng thángTrả góp đều, lãi tính trên dư nợ giảm dần hàng tháng",VNĐ,SUV,,,,,,,,,,
Kia Morning S 1.25 AT 2018,295 triệu,2018,Xe cũ,Trong nước,68.000 km,Hà Nội,Cầu Giấy,Số tự động,Máy xăng,VNĐ,ThángNăm,ThángNăm,"Trả góp đều hàng thángTrả góp đều, lãi tính trên dư nợ giảm dần hàng tháng",VNĐ,Hatchback,,,,,,,,,,
Kia Seltos 1.4 Premium 2023,660 triệu,2023,Xe cũ,Trong nước,32.000 km,Hải Phòng,Kiến An,Số tự động,Máy xăng,VNĐ,ThángNăm,ThángNăm,"Trả góp đều hàng thángTrả góp đều, lãi tính trên dư nợ giảm dần hàng tháng",VNĐ,SUV,,,,,,,,,,
Mercedes-Benz GLC 200 4Matic 2023,1 tỉ 939 triệu,2023,Xe cũ,Trong nước,17.000 km,Hà Nội,Long Biên,Số tự động,Máy xăng,VNĐ,ThángNăm,ThángNăm,"Trả góp đều hàng thángTrả góp đều, lãi tính trên dư nợ giảm dần hàng tháng",VNĐ,SUV,,,,,,,,,,
Ford Ranger XLS 2.2 4x2 AT 2020,510 triệu,2020,Xe cũ,Nhập khẩu,60.000 km,Tp.HCM,Tân Phú,Số tự động,Máy dầu,VNĐ,ThángNăm,ThángNăm,"Trả góp đều hàng thángTrả góp đều, lãi tính trên dư nợ giảm dần hàng tháng",VNĐ,Bán tải,,,,,,,,,,
Ford Escape XLT 2.3 AT 4x4 2009,220 triệu,2009,Xe cũ,Trong nước,40.000 km,Hải Phòng,,Số tự động,Máy xăng,VNĐ,ThángNăm,ThángNăm,"Trả góp đều hàng thángTrả góp đều, lãi tính trên dư nợ giảm dần hàng tháng",VNĐ,SUV,,,,,,,,,,
Mercedes-Benz C200 Exclusive 2019,820 triệu,2019,Xe cũ,Trong nước,45.000 km,Tp.HCM,Quận 7,Số tự động,Máy xăng,VNĐ,ThángNăm,ThángNăm,"Trả góp đều hàng thángTrả góp đều, lãi tính trên dư nợ giảm dần hàng tháng",VNĐ,Sedan,,,,,,,,,,
Hyundai Custin 2.0T-GDi Cao cấp 2024,919 triệu,2024,Xe cũ,Trong nước,19.000 km,Long An,Tân An,Số tự động,Máy xăng,VNĐ,ThángNăm,ThángNăm,"Trả góp đều hàng thángTrả góp đều, lãi tính trên dư nợ giảm dần hàng tháng",VNĐ,MPV,,,,,,,,,,
VinFast Fadil Nâng Cao 2020,300 triệu,2020,Xe cũ,Trong nước,60.000 km,Hà Nội,Đông Anh,Số tự động,Máy xăng,VNĐ,ThángNăm,ThángNăm,"Trả góp đều hàng thángTrả góp đều, lãi tính trên dư nợ giảm dần hàng tháng",VNĐ,Hatchback,,,,,,,,,,
Mercedes-Benz V250 AMG 2020,1 tỉ 550 triệu,2020,Xe cũ,Nhập khẩu,82.000 km,Tp.HCM,Quận 7,Số tự động,Máy xăng,VNĐ,ThángNăm,ThángNăm,"Trả góp đều hàng thángTrả góp đều, lãi tính trên dư nợ giảm dần hàng tháng",VNĐ,Van/Minivan,,,,,,,,,,
Maserati Ghibli GrandSport 2018,2 tỉ 333 triệu,2018,Xe cũ,Nhập khẩu,20.000 km,Hà Nội,Cầu Giấy,Số tự động,Máy xăng,VNĐ,ThángNăm,ThángNăm,"Trả góp đều hàng thángTrả góp đều, lãi tính trên dư nợ giảm dần hàng tháng",VNĐ,Sedan,,,,,,,,,,
Lexus ES 250 2021,2 tỉ 250 triệu,2021,Xe cũ,Nhập khẩu,32.000 km,Tp.HCM,Quận 1,Số tự động,Máy xăng,VNĐ,ThángNăm,ThángNăm,"Trả góp đều hàng thángTrả góp đều, lãi tính trên dư nợ giảm dần hàng tháng",VNĐ,,,,,,,,,,,
Mercedes-Benz E250 2023,870 triệu,2023,Xe cũ,Nhập khẩu,45.000 km,Hà Nội,Nam Từ Liêm,Số tự động,Máy xăng,VNĐ,ThángNăm,ThángNăm,"Trả góp đều hàng thángTrả góp đều, lãi tính trên dư nợ giảm dần hàng tháng",VNĐ,Sedan,,,,,,,,,,
Lexus ES 250 2021,2 tỉ 150 triệu,2021,Xe cũ,Nhập khẩu,56.000 km,Hà Nội,Ba Đình,Số tự động,Máy xăng,VNĐ,ThángNăm,ThángNăm,"Trả góp đều hàng thángTrả góp đều, lãi tính trên dư nợ giảm dần hàng tháng",VNĐ,Sedan,,,,,,,,,,
Toyota Land Cruiser VX 4.6 V8 2013,1 tỉ 790 triệu,2013,Xe cũ,Nhập khẩu,130.000 km,Hà Nội,Đống Đa,Số tự động,Máy xăng,VNĐ,ThángNăm,ThángNăm,"Trả góp đều hàng thángTrả góp đều, lãi tính trên dư nợ giảm dần hàng tháng",VNĐ,SUV,,,,,,,,,,
Ford Everest Titanium 2.0 AT 4x2 2021,915 triệu,2021,Xe cũ,Nhập khẩu,56.000 km,Tp.HCM,Thủ Đức,Số tự động,Máy dầu,VNĐ,ThángNăm,ThángNăm,"Trả góp đều hàng thángTrả góp đều, lãi tính trên dư nợ giảm dần hàng tháng",VNĐ,SUV,,,,,,,,,,
Mazda 2 1.5AT 2020,415 triệu,2020,Xe cũ,Trong nước,51.000 km,Hà Nội,Thanh Xuân,Số tự động,Máy xăng,VNĐ,ThángNăm,ThángNăm,"Trả góp đều hàng thángTrả góp đều, lãi tính trên dư nợ giảm dần hàng tháng",VNĐ,Sedan,,,,,,,,,,
Peugeot 2008 GT Line 2022,675 triệu,2022,Xe cũ,Trong nước,18.000 km,Tp.HCM,Quận 2,Số tự động,Máy xăng,VNĐ,ThángNăm,ThángNăm,"Trả góp đều hàng thángTrả góp đều, lãi tính trên dư nợ giảm dần hàng tháng",VNĐ,Crossover,,,,,,,,,,
Hyundai Tucson đặc biệt 2019,620 triệu,2019,Xe cũ,Trong nước,51.000 km,Hà Nội,Nam Từ Liêm,Số tự động,Máy xăng,VNĐ,ThángNăm,ThángNăm,"Trả góp đều hàng thángTrả góp đều, lãi tính trên dư nợ giảm dần hàng tháng",VNĐ,SUV,,,,,,,,,,
Mercedes-Benz C200 2.0 AT 2016,585 triệu,2016,Xe cũ,Nhập khẩu,70.000 km,Hải Phòng,Kiến An,Số tự động,Máy xăng,VNĐ,ThángNăm,ThángNăm,"Trả góp đều hàng thángTrả góp đều, lãi tính trên dư nợ giảm dần hàng tháng",VNĐ,Sedan,,,,,,,,,,
Kia Morning 1.25 MT 2019,188 triệu,2019,Xe cũ,Trong nước,85.000 km,Bình Dương,Dĩ An,Số sàn,Máy xăng,VNĐ,ThángNăm,ThángNăm,"Trả góp đều hàng thángTrả góp đều, lãi tính trên dư nợ giảm dần hàng tháng",VNĐ,Hatchback,,,,,,,,,,
MG HS 1.5T Lux 2024,619 triệu,2024,Xe cũ,Trong nước,19.000 km,Tp.HCM,Bình Tân,Số tự động,Máy xăng,VNĐ,ThángNăm,ThángNăm,"Trả góp đều hàng thángTrả góp đều, lãi tính trên dư nợ giảm dần hàng tháng",VNĐ,SUV,,,,,,,,,,
Lexus LM 350 2022,5 tỉ 890 triệu,2022,Xe cũ,Nhập khẩu,45.000 km,Hà Nội,Bắc Từ Liêm,Số tự động,Máy xăng,VNĐ,ThángNăm,ThángNăm,"Trả góp đều hàng thángTrả góp đều, lãi tính trên dư nợ giảm dần hàng tháng",VNĐ,MPV,,,,,,,,,,
Mazda 3 2.0L Sedan 2017,396 triệu,2017,Xe cũ,Trong nước,60.000 km,Hà Nội,Nam Từ Liêm,Số tự động,Máy xăng,VNĐ,ThángNăm,ThángNăm,"Trả góp đều hàng thángTrả góp đều, lãi tính trên dư nợ giảm dần hàng tháng",VNĐ,Sedan,,,,,,,,,,
Nissan Navara EL Premium R 2018,425 triệu,2018,Xe cũ,Nhập khẩu,86.000 km,Hà Nội,Thanh Xuân,Số tự động,Máy dầu,VNĐ,ThángNăm,ThángNăm,"Trả góp đều hàng thángTrả góp đều, lãi tính trên dư nợ giảm dần hàng tháng",VNĐ,Bán tải,,,,,,,,,,
Lexus GX 460 2015,2 tỉ 390 triệu,2015,Xe cũ,Nhập khẩu,82.000 km,Hà Nội,Ba Đình,Số tự động,Máy xăng,VNĐ,ThángNăm,ThángNăm,"Trả góp đều hàng thángTrả góp đều, lãi tính trên dư nợ giảm dần hàng tháng",VNĐ,SUV,,,,,,,,,,
BYD Seal Performance 2024,999 triệu,2024,Xe cũ,Nhập khẩu,3.000 km,Tp.HCM,Quận 7,Số tự động,Điện,VNĐ,ThángNăm,ThángNăm,"Trả góp đều hàng thángTrả góp đều, lãi tính trên dư nợ giảm dần hàng tháng",VNĐ,Sedan,,,,,,,,,,
Hyundai Tucson 2.0 Tiêu chuẩn 2019,595 triệu,2019,Xe cũ,Trong nước,60.000 km,Hà Nội,Cầu Giấy,Số tự động,Máy xăng,VNĐ,ThángNăm,ThángNăm,"Trả góp đều hàng thángTrả góp đều, lãi tính trên dư nợ giảm dần hàng tháng",VNĐ,SUV,,,,,,,,,,
Porsche Cayenne  2018,2 tỉ 899 triệu,2018,Xe cũ,Nhập khẩu,81.000 km,Tp.HCM,Quận 7,Số tự động,Máy xăng,VNĐ,ThángNăm,ThángNăm,"Trả góp đều hàng thángTrả góp đều, lãi tính trên dư nợ giảm dần hàng tháng",VNĐ,SUV,,,,,,,,,,
Hyundai Grand Starex 2.4 MT 2010,270 triệu,2010,Xe cũ,Nhập khẩu,290.000 km,Bà Rịa Vũng Tàu,,Số sàn,Máy xăng,VNĐ,ThángNăm,ThángNăm,"Trả góp đều hàng thángTrả góp đều, lãi tính trên dư nợ giảm dần hàng tháng",VNĐ,Van/Minivan,,,,,,,,,,
VinFast Fadil Tiêu Chuẩn 2021,300 triệu,2021,Xe cũ,Trong nước,60.000 km,Hải Phòng,Kiến An,Số tự động,Máy xăng,VNĐ,ThángNăm,ThángNăm,"Trả góp đều hàng thángTrả góp đều, lãi tính trên dư nợ giảm dần hàng tháng",VNĐ,,,,,,,,,,,
Mercedes-Benz GLC 300 4Matic 2019,1 tỉ 099 triệu,2019,Xe cũ,Nhập khẩu,83.000 km,Tp.HCM,Quận 7,Số tự động,Máy xăng,VNĐ,ThángNăm,ThángNăm,"Trả góp đều hàng thángTrả góp đều, lãi tính trên dư nợ giảm dần hàng tháng",VNĐ,SUV,,,,,,,,,,
Mini Cooper S 3 cửa 2018,1 tỉ 199 triệu,2018,Xe cũ,Nhập khẩu,26.000 km,Tp.HCM,Quận 7,Số tự động,Máy xăng,VNĐ,ThángNăm,ThángNăm,"Trả góp đều hàng thángTrả góp đều, lãi tính trên dư nợ giảm dần hàng tháng",VNĐ,Hatchback,,,,,,,,,,
Mercedes-Benz S450 4Matic Luxury 2019,2 tỉ 478 triệu,2019,Xe cũ,Trong nước,61.000 km,Tp.HCM,Bình Tân,Số tự động,Máy xăng,VNĐ,ThángNăm,ThángNăm,"Trả góp đều hàng thángTrả góp đều, lãi tính trên dư nợ giảm dần hàng tháng",VNĐ,Sedan,,,,,,,,,,
Kia Seltos 1.4T Premium 2023,650 triệu,2023,Xe cũ,Trong nước,24.000 km,Hà Nội,,Số tự động,Máy xăng,VNĐ,ThángNăm,ThángNăm,"Trả góp đều hàng thángTrả góp đều, lãi tính trên dư nợ giảm dần hàng tháng",VNĐ,SUV,,,,,,,,,,
BMW X6 xDrive30i Msport 2008,395 triệu,2008,Xe cũ,Nhập khẩu,110.000 km,Lâm Đồng,Bảo Lộc,Số tự động,Máy xăng,VNĐ,ThángNăm,ThángNăm,"Trả góp đều hàng thángTrả góp đều, lãi tính trên dư nợ giảm dần hàng tháng",VNĐ,SUV,,,,,,,,,,
Volvo S90 Ultimate AWD 2020,1 tỉ 439 triệu,2020,Xe cũ,Nhập khẩu,21.000 km,Tp.HCM,Quận 7,Số tự động,Máy xăng,VNĐ,ThángNăm,ThángNăm,"Trả góp đều hàng thángTrả góp đều, lãi tính trên dư nợ giảm dần hàng tháng",VNĐ,Sedan,,,,,,,,,,
Hyundai Tucson 1.6 Turbo HTRAC 2018,616 triệu,2018,Xe cũ,Trong nước,62.000 km,Hà Nội,Cầu Giấy,Số tự động,Máy xăng,VNĐ,ThángNăm,ThángNăm,"Trả góp đều hàng thángTrả góp đều, lãi tính trên dư nợ giảm dần hàng tháng",VNĐ,SUV,,,,,,,,,,
Mercedes-Benz C300 AMG 2022,1 tỉ 650 triệu,2022,Xe cũ,Trong nước,9.000 km,Hà Nội,,Số tự động,Máy xăng,VNĐ,ThángNăm,ThángNăm,"Trả góp đều hàng thángTrả góp đều, lãi tính trên dư nợ giảm dần hàng tháng",VNĐ,Sedan,,,,,,,,,,
Hyundai Tucson 1.6 Turbo HTRAC 2018,590 triệu,2018,Xe cũ,Trong nước,86.000 km,Đồng Nai,Biên Hòa,Số tự động,Máy xăng,VNĐ,ThángNăm,ThángNăm,"Trả góp đều hàng thángTrả góp đều, lãi tính trên dư nợ giảm dần hàng tháng",VNĐ,SUV,,,,,,,,,,
Mitsubishi Outlander 2.0 CVT 2022,688 triệu,2022,Xe cũ,Trong nước,39.000 km,Tp.HCM,,Số tự động,Máy xăng,VNĐ,ThángNăm,ThángNăm,"Trả góp đều hàng thángTrả góp đều, lãi tính trên dư nợ giảm dần hàng tháng",VNĐ,SUV,,,,,,,,,,
Suzuki Vitara 2.0L AT 4X4 2003,135 triệu,2003,Xe cũ,Nhập khẩu,178.000 km,Hà Nội,Bắc Từ Liêm,Số tự động,Máy xăng,VNĐ,ThángNăm,ThángNăm,"Trả góp đều hàng thángTrả góp đều, lãi tính trên dư nợ giảm dần hàng tháng",VNĐ,SUV,,,,,,,,,,
Volkswagen Polo 2017,310 triệu,2017,Xe cũ,Nhập khẩu,60.000 km,Vĩnh Phúc,Vĩnh Yên,Số tự động,Máy xăng,VNĐ,ThángNăm,ThángNăm,"Trả góp đều hàng thángTrả góp đều, lãi tính trên dư nợ giảm dần hàng tháng",VNĐ,,,,,,,,,,,
Hyundai Accent 1.4 AT Tiêu chuẩn 2024,459 triệu,2024,Xe cũ,Trong nước,20.000 km,Hà Nội,Cầu Giấy,Số tự động,Máy xăng,VNĐ,ThángNăm,ThángNăm,"Trả góp đều hàng thángTrả góp đều, lãi tính trên dư nợ giảm dần hàng tháng",VNĐ,Sedan,,,,,,,,,,
Kia Seltos 1.4T Deluxe 2021,535 triệu,2021,Xe cũ,Trong nước,50.000 km,Hà Nội,Thanh Xuân,Số tự động,Máy xăng,VNĐ,ThángNăm,ThángNăm,"Trả góp đều hàng thángTrả góp đều, lãi tính trên dư nợ giảm dần hàng tháng",VNĐ,SUV,,,,,,,,,,
Hyundai Accent 1.4 AT 2023,468 triệu,2023,Xe cũ,Trong nước,11.725 km,Tp.HCM,Tân Phú,Số sàn,Máy xăng,VNĐ,ThángNăm,ThángNăm,"Trả góp đều hàng thángTrả góp đều, lãi tính trên dư nợ giảm dần hàng tháng",VNĐ,Sedan,,,,,,,,,,
VinFast VF 3 2025,240 triệu,2025,Xe cũ,Trong nước,900 km,Hà Nội,Cầu Giấy,Số tự động,Điện,VNĐ,ThángNăm,ThángNăm,"Trả góp đều hàng thángTrả góp đều, lãi tính trên dư nợ giảm dần hàng tháng",VNĐ,Hatchback,,,,,,,,,,
Toyota Corolla Cross 1.8 V  2021,705 triệu,2021,Xe cũ,Trong nước,38.000 km,Hà Nội,Bắc Từ Liêm,Số tự động,Máy xăng,VNĐ,ThángNăm,ThángNăm,"Trả góp đều hàng thángTrả góp đều, lãi tính trên dư nợ giảm dần hàng tháng",VNĐ,SUV,,,,,,,,,,
Lexus ES 250 F-Sport 2022,2 tỉ 299 triệu,2022,Xe cũ,Nhập khẩu,29.000 km,Hà Nội,Đống Đa,Số tự động,Máy xăng,VNĐ,ThángNăm,ThángNăm,"Trả góp đều hàng thángTrả góp đều, lãi tính trên dư nợ giảm dần hàng tháng",VNĐ,Sedan,,,,,,,,,,
Isuzu D-Max LS 2.5 4x4 MT 2016,365 triệu,2016,Xe cũ,Nhập khẩu,68.000 km,Tp.HCM,Bình Thạnh,Số sàn,Máy dầu,VNĐ,ThángNăm,ThángNăm,"Trả góp đều hàng thángTrả góp đều, lãi tính trên dư nợ giảm dần hàng tháng",VNĐ,Bán tải,,,,,,,,,,
Toyota Vios 2016,355 triệu,2016,Xe cũ,Trong nước,100.000 km,Hà Nội,Cầu Giấy,Số tự động,Máy xăng,VNĐ,ThángNăm,ThángNăm,"Trả góp đều hàng thángTrả góp đều, lãi tính trên dư nợ giảm dần hàng tháng",VNĐ,Sedan,,,,,,,,,,
Toyota Hilux 2.4G 4x2 AT 2021,635 triệu,2021,Xe cũ,Nhập khẩu,75.000 km,Bình Phước,Đồng Phú,Số tự động,Máy dầu,VNĐ,ThángNăm,ThángNăm,"Trả góp đều hàng thángTrả góp đều, lãi tính trên dư nợ giảm dần hàng tháng",VNĐ,Bán tải,,,,,,,,,,
Isuzu Hi Lander 2.5AT 2005,155 triệu,2005,Xe cũ,Trong nước,250.000 km,Đồng Nai,Biên Hòa,Số tự động,Máy dầu,VNĐ,ThángNăm,ThángNăm,"Trả góp đều hàng thángTrả góp đều, lãi tính trên dư nợ giảm dần hàng tháng",VNĐ,SUV,,,,,,,,,,
Mercedes-Benz E180 V1 2022,1 tỉ 559 triệu,2022,Xe cũ,Trong nước,5.999 km,Hà Nội,Cầu Giấy,Số tự động,Máy xăng,VNĐ,ThángNăm,ThángNăm,"Trả góp đều hàng thángTrả góp đều, lãi tính trên dư nợ giảm dần hàng tháng",VNĐ,Sedan,,,,,,,,,,
Toyota Corolla Altis 1.8G CVT 2019,519 triệu,2019,Xe cũ,Trong nước,80.000 km,Hà Nội,Sóc Sơn,Số tự động,Máy xăng,VNĐ,ThángNăm,ThángNăm,"Trả góp đều hàng thángTrả góp đều, lãi tính trên dư nợ giảm dần hàng tháng",VNĐ,Sedan,,,,,,,,,,
Toyota Vios 1.5G AT 2016,370 triệu,2016,Xe cũ,Trong nước,84.000 km,Hà Nội,Nam Từ Liêm,Số tự động,Máy xăng,VNĐ,ThángNăm,ThángNăm,"Trả góp đều hàng thángTrả góp đều, lãi tính trên dư nợ giảm dần hàng tháng",VNĐ,Sedan,,,,,,,,,,
Honda Civic 1.5 G 2018,519 triệu,2018,Xe cũ,Nhập khẩu,57.000 km,Đà Nẵng,,Số tự động,Máy xăng,VNĐ,ThángNăm,ThángNăm,"Trả góp đều hàng thángTrả góp đều, lãi tính trên dư nợ giảm dần hàng tháng",VNĐ,Sedan,,,,,,,,,,
Lexus LX 570 Super Sport 2018,6 tỉ 200 triệu,2018,Xe cũ,Nhập khẩu,70.000 km,Bắc Giang,Hiệp Hòa,Số tự động,Máy xăng,VNĐ,ThángNăm,ThángNăm,"Trả góp đều hàng thángTrả góp đều, lãi tính trên dư nợ giảm dần hàng tháng",VNĐ,SUV,,,,,,,,,,
Mazda CX-5 2.5 AWD 2018,580 triệu,2018,Xe cũ,Trong nước,60.000 km,Hà Nội,Long Biên,Số tự động,Máy xăng,VNĐ,ThángNăm,ThángNăm,"Trả góp đều hàng thángTrả góp đều, lãi tính trên dư nợ giảm dần hàng tháng",VNĐ,SUV,,,,,,,,,,
Toyota Fortuner 2.4G 4x2 AT  2020,879 triệu,2020,Xe cũ,Nhập khẩu,97.000 km,Hà Nội,Cầu Giấy,Số tự động,Máy xăng,VNĐ,ThángNăm,ThángNăm,"Trả góp đều hàng thángTrả góp đều, lãi tính trên dư nợ giảm dần hàng tháng",VNĐ,,,,,,,,,,,
Mercedes-Benz C200 Exclusive 2019,919 triệu,2019,Xe cũ,Trong nước,15.000 km,Tp.HCM,Quận 7,Số tự động,Máy xăng,VNĐ,ThángNăm,ThángNăm,"Trả góp đều hàng thángTrả góp đều, lãi tính trên dư nợ giảm dần hàng tháng",VNĐ,,,,,,,,,,,
Kia Cerato 2018,310 triệu,2018,Xe cũ,Trong nước,85.000 km,Đắk Lắk,Cư M'gar,Số sàn,Máy xăng,VNĐ,ThángNăm,ThángNăm,"Trả góp đều hàng thángTrả góp đều, lãi tính trên dư nợ giảm dần hàng tháng",VNĐ,Sport Car,,,,,,,,,,
Mercedes-Benz GLS 450 4Matic 2021,3 tỉ 999 triệu,2021,Xe cũ,Nhập khẩu,29.000 km,Tp.HCM,Quận 7,Số tự động,Máy xăng,VNĐ,ThángNăm,ThángNăm,"Trả góp đều hàng thángTrả góp đều, lãi tính trên dư nợ giảm dần hàng tháng",VNĐ,SUV,,,,,,,,,,
Hyundai Genesis 2010,350 triệu,2010,Xe cũ,Trong nước,98.000 km,Bình Dương,Thuận An,Số tự động,Máy xăng,VNĐ,ThángNăm,ThángNăm,"Trả góp đều hàng thángTrả góp đều, lãi tính trên dư nợ giảm dần hàng tháng",VNĐ,Sedan,,,,,,,,,,
Kia Morning Luxury 2020,299 triệu,2020,Xe cũ,Trong nước,60.000 km,Bình Dương,Dĩ An,Số tự động,Máy xăng,VNĐ,ThángNăm,ThángNăm,"Trả góp đều hàng thángTrả góp đều, lãi tính trên dư nợ giảm dần hàng tháng",VNĐ,Hatchback,,,,,,,,,,
Toyota Innova 2.0E 2020,450 triệu,2020,Xe cũ,Nhập khẩu,100.000 km,Tp.HCM,,Số tự động,Máy xăng,VNĐ,ThángNăm,ThángNăm,"Trả góp đều hàng thángTrả góp đều, lãi tính trên dư nợ giảm dần hàng tháng",VNĐ,MPV,,,,,,,,,,
BMW X5 xDrive40i xLine 2019,2 tỉ 190 triệu,2019,Xe cũ,Nhập khẩu,65.000 km,Hà Nội,Long Biên,Số tự động,Máy xăng,VNĐ,ThángNăm,ThángNăm,"Trả góp đều hàng thángTrả góp đều, lãi tính trên dư nợ giảm dần hàng tháng",VNĐ,SUV,,,,,,,,,,
Kia Morning 1.25 MT 2019,190 triệu,2019,Xe cũ,Trong nước,91.000 km,Thanh Hóa,Triệu Sơn,Số sàn,Máy xăng,VNĐ,ThángNăm,ThángNăm,"Trả góp đều hàng thángTrả góp đều, lãi tính trên dư nợ giảm dần hàng tháng",VNĐ,Hatchback,,,,,,,,,,
Mazda CX-5 2.0 Premium 2021,699 triệu,2021,Xe cũ,Trong nước,60.000 km,Hà Nội,Cầu Giấy,Số tự động,Máy xăng,VNĐ,ThángNăm,ThángNăm,"Trả góp đều hàng thángTrả góp đều, lãi tính trên dư nợ giảm dần hàng tháng",VNĐ,SUV,,,,,,,,,,
Volvo S90 Inscription 2020,1 tỉ 499 triệu,2020,Xe cũ,Nhập khẩu,33.800 km,Tp.HCM,Thủ Đức,Số tự động,Máy xăng,VNĐ,ThángNăm,ThángNăm,"Trả góp đều hàng thángTrả góp đều, lãi tính trên dư nợ giảm dần hàng tháng",VNĐ,Sedan,,,,,,,,,,
VinFast VF e34 Tiêu chuẩn 2022,510 triệu,2022,Xe cũ,Trong nước,20.000 km,Hà Nội,Bắc Từ Liêm,Số tự động,Máy xăng,VNĐ,ThángNăm,ThángNăm,"Trả góp đều hàng thángTrả góp đều, lãi tính trên dư nợ giảm dần hàng tháng",VNĐ,,,,,,,,,,,
Hyundai Santa Fe 2.4L Xăng Đặc biệt 2015,568 triệu,2015,Xe cũ,Trong nước,120.000 km,Hà Nội,,Số tự động,Máy xăng,VNĐ,ThángNăm,ThángNăm,"Trả góp đều hàng thángTrả góp đều, lãi tính trên dư nợ giảm dần hàng tháng",VNĐ,SUV,,,,,,,,,,
Hyundai Accent 1.4 AT 2022,385 triệu,2022,Xe cũ,Trong nước,69.800 km,Đồng Nai,Vĩnh Cửu,Số tự động,Máy xăng,VNĐ,ThángNăm,ThángNăm,"Trả góp đều hàng thángTrả góp đều, lãi tính trên dư nợ giảm dần hàng tháng",VNĐ,Sedan,,,,,,,,,,
Toyota Hilux 2.4E 4×2 AT 2018,485 triệu,2018,Xe cũ,Nhập khẩu,189.000 km,Tp.HCM,,Số tự động,Máy dầu,VNĐ,ThángNăm,ThángNăm,"Trả góp đều hàng thángTrả góp đều, lãi tính trên dư nợ giảm dần hàng tháng",VNĐ,Bán tải,,,,,,,,,,
Porsche 718 2024,4 tỉ 788 triệu,2024,Xe cũ,Nhập khẩu,8.000 km,Tp.HCM,Quận 7,Số tự động,Máy xăng,VNĐ,ThángNăm,ThángNăm,"Trả góp đều hàng thángTrả góp đều, lãi tính trên dư nợ giảm dần hàng tháng",VNĐ,,,,,,,,,,,
Kia Cerato 1.6 AT Luxury 2019,450 triệu,2019,Xe cũ,Trong nước,70.000 km,Hà Nội,Sóc Sơn,Số tự động,Máy xăng,VNĐ,ThángNăm,ThángNăm,"Trả góp đều hàng thángTrả góp đều, lãi tính trên dư nợ giảm dần hàng tháng",VNĐ,Sedan,,,,,,,,,,
Toyota Innova 2.0G 2011,245 triệu,2011,Xe cũ,Trong nước,130.000 km,Tp.HCM,,Số sàn,Máy xăng,VNĐ,ThángNăm,ThángNăm,"Trả góp đều hàng thángTrả góp đều, lãi tính trên dư nợ giảm dần hàng tháng",VNĐ,MPV,,,,,,,,,,
Hyundai Elantra   2.0 AT 2019,435 triệu,2019,Xe cũ,Trong nước,65.000 km,Hà Nội,Tây Hồ,Số tự động,Máy xăng,VNĐ,ThángNăm,ThángNăm,"Trả góp đều hàng thángTrả góp đều, lãi tính trên dư nợ giảm dần hàng tháng",VNĐ,Sedan,,,,,,,,,,
Honda City RS 2023,495 triệu,2023,Xe cũ,Trong nước,30.000 km,Hải Phòng,Ngô Quyền,Số tự động,Máy xăng,VNĐ,ThángNăm,ThángNăm,"Trả góp đều hàng thángTrả góp đều, lãi tính trên dư nợ giảm dần hàng tháng",VNĐ,Sedan,,,,,,,,,,
Mercedes-Benz C200 Avantgarde 2022,1 tỉ 239 triệu,2022,Xe cũ,Trong nước,48.000 km,Tp.HCM,Quận 7,Số tự động,Máy xăng,VNĐ,ThángNăm,ThángNăm,"Trả góp đều hàng thángTrả góp đều, lãi tính trên dư nợ giảm dần hàng tháng",VNĐ,Sedan,,,,,,,,,,
Kia Seltos 1.4 Premium 2022,629 triệu,2022,Xe cũ,Trong nước,41.000 km,Hà Nội,Bắc Từ Liêm,Số tự động,Máy xăng,VNĐ,ThángNăm,ThángNăm,"Trả góp đều hàng thángTrả góp đều, lãi tính trên dư nợ giảm dần hàng tháng",VNĐ,SUV,,,,,,,,,,
Mazda 3 1.5 Hatchback 2019,515 triệu,2019,Xe cũ,Trong nước,32.000 km,Kiên Giang,,Số tự động,Máy xăng,VNĐ,ThángNăm,ThángNăm,"Trả góp đều hàng thángTrả góp đều, lãi tính trên dư nợ giảm dần hàng tháng",VNĐ,Hatchback,,,,,,,,,,
Kia Cerato 1.6 MT 2018,295 triệu,2018,Xe cũ,Trong nước,80.000 km,Hà Nội,Hoàng Mai,Số sàn,Máy xăng,VNĐ,ThángNăm,ThángNăm,"Trả góp đều hàng thángTrả góp đều, lãi tính trên dư nợ giảm dần hàng tháng",VNĐ,Sedan,,,,,,,,,,
Nissan Kicks 2022,586 triệu,2022,Xe cũ,Nhập khẩu,20.000 km,Hà Nội,Cầu Giấy,Số tự động,Hybrid,VNĐ,ThángNăm,ThángNăm,"Trả góp đều hàng thángTrả góp đều, lãi tính trên dư nợ giảm dần hàng tháng",VNĐ,Crossover,,,,,,,,,,
Kia Morning 1.25 MT 2014,95 triệu,2014,Xe cũ,Trong nước,110.000 km,Đà Nẵng,Hải Châu,Số sàn,Máy xăng,VNĐ,ThángNăm,ThángNăm,"Trả góp đều hàng thángTrả góp đều, lãi tính trên dư nợ giảm dần hàng tháng",VNĐ,Hatchback,,,,,,,,,,
Suzuki Swift 2014,265 triệu,2014,Xe cũ,Nhập khẩu,86.000 km,Hà Nội,Nam Từ Liêm,Số tự động,Máy xăng,VNĐ,ThángNăm,ThángNăm,"Trả góp đều hàng thángTrả góp đều, lãi tính trên dư nợ giảm dần hàng tháng",VNĐ,Hatchback,,,,,,,,,,
Mitsubishi Triton 4×2 AT MIVEC 2021,525 triệu,2021,Xe cũ,Nhập khẩu,78.000 km,Quảng Ninh,Hạ Long,Số tự động,Máy dầu,VNĐ,ThángNăm,ThángNăm,"Trả góp đều hàng thángTrả góp đều, lãi tính trên dư nợ giảm dần hàng tháng",VNĐ,Bán tải,,,,,,,,,,
Hyundai Accent 1.4 AT 2019,388 triệu,2019,Xe cũ,Trong nước,90.000 km,Hải Phòng,An Lão,Số tự động,Máy xăng,VNĐ,ThángNăm,ThángNăm,"Trả góp đều hàng thángTrả góp đều, lãi tính trên dư nợ giảm dần hàng tháng",VNĐ,Sedan,,,,,,,,,,
Toyota Zace 2001,85 triệu,2001,Xe cũ,Trong nước,10.000 km,Quảng Bình,Đồng Hới,Số sàn,Máy xăng,VNĐ,ThángNăm,ThángNăm,"Trả góp đều hàng thángTrả góp đều, lãi tính trên dư nợ giảm dần hàng tháng",VNĐ,SUV,,,,,,,,,,
Mercedes-Benz GLC 250 4Matic 2017,820 triệu,2017,Xe cũ,Nhập khẩu,94.000 km,Hải Phòng,Kiến An,Số tự động,Máy xăng,VNĐ,ThángNăm,ThángNăm,"Trả góp đều hàng thángTrả góp đều, lãi tính trên dư nợ giảm dần hàng tháng",VNĐ,SUV,,,,,,,,,,
Mercedes-Benz GLC 200 4Matic 2021,1 tỉ 557 triệu,2021,Xe cũ,Trong nước,28.000 km,Tp.HCM,Bình Tân,Số tự động,Máy xăng,VNĐ,ThángNăm,ThángNăm,"Trả góp đều hàng thángTrả góp đều, lãi tính trên dư nợ giảm dần hàng tháng",VNĐ,SUV,,,,,,,,,,
Mitsubishi Xpander 1.5 AT  2019,455 triệu,2019,Xe cũ,Nhập khẩu,59.000 km,Tp.HCM,,Số tự động,Máy xăng,VNĐ,ThángNăm,ThángNăm,"Trả góp đều hàng thángTrả góp đều, lãi tính trên dư nợ giảm dần hàng tháng",VNĐ,MPV,,,,,,,,,,
Mercedes-Benz E200 Exclusive 2024,2 tỉ 159 triệu,2024,Xe cũ,Trong nước,01 km,Tp.HCM,Quận 7,Số tự động,Máy xăng,VNĐ,ThángNăm,ThángNăm,"Trả góp đều hàng thángTrả góp đều, lãi tính trên dư nợ giảm dần hàng tháng",VNĐ,Sedan,,,,,,,,,,
Hyundai Santa Fe 2.5 Xăng Cao cấp 2024,1 tỉ 260 triệu,2024,Xe cũ,Trong nước,10.000 km,Hà Nội,Long Biên,Số tự động,Máy xăng,VNĐ,ThángNăm,ThángNăm,"Trả góp đều hàng thángTrả góp đều, lãi tính trên dư nợ giảm dần hàng tháng",VNĐ,SUV,,,,,,,,,,
Chevrolet Spark 1.2 mt 2018,144 triệu,2018,Xe cũ,Trong nước,92.000 km,Hà Nội,Thanh Xuân,Số sàn,Máy xăng,VNĐ,ThángNăm,ThángNăm,"Trả góp đều hàng thángTrả góp đều, lãi tính trên dư nợ giảm dần hàng tháng",VNĐ,Hatchback,,,,,,,,,,
Nissan X trail 2.5 SV 4WD Premium 2018,540 triệu,2018,Xe cũ,Nhập khẩu,86.000 km,Hà Nội,Thanh Xuân,Số tự động,Máy xăng,VNĐ,ThángNăm,ThángNăm,"Trả góp đều hàng thángTrả góp đều, lãi tính trên dư nợ giảm dần hàng tháng",VNĐ,SUV,,,,,,,,,,
Audi Q3 2024,1 tỉ 738 triệu,2024,Xe cũ,Nhập khẩu,5.000 km,Tp.HCM,Quận 7,Số tự động,Máy xăng,VNĐ,ThángNăm,ThángNăm,"Trả góp đều hàng thángTrả góp đều, lãi tính trên dư nợ giảm dần hàng tháng",VNĐ,SUV,,,,,,,,,,
Hyundai Grand i10 Sedan 1.2 AT 2018,325 triệu,2018,Xe cũ,Trong nước,25.000 km,Hà Nội,Tây Hồ,Số tự động,Máy xăng,VNĐ,ThángNăm,ThángNăm,"Trả góp đều hàng thángTrả góp đều, lãi tính trên dư nợ giảm dần hàng tháng",VNĐ,Sedan,,,,,,,,,,
Hyundai Porter II 2016,375 triệu,2016,Xe cũ,Nhập khẩu,60.000 km,Hà Nội,Đông Anh,Số sàn,Máy dầu,VNĐ,ThángNăm,ThángNăm,"Trả góp đều hàng thángTrả góp đều, lãi tính trên dư nợ giảm dần hàng tháng",VNĐ,Xe tải,,,,,,,,,,
BMW 520i Luxury Line 2020,1 tỉ 399 triệu,2020,Xe cũ,Nhập khẩu,48.888 km,Tp.HCM,Quận 7,Số tự động,Máy xăng,VNĐ,ThángNăm,ThángNăm,"Trả góp đều hàng thángTrả góp đều, lãi tính trên dư nợ giảm dần hàng tháng",VNĐ,Sedan,,,,,,,,,,
Ford Everest 2.0L ST5 6AT 2WD Titanium 2022,1 tỉ 115 triệu,2022,Xe cũ,Nhập khẩu,96.000 km,Tp.HCM,Tân Phú,Số tự động,Máy dầu,VNĐ,ThángNăm,ThángNăm,"Trả góp đều hàng thángTrả góp đều, lãi tính trên dư nợ giảm dần hàng tháng",VNĐ,SUV,,,,,,,,,,
Kia Morning S 1.25 AT 2018,268 triệu,2018,Xe cũ,Trong nước,52.000 km,Hà Nội,Cầu Giấy,Số tự động,Máy xăng,VNĐ,ThángNăm,ThángNăm,"Trả góp đều hàng thángTrả góp đều, lãi tính trên dư nợ giảm dần hàng tháng",VNĐ,Hatchback,,,,,,,,,,
Hyundai Grand i10 Hatchback 1.2 MT Base 2021,268 triệu,2021,Xe cũ,Trong nước,68.130 km,Hải Phòng,An Lão,Số sàn,Máy xăng,VNĐ,ThángNăm,ThángNăm,"Trả góp đều hàng thángTrả góp đều, lãi tính trên dư nợ giảm dần hàng tháng",VNĐ,Hatchback,,,,,,,,,,
Ford Ranger XLS 2.2L 4x2 MT 2015,328 triệu,2015,Xe cũ,Nhập khẩu,89.000 km,Tp.HCM,,Số sàn,Máy dầu,VNĐ,ThángNăm,ThángNăm,"Trả góp đều hàng thángTrả góp đều, lãi tính trên dư nợ giảm dần hàng tháng",VNĐ,Bán tải,,,,,,,,,,
Hyundai Avante 1.6 AT 2015,265 triệu,2015,Xe cũ,Nhập khẩu,115.000 km,Kon Tum,Đăk Hà,Số tự động,Máy xăng,VNĐ,ThángNăm,ThángNăm,"Trả góp đều hàng thángTrả góp đều, lãi tính trên dư nợ giảm dần hàng tháng",VNĐ,Sedan,,,,,,,,,,
Suzuki Blind Van Suzuki Blind Van 2023,260 triệu,2023,Xe cũ,Trong nước,3.000 km,Bắc Giang,Việt Yên,Số sàn,Máy xăng,VNĐ,ThángNăm,ThángNăm,"Trả góp đều hàng thángTrả góp đều, lãi tính trên dư nợ giảm dần hàng tháng",VNĐ,Van/Minivan,,,,,,,,,,
Suzuki XL7 1.5L 2021,458 triệu,2021,Xe cũ,Nhập khẩu,80.000 km,Hà Nội,Hoàng Mai,Số tự động,Máy xăng,VNĐ,ThángNăm,ThángNăm,"Trả góp đều hàng thángTrả góp đều, lãi tính trên dư nợ giảm dần hàng tháng",VNĐ,MPV,,,,,,,,,,
Toyota Corolla Altis 1.8 HEV 2023,775 triệu,2023,Xe cũ,Trong nước,40.000 km,Hà Nội,,Số tự động,Hybrid,VNĐ,ThángNăm,ThángNăm,"Trả góp đều hàng thángTrả góp đều, lãi tính trên dư nợ giảm dần hàng tháng",VNĐ,Sedan,,,,,,,,,,
Mercedes-Benz S450 4Matic 2023,3 tỉ 698 triệu,2023,Xe cũ,Nhập khẩu,35.000 km,Tp.HCM,Quận 7,Số tự động,Hybrid,VNĐ,ThángNăm,ThángNăm,"Trả góp đều hàng thángTrả góp đều, lãi tính trên dư nợ giảm dần hàng tháng",VNĐ,Sedan,,,,,,,,,,
VinFast LUX A2.0 Cao cấp 2021,505 triệu,2021,Xe cũ,Trong nước,50.000 km,Vĩnh Phúc,Vĩnh Yên,Số tự động,Máy xăng,VNĐ,ThángNăm,ThángNăm,"Trả góp đều hàng thángTrả góp đều, lãi tính trên dư nợ giảm dần hàng tháng",VNĐ,,,,,,,,,,,
Lexus GX 460 2016,2 tỉ 350 triệu,2016,Xe cũ,Nhập khẩu,86.000 km,Tp.HCM,Gò Vấp,Số tự động,Máy xăng,VNĐ,ThángNăm,ThángNăm,"Trả góp đều hàng thángTrả góp đều, lãi tính trên dư nợ giảm dần hàng tháng",VNĐ,SUV,,,,,,,,,,
Mercedes-Benz GLC 200 4Matic 2021,1 tỉ 439 triệu,2021,Xe cũ,Trong nước,37.000 km,Tp.HCM,Quận 7,Số tự động,Máy xăng,VNĐ,ThángNăm,ThángNăm,"Trả góp đều hàng thángTrả góp đều, lãi tính trên dư nợ giảm dần hàng tháng",VNĐ,SUV,,,,,,,,,,
Mercedes-Benz GLC 200 V1 2022,1 tỉ 439 triệu,2022,Xe cũ,Nhập khẩu,39.000 km,Tp.HCM,Quận 7,Số tự động,Máy xăng,VNĐ,ThángNăm,ThángNăm,"Trả góp đều hàng thángTrả góp đều, lãi tính trên dư nợ giảm dần hàng tháng",VNĐ,SUV,,,,,,,,,,
Kia Carnival 2.2D Signature 2023,1 tỉ 280 triệu,2023,Xe cũ,Trong nước,34.000 km,Bắc Ninh,Bắc Ninh,Số tự động,Máy dầu,VNĐ,ThángNăm,ThángNăm,"Trả góp đều hàng thángTrả góp đều, lãi tính trên dư nợ giảm dần hàng tháng",VNĐ,MPV,,,,,,,,,,
Mazda 3 2017,396 triệu,2017,Xe cũ,Trong nước,100.000 km,Hà Nội,Nam Từ Liêm,Số tự động,Máy xăng,VNĐ,ThángNăm,ThángNăm,"Trả góp đều hàng thángTrả góp đều, lãi tính trên dư nợ giảm dần hàng tháng",VNĐ,Sedan,,,,,,,,,,
Toyota Hilux 2.4G 4x2 AT 2021,655 triệu,2021,Xe cũ,Nhập khẩu,50.000 km,Hà Nội,,Số tự động,Máy dầu,VNĐ,ThángNăm,ThángNăm,"Trả góp đều hàng thángTrả góp đều, lãi tính trên dư nợ giảm dần hàng tháng",VNĐ,Bán tải,,,,,,,,,,
Toyota Camry 2.5Q 2022,1 tỉ 179 triệu,2022,Xe cũ,Nhập khẩu,10.000 km,Tp.HCM,Thủ Đức,Số tự động,Máy xăng,VNĐ,ThángNăm,ThángNăm,"Trả góp đều hàng thángTrả góp đều, lãi tính trên dư nợ giảm dần hàng tháng",VNĐ,Sedan,,,,,,,,,,
Honda Jazz VX 2018,305 triệu,2018,Xe cũ,Nhập khẩu,60.000 km,Tp.HCM,,Số tự động,Máy xăng,VNĐ,ThángNăm,ThángNăm,"Trả góp đều hàng thángTrả góp đều, lãi tính trên dư nợ giảm dần hàng tháng",VNĐ,Hatchback,,,,,,,,,,
Ford Everest 2.0L ST5 6AT 2WD Titanium 2018,818 triệu,2018,Xe cũ,Nhập khẩu,66.000 km,Tp.HCM,Tân Phú,Số tự động,Máy dầu,VNĐ,ThángNăm,ThángNăm,"Trả góp đều hàng thángTrả góp đều, lãi tính trên dư nợ giảm dần hàng tháng",VNĐ,SUV,,,,,,,,,,
Hyundai Grand i10 Hatchback 1.2 AT 2020,333 triệu,2020,Xe cũ,Trong nước,52.000 km,Bắc Ninh,Quế Võ,Số tự động,Máy xăng,VNĐ,ThángNăm,ThángNăm,"Trả góp đều hàng thángTrả góp đều, lãi tính trên dư nợ giảm dần hàng tháng",VNĐ,Hatchback,,,,,,,,,,
Lexus LS 600 2010,850 triệu,2010,Xe cũ,Nhập khẩu,100.000 km,Tp.HCM,Bình Thạnh,Số tự động,Máy xăng,VNĐ,ThángNăm,ThángNăm,"Trả góp đều hàng thángTrả góp đều, lãi tính trên dư nợ giảm dần hàng tháng",VNĐ,Sedan,,,,,,,,,,
Chevrolet Spark LT 2008,38 triệu,2008,Xe cũ,Trong nước,98.900 km,Hà Tĩnh,Can Lộc,Số sàn,Máy xăng,VNĐ,ThángNăm,ThángNăm,"Trả góp đều hàng thángTrả góp đều, lãi tính trên dư nợ giảm dần hàng tháng",VNĐ,Hatchback,,,,,,,,,,
Toyota Vios 1.5G AT 2020,425 triệu,2020,Xe cũ,Trong nước,39.000 km,Hải Phòng,Kiến An,Số tự động,Máy xăng,VNĐ,ThángNăm,ThángNăm,"Trả góp đều hàng thángTrả góp đều, lãi tính trên dư nợ giảm dần hàng tháng",VNĐ,Sedan,,,,,,,,,,
Mercedes-Benz C300 AMG 2013,379 triệu,2013,Xe cũ,Trong nước,100.000 km,Tp.HCM,Gò Vấp,Số tự động,Máy xăng,VNĐ,ThángNăm,ThángNăm,"Trả góp đều hàng thángTrả góp đều, lãi tính trên dư nợ giảm dần hàng tháng",VNĐ,Sedan,,,,,,,,,,
Mercedes-Benz E200 Exclusive 2021,1 tỉ 499 triệu,2021,Xe cũ,Trong nước,48.000 km,Tp.HCM,Gò Vấp,Số tự động,Máy xăng,VNĐ,ThángNăm,ThángNăm,"Trả góp đều hàng thángTrả góp đều, lãi tính trên dư nợ giảm dần hàng tháng",VNĐ,Sedan,,,,,,,,,,
Kia Carens 2015,240 triệu,2015,Xe cũ,Trong nước,100.000 km,Bình Dương,Thuận An,Số tự động,Máy xăng,VNĐ,ThángNăm,ThángNăm,"Trả góp đều hàng thángTrả góp đều, lãi tính trên dư nợ giảm dần hàng tháng",VNĐ,,,,,,,,,,,
BMW 520i Luxury Line 2022,1 tỉ 579 triệu,2022,Xe cũ,Nhập khẩu,23.000 km,Tp.HCM,Quận 7,Số tự động,Máy xăng,VNĐ,ThángNăm,ThángNăm,"Trả góp đều hàng thángTrả góp đều, lãi tính trên dư nợ giảm dần hàng tháng",VNĐ,Sedan,,,,,,,,,,
Ford Explorer 2.3L Ecoboost 2019,1 tỉ 110 triệu,2019,Xe cũ,Nhập khẩu,80.000 km,Hà Nội,Cầu Giấy,Số tự động,Máy xăng,VNĐ,ThángNăm,ThángNăm,"Trả góp đều hàng thángTrả góp đều, lãi tính trên dư nợ giảm dần hàng tháng",VNĐ,SUV,,,,,,,,,,
Toyota Innova 2.0E 2013,265 triệu,2013,Xe cũ,Trong nước,138.000 km,Tp.HCM,,Số sàn,Máy xăng,VNĐ,ThángNăm,ThángNăm,"Trả góp đều hàng thángTrả góp đều, lãi tính trên dư nợ giảm dần hàng tháng",VNĐ,MPV,,,,,,,,,,
Toyota Innova 2.0E 2019,445 triệu,2019,Xe cũ,Trong nước,84.000 km,Tp.HCM,Gò Vấp,Số sàn,Máy xăng,VNĐ,ThángNăm,ThángNăm,"Trả góp đều hàng thángTrả góp đều, lãi tính trên dư nợ giảm dần hàng tháng",VNĐ,MPV,,,,,,,,,,
Hyundai Sonata 2.0L-6AT 2009,219 triệu,2009,Xe cũ,Nhập khẩu,120.000 km,Hà Nội,Hoàng Mai,Số tự động,Máy xăng,VNĐ,ThángNăm,ThángNăm,"Trả góp đều hàng thángTrả góp đều, lãi tính trên dư nợ giảm dần hàng tháng",VNĐ,Sedan,,,,,,,,,,
BMW 320i Sport Line 2024,1 tỉ 478 triệu,2024,Xe cũ,Trong nước,7.000 km,Tp.HCM,Quận 7,Số tự động,Máy xăng,VNĐ,ThángNăm,ThángNăm,"Trả góp đều hàng thángTrả góp đều, lãi tính trên dư nợ giảm dần hàng tháng",VNĐ,Sedan,,,,,,,,,,
Mercedes-Benz Sprinter 2007,159 triệu,2007,Xe cũ,Nhập khẩu,57.000 km,Tp.HCM,,Số sàn,Máy dầu,VNĐ,ThángNăm,ThángNăm,"Trả góp đều hàng thángTrả góp đều, lãi tính trên dư nợ giảm dần hàng tháng",VNĐ,Van/Minivan,,,,,,,,,,
VinFast VF 3 2025,268 triệu,2025,Xe cũ,Trong nước,6.600 km,Tp.HCM,Thủ Đức,Số tự động,Điện,VNĐ,ThángNăm,ThángNăm,"Trả góp đều hàng thángTrả góp đều, lãi tính trên dư nợ giảm dần hàng tháng",VNĐ,SUV,,,,,,,,,,
Ford Everest Titanium 2.0L AT 4WD 2022,1 tỉ 315 triệu,2022,Xe cũ,Trong nước,55.000 km,Tp.HCM,Tân Phú,Số tự động,Máy dầu,VNĐ,ThángNăm,ThángNăm,"Trả góp đều hàng thángTrả góp đều, lãi tính trên dư nợ giảm dần hàng tháng",VNĐ,,,,,,,,,,,
Toyota Hiace Super Wagon 2.7 2011,285 triệu,2011,Xe cũ,Trong nước,10.000 km,Hà Nội,Đông Anh,Số sàn,Máy xăng,VNĐ,ThángNăm,ThángNăm,"Trả góp đều hàng thángTrả góp đều, lãi tính trên dư nợ giảm dần hàng tháng",VNĐ,Van/Minivan,,,,,,,,,,
Hyundai i20 1.4 AT 2015,328 triệu,2015,Xe cũ,Nhập khẩu,110.000 km,Phú Thọ,Hạ Hòa,Số tự động,Máy xăng,VNĐ,ThángNăm,ThángNăm,"Trả góp đều hàng thángTrả góp đều, lãi tính trên dư nợ giảm dần hàng tháng",VNĐ,Hatchback,,,,,,,,,,
Hyundai Accent 1.4 MT 2020,325 triệu,2020,Xe cũ,Trong nước,70.000 km,Bình Dương,Thuận An,Số sàn,Máy xăng,VNĐ,ThángNăm,ThángNăm,"Trả góp đều hàng thángTrả góp đều, lãi tính trên dư nợ giảm dần hàng tháng",VNĐ,Sedan,,,,,,,,,,
Ford Everest Titanium 2.0L AT 4WD 2018,865 triệu,2018,Xe cũ,Nhập khẩu,89.000 km,Tp.HCM,Tân Phú,Số tự động,Máy dầu,VNĐ,ThángNăm,ThángNăm,"Trả góp đều hàng thángTrả góp đều, lãi tính trên dư nợ giảm dần hàng tháng",VNĐ,SUV,,,,,,,,,,
Hyundai Tucson 2.0 Đặc biệt 2015,535 triệu,2015,Xe cũ,Nhập khẩu,84.000 km,Tp.HCM,Thủ Đức,Số tự động,Máy xăng,VNĐ,ThángNăm,ThángNăm,"Trả góp đều hàng thángTrả góp đều, lãi tính trên dư nợ giảm dần hàng tháng",VNĐ,Crossover,,,,,,,,,,
Mazda BT-50 Luxury 4x2 2.2 AT 2021,490 triệu,2021,Xe cũ,Nhập khẩu,42.000 km,Đắk Lắk,Buôn Ma Thuột,Số tự động,Máy dầu,VNĐ,ThángNăm,ThángNăm,"Trả góp đều hàng thángTrả góp đều, lãi tính trên dư nợ giảm dần hàng tháng",VNĐ,Bán tải,,,,,,,,,,
Mercedes-Benz C200 Exclusive 2018,695 triệu,2018,Xe cũ,Trong nước,57.000 km,Quảng Ninh,,Số tự động,Máy xăng,VNĐ,ThángNăm,ThángNăm,"Trả góp đều hàng thángTrả góp đều, lãi tính trên dư nợ giảm dần hàng tháng",VNĐ,Sedan,,,,,,,,,,
MG 5 1.5L Luxury 2022,399 triệu,2022,Xe cũ,Nhập khẩu,34.000 km,Hà Nội,Thanh Xuân,Số tự động,Máy xăng,VNĐ,ThángNăm,ThángNăm,"Trả góp đều hàng thángTrả góp đều, lãi tính trên dư nợ giảm dần hàng tháng",VNĐ,Sedan,,,,,,,,,,
Nissan X trail 2.5 SV 4WD 2019,599 triệu,2019,Xe cũ,Nhập khẩu,64.000 km,Hà Nội,Cầu Giấy,Số tự động,Máy xăng,VNĐ,ThángNăm,ThángNăm,"Trả góp đều hàng thángTrả góp đều, lãi tính trên dư nợ giảm dần hàng tháng",VNĐ,SUV,,,,,,,,,,
Hyundai Tucson 1.6 Đặc biệt 2016,585 triệu,2016,Xe cũ,Nhập khẩu,89.000 km,Bình Phước,Đồng Phú,Số tự động,Máy xăng,VNĐ,ThángNăm,ThángNăm,"Trả góp đều hàng thángTrả góp đều, lãi tính trên dư nợ giảm dần hàng tháng",VNĐ,,,,,,,,,,,
Hyundai Santa Fe 2.4L Xăng Cao cấp 2020,795 triệu,2020,Xe cũ,Trong nước,80.000 km,Hà Nội,Nam Từ Liêm,Số tự động,Máy xăng,VNĐ,ThángNăm,ThángNăm,"Trả góp đều hàng thángTrả góp đều, lãi tính trên dư nợ giảm dần hàng tháng",VNĐ,SUV,,,,,,,,,,
Ford Ranger Wildtrak 3.2 4x4 AT 2017,605 triệu,2017,Xe cũ,Nhập khẩu,70.000 km,Tp.HCM,Tân Phú,Số tự động,Máy dầu,VNĐ,ThángNăm,ThángNăm,"Trả góp đều hàng thángTrả góp đều, lãi tính trên dư nợ giảm dần hàng tháng",VNĐ,Bán tải,,,,,,,,,,
Toyota Sienna LE 3.5 AT FWD 2012,550 triệu,2012,Xe cũ,Nhập khẩu,116.000 km,Tp.HCM,,Số tự động,Máy xăng,VNĐ,ThángNăm,ThángNăm,"Trả góp đều hàng thángTrả góp đều, lãi tính trên dư nợ giảm dần hàng tháng",VNĐ,MPV,,,,,,,,,,
Mercedes-Benz C300 AMG 2021,1 tỉ 099 triệu,2021,Xe cũ,Trong nước,68 km,Tp.HCM,Quận 7,Số tự động,Máy xăng,VNĐ,ThángNăm,ThángNăm,"Trả góp đều hàng thángTrả góp đều, lãi tính trên dư nợ giảm dần hàng tháng",VNĐ,SUV,,,,,,,,,,
Lexus RX 350 2008,445 triệu,2008,Xe cũ,Nhập khẩu,100.000 km,Hà Nội,Cầu Giấy,Số tự động,Máy xăng,VNĐ,ThángNăm,ThángNăm,"Trả góp đều hàng thángTrả góp đều, lãi tính trên dư nợ giảm dần hàng tháng",VNĐ,SUV,,,,,,,,,,
MG 5 1.5L Luxury 2023,429 triệu,2023,Xe cũ,Nhập khẩu,60.000 km,Tp.HCM,,Số tự động,Máy xăng,VNĐ,ThángNăm,ThángNăm,"Trả góp đều hàng thángTrả góp đều, lãi tính trên dư nợ giảm dần hàng tháng",VNĐ,,,,,,,,,,,
Mercedes-Benz GLC 300 4Matic V1 2022,1 tỉ 938 triệu,2022,Xe cũ,Trong nước,8.000 km,Tp.HCM,Quận 7,Số tự động,Máy xăng,VNĐ,ThángNăm,ThángNăm,"Trả góp đều hàng thángTrả góp đều, lãi tính trên dư nợ giảm dần hàng tháng",VNĐ,,,,,,,,,,,
Toyota Fortuner 2.7 V 4X2 AT 2013,395 triệu,2013,Xe cũ,Trong nước,27.000 km,Hà Nội,Thanh Xuân,Số tự động,Máy xăng,VNĐ,ThángNăm,ThángNăm,"Trả góp đều hàng thángTrả góp đều, lãi tính trên dư nợ giảm dần hàng tháng",VNĐ,SUV,,,,,,,,,,
Toyota Fortuner 2.7V 2019,798 triệu,2019,Xe cũ,Trong nước,77.000 km,Tp.HCM,Quận 8,Số tự động,Máy xăng,VNĐ,ThángNăm,ThángNăm,"Trả góp đều hàng thángTrả góp đều, lãi tính trên dư nợ giảm dần hàng tháng",VNĐ,SUV,,,,,,,,,,
Ford Everest 2.0E 2022,1 tỉ 160 triệu,2022,Xe cũ,Nhập khẩu,73.372 km,Hà Nội,Thanh Xuân,Số tự động,Máy dầu,VNĐ,ThángNăm,ThángNăm,"Trả góp đều hàng thángTrả góp đều, lãi tính trên dư nợ giảm dần hàng tháng",VNĐ,SUV,,,,,,,,,,
Nissan Terra 2.5L E 2WD 7 AT 2019,590 triệu,2019,Xe cũ,Nhập khẩu,6.700 km,Hà Nội,Hoàng Mai,Số tự động,Máy xăng,VNĐ,ThángNăm,ThángNăm,"Trả góp đều hàng thángTrả góp đều, lãi tính trên dư nợ giảm dần hàng tháng",VNĐ,SUV,,,,,,,,,,
Ford Ranger XLS 2.0L 4x2 AT 2021,560 triệu,2021,Xe cũ,Trong nước,70.000 km,Bình Dương,,Số tự động,Máy dầu,VNĐ,ThángNăm,ThángNăm,"Trả góp đều hàng thángTrả góp đều, lãi tính trên dư nợ giảm dần hàng tháng",VNĐ,Bán tải,,,,,,,,,,
Mitsubishi Outlander 2.0 CVT 2023,735 triệu,2023,Xe cũ,Trong nước,42.438 km,Hà Nội,Thanh Xuân,Số tự động,Máy xăng,VNĐ,ThángNăm,ThángNăm,"Trả góp đều hàng thángTrả góp đều, lãi tính trên dư nợ giảm dần hàng tháng",VNĐ,SUV,,,,,,,,,,
Hyundai Santa Fe 2.2 Dầu Cao cấp 2021,1 tỉ 075 triệu,2021,Xe cũ,Trong nước,68.234 km,Hà Nội,Thanh Xuân,Số tự động,Máy dầu,VNĐ,ThángNăm,ThángNăm,"Trả góp đều hàng thángTrả góp đều, lãi tính trên dư nợ giảm dần hàng tháng",VNĐ,SUV,,,,,,,,,,
BMW 730Li 2011,565 triệu,2011,Xe cũ,Nhập khẩu,83.000 km,Hà Nội,Hoàng Mai,Số tự động,Máy xăng,VNĐ,ThángNăm,ThángNăm,"Trả góp đều hàng thángTrả góp đều, lãi tính trên dư nợ giảm dần hàng tháng",VNĐ,Sedan,,,,,,,,,,
Kia Morning 1.25 MT 2016,199 triệu,2016,Xe cũ,Trong nước,11.111 km,Kon Tum,Đăk Hà,Số tự động,Máy xăng,VNĐ,ThángNăm,ThángNăm,"Trả góp đều hàng thángTrả góp đều, lãi tính trên dư nợ giảm dần hàng tháng",VNĐ,Hatchback,,,,,,,,,,
Kia K3 1.6 Premium 2024,600 triệu,2024,Xe cũ,Trong nước,13.600 km,Tp.HCM,Tân Phú,Số tự động,Máy xăng,VNĐ,ThángNăm,ThángNăm,"Trả góp đều hàng thángTrả góp đều, lãi tính trên dư nợ giảm dần hàng tháng",VNĐ,Sedan,,,,,,,,,,
Kia Cerato 2.0 AT Premium 2019,465 triệu,2019,Xe cũ,Trong nước,80.000 km,Hà Nội,Cầu Giấy,Số tự động,Máy xăng,VNĐ,ThángNăm,ThángNăm,"Trả góp đều hàng thángTrả góp đều, lãi tính trên dư nợ giảm dần hàng tháng",VNĐ,Sedan,,,,,,,,,,
Lexus RX 350 2019,2 tỉ 850 triệu,2019,Xe cũ,Nhập khẩu,43.000 km,Tp.HCM,Quận 7,Số tự động,Máy xăng,VNĐ,ThángNăm,ThángNăm,"Trả góp đều hàng thángTrả góp đều, lãi tính trên dư nợ giảm dần hàng tháng",VNĐ,,,,,,,,,,,
Mercedes-Benz GLC 200 4Matic 2023,1 tỉ 959 triệu,2023,Xe cũ,Trong nước,4.600 km,Tp.HCM,Quận 7,Số tự động,Máy xăng,VNĐ,ThángNăm,ThángNăm,"Trả góp đều hàng thángTrả góp đều, lãi tính trên dư nợ giảm dần hàng tháng",VNĐ,SUV,,,,,,,,,,
Mazda 3 1.5 Hatchback 2018,438 triệu,2018,Xe cũ,Trong nước,79.000 km,Hà Nội,Nam Từ Liêm,Số tự động,Máy xăng,VNĐ,ThángNăm,ThángNăm,"Trả góp đều hàng thángTrả góp đều, lãi tính trên dư nợ giảm dần hàng tháng",VNĐ,Hatchback,,,,,,,,,,
Ford Everest 2.0L ST5 6AT 2WD Titanium 2020,856 triệu,2020,Xe cũ,Nhập khẩu,85.000 km,Hà Nội,Cầu Giấy,Số tự động,Máy dầu,VNĐ,ThángNăm,ThángNăm,"Trả góp đều hàng thángTrả góp đều, lãi tính trên dư nợ giảm dần hàng tháng",VNĐ,SUV,,,,,,,,,,
Toyota Corolla Altis 2003,79 triệu,2003,Xe cũ,Trong nước,30.000 km,Phú Thọ,Việt Trì,Số sàn,Máy xăng,VNĐ,ThángNăm,ThángNăm,"Trả góp đều hàng thángTrả góp đều, lãi tính trên dư nợ giảm dần hàng tháng",VNĐ,Sedan,,,,,,,,,,
Ford Transit 9 Chỗ 2.4 Diesel 2018,475 triệu,2018,Xe cũ,Trong nước,139.000 km,Tp.HCM,Tân Phú,Số sàn,Máy dầu,VNĐ,ThángNăm,ThángNăm,"Trả góp đều hàng thángTrả góp đều, lãi tính trên dư nợ giảm dần hàng tháng",VNĐ,Van/Minivan,,,,,,,,,,
Toyota Innova 2.0E 2014,315 triệu,2014,Xe cũ,Trong nước,79.000 km,Tp.HCM,Bình Thạnh,Số sàn,Máy xăng,VNĐ,ThángNăm,ThángNăm,"Trả góp đều hàng thángTrả góp đều, lãi tính trên dư nợ giảm dần hàng tháng",VNĐ,MPV,,,,,,,,,,
Hyundai Tucson 2018,585 triệu,2018,Xe cũ,Trong nước,70.000 km,Hà Nội,Long Biên,Số tự động,Máy xăng,VNĐ,ThángNăm,ThángNăm,"Trả góp đều hàng thángTrả góp đều, lãi tính trên dư nợ giảm dần hàng tháng",VNĐ,,,,,,,,,,,
Peugeot 3008 Allure 2021,740 triệu,2021,Xe cũ,Trong nước,50.000 km,Hải Phòng,Kiến An,Số tự động,Máy xăng,VNĐ,ThángNăm,ThángNăm,"Trả góp đều hàng thángTrả góp đều, lãi tính trên dư nợ giảm dần hàng tháng",VNĐ,SUV,,,,,,,,,,
Ford Everest 2022,1 tỉ 169 triệu,2022,Xe cũ,Nhập khẩu,67.899 km,Hà Nội,Hoàng Mai,Số tự động,Máy dầu,VNĐ,ThángNăm,ThángNăm,"Trả góp đều hàng thángTrả góp đều, lãi tính trên dư nợ giảm dần hàng tháng",VNĐ,SUV,,,,,,,,,,
Hyundai Santa Fe 2.4L Xăng Tiêu chuẩn 2018,580 triệu,2018,Xe cũ,Trong nước,122 km,Bình Định,Quy Nhơn,Số tự động,Máy xăng,VNĐ,ThángNăm,ThángNăm,"Trả góp đều hàng thángTrả góp đều, lãi tính trên dư nợ giảm dần hàng tháng",VNĐ,SUV,,,,,,,,,,
Ford Ranger Wildtrak 2.0l bi-turbo 4x4 10 AT 2022,799 triệu,2022,Xe cũ,Trong nước,60.000 km,Hà Nội,,Số tự động,Máy dầu,VNĐ,ThángNăm,ThángNăm,"Trả góp đều hàng thángTrả góp đều, lãi tính trên dư nợ giảm dần hàng tháng",VNĐ,Bán tải,,,,,,,,,,
Kia Morning SX 1.1 AT 2008,155 triệu,2008,Xe cũ,Trong nước,90.000 km,Lâm Đồng,Bảo Lộc,Số tự động,Máy xăng,VNĐ,ThángNăm,ThángNăm,"Trả góp đều hàng thángTrả góp đều, lãi tính trên dư nợ giảm dần hàng tháng",VNĐ,Hatchback,,,,,,,,,,
Toyota Yaris 1.5G 2017,425 triệu,2017,Xe cũ,Nhập khẩu,24.000 km,Hà Nội,Ba Đình,Số tự động,Máy xăng,VNĐ,ThángNăm,ThángNăm,"Trả góp đều hàng thángTrả góp đều, lãi tính trên dư nợ giảm dần hàng tháng",VNĐ,Hatchback,,,,,,,,,,
Mercedes-Benz GLC 300 4Matic 2023,1 tỉ 850 triệu,2023,Xe cũ,Nhập khẩu,19.000 km,Hà Nội,Long Biên,Số tự động,Máy xăng,VNĐ,ThángNăm,ThángNăm,"Trả góp đều hàng thángTrả góp đều, lãi tính trên dư nợ giảm dần hàng tháng",VNĐ,SUV,,,,,,,,,,
Nissan Terra 2.5L V 4WD 7AT 2019,639 triệu,2019,Xe cũ,Nhập khẩu,45.000 km,Tp.HCM,Bình Thạnh,Số tự động,Máy xăng,VNĐ,ThángNăm,ThángNăm,"Trả góp đều hàng thángTrả góp đều, lãi tính trên dư nợ giảm dần hàng tháng",VNĐ,SUV,,,,,,,,,,
Ford Everest Titanium 2.0 AT 4x2 2020,860 triệu,2020,Xe cũ,Nhập khẩu,80.000 km,Hà Nội,Nam Từ Liêm,Số tự động,Máy dầu,VNĐ,ThángNăm,ThángNăm,"Trả góp đều hàng thángTrả góp đều, lãi tính trên dư nợ giảm dần hàng tháng",VNĐ,SUV,,,,,,,,,,
Hyundai Tucson 2.0 Đặc biệt 2023,830 triệu,2023,Xe cũ,Trong nước,27.310 km,Hà Nội,Thanh Xuân,Số tự động,Máy xăng,VNĐ,ThángNăm,ThángNăm,"Trả góp đều hàng thángTrả góp đều, lãi tính trên dư nợ giảm dần hàng tháng",VNĐ,Crossover,,,,,,,,,,
Mercedes-Benz GLC 300 4Matic V1 2022,1 tỉ 939 triệu,2022,Xe cũ,Nhập khẩu,8.000 km,Tp.HCM,Quận 7,Số tự động,Máy xăng,VNĐ,ThángNăm,ThángNăm,"Trả góp đều hàng thángTrả góp đều, lãi tính trên dư nợ giảm dần hàng tháng",VNĐ,SUV,,,,,,,,,,
Kia Seltos 1.4 Premium 2022,650 triệu,2022,Xe cũ,Nhập khẩu,14.000 km,Tp.HCM,,Số tự động,Máy xăng,VNĐ,ThángNăm,ThángNăm,"Trả góp đều hàng thángTrả góp đều, lãi tính trên dư nợ giảm dần hàng tháng",VNĐ,SUV,,,,,,,,,,
Rolls-Royce Cullinan Black Badge 2020,27 tỉ 900 triệu,2020,Xe cũ,Nhập khẩu,39.000 km,Hà Nội,Bắc Từ Liêm,Số tự động,Máy xăng,VNĐ,ThángNăm,ThángNăm,"Trả góp đều hàng thángTrả góp đều, lãi tính trên dư nợ giảm dần hàng tháng",VNĐ,SUV,,,,,,,,,,
Ford Everest 2.0L ST5 6AT 2WD Titanium 2018,830 triệu,2018,Xe cũ,Nhập khẩu,77.000 km,Tp.HCM,Tân Phú,Số tự động,Máy dầu,VNĐ,ThángNăm,ThángNăm,"Trả góp đều hàng thángTrả góp đều, lãi tính trên dư nợ giảm dần hàng tháng",VNĐ,SUV,,,,,,,,,,
Porsche Macan  2023,3 tỉ 789 triệu,2023,Xe cũ,Nhập khẩu,8.999 km,Tp.HCM,Quận 7,Số tự động,Máy xăng,VNĐ,ThángNăm,ThángNăm,"Trả góp đều hàng thángTrả góp đều, lãi tính trên dư nợ giảm dần hàng tháng",VNĐ,SUV,,,,,,,,,,
MG 5 1.5L MT 2024,305 triệu,2024,Xe cũ,Nhập khẩu,15.000 km,Hải Phòng,An Lão,Số sàn,Máy xăng,VNĐ,ThángNăm,ThángNăm,"Trả góp đều hàng thángTrả góp đều, lãi tính trên dư nợ giảm dần hàng tháng",VNĐ,,,,,,,,,,,
Mercedes-Benz C300 AMG 2022,1 tỉ 779 triệu,2022,Xe cũ,Nhập khẩu,12.874 km,Tp.HCM,Quận 7,Số tự động,Máy xăng,VNĐ,ThángNăm,ThángNăm,"Trả góp đều hàng thángTrả góp đều, lãi tính trên dư nợ giảm dần hàng tháng",VNĐ,Sedan,,,,,,,,,,
Nissan Navara EL 2020,485 triệu,2020,Xe cũ,Trong nước,100.000 km,Hà Nội,Thanh Xuân,Số tự động,Máy dầu,VNĐ,ThángNăm,ThángNăm,"Trả góp đều hàng thángTrả góp đều, lãi tính trên dư nợ giảm dần hàng tháng",VNĐ,,,,,,,,,,,
Kia Morning SLX 1.0 AT 2008,130 triệu,2008,Xe cũ,Nhập khẩu,130.000 km,Hưng Yên,Khoái Châu,Số tự động,Máy xăng,VNĐ,ThángNăm,ThángNăm,"Trả góp đều hàng thángTrả góp đều, lãi tính trên dư nợ giảm dần hàng tháng",VNĐ,Hatchback,,,,,,,,,,
Toyota Corolla Cross 1.8 G 2021,645 triệu,2021,Xe cũ,Trong nước,30.000 km,Thái Bình,Thái Bình,Số tự động,Máy xăng,VNĐ,ThángNăm,ThángNăm,"Trả góp đều hàng thángTrả góp đều, lãi tính trên dư nợ giảm dần hàng tháng",VNĐ,Crossover,,,,,,,,,,
Mercedes-Benz C250 AMG 2010,220 triệu,2010,Xe cũ,Nhập khẩu,78.000 km,Hà Tĩnh,Hà Tĩnh,Số tự động,Máy xăng,VNĐ,ThángNăm,ThángNăm,"Trả góp đều hàng thángTrả góp đều, lãi tính trên dư nợ giảm dần hàng tháng",VNĐ,Sedan,,,,,,,,,,
Mazda CX-5 2014,430 triệu,2014,Xe cũ,Trong nước,100.000 km,Hà Nội,Cầu Giấy,Số tự động,Máy xăng,VNĐ,ThángNăm,ThángNăm,"Trả góp đều hàng thángTrả góp đều, lãi tính trên dư nợ giảm dần hàng tháng",VNĐ,SUV,,,,,,,,,,
Hyundai Santa Fe 2015,560 triệu,2015,Xe cũ,Trong nước,120.000 km,Hà Nội,Nam Từ Liêm,Số tự động,Máy xăng,VNĐ,ThángNăm,ThángNăm,"Trả góp đều hàng thángTrả góp đều, lãi tính trên dư nợ giảm dần hàng tháng",VNĐ,SUV,,,,,,,,,,
Mazda 2 Sport 1.5L Luxury 2019,375 triệu,2019,Xe cũ,Nhập khẩu,90.000 km,Hà Nội,Cầu Giấy,Số tự động,Máy xăng,VNĐ,ThángNăm,ThángNăm,"Trả góp đều hàng thángTrả góp đều, lãi tính trên dư nợ giảm dần hàng tháng",VNĐ,Hatchback,,,,,,,,,,
Hyundai Kona 2.0 AT Tiêu chuẩn 2020,468 triệu,2020,Xe cũ,Trong nước,58.000 km,Hải Phòng,,Số tự động,Máy xăng,VNĐ,ThángNăm,ThángNăm,"Trả góp đều hàng thángTrả góp đều, lãi tính trên dư nợ giảm dần hàng tháng",VNĐ,SUV,,,,,,,,,,
Kia Sonet 1.5 Deluxe 2023,496 triệu,2023,Xe cũ,Trong nước,30.000 km,Hà Nội,,Số tự động,Máy xăng,VNĐ,ThángNăm,ThángNăm,"Trả góp đều hàng thángTrả góp đều, lãi tính trên dư nợ giảm dần hàng tháng",VNĐ,Crossover,,,,,,,,,,
Hyundai Elantra Sport 1.6 2020,520 triệu,2020,Xe cũ,Trong nước,56.000 km,Bình Dương,Thuận An,Số tự động,Máy xăng,VNĐ,ThángNăm,ThángNăm,"Trả góp đều hàng thángTrả góp đều, lãi tính trên dư nợ giảm dần hàng tháng",VNĐ,Sedan,,,,,,,,,,
Nissan Sunny XV 1.5 AT 2016,235 triệu,2016,Xe cũ,Trong nước,96.000 km,Hà Nội,,Số tự động,Máy xăng,VNĐ,ThángNăm,ThángNăm,"Trả góp đều hàng thángTrả góp đều, lãi tính trên dư nợ giảm dần hàng tháng",VNĐ,Sedan,,,,,,,,,,
MG 5 1.5L Luxury 2024,415 triệu,2024,Xe cũ,Nhập khẩu,20.000 km,Hà Nội,,Số tự động,Máy xăng,VNĐ,ThángNăm,ThángNăm,"Trả góp đều hàng thángTrả góp đều, lãi tính trên dư nợ giảm dần hàng tháng",VNĐ,Sedan,,,,,,,,,,
MG ZS 1.5 2WD Luxury 2023,465 triệu,2023,Xe cũ,Nhập khẩu,20.000 km,Hà Nội,Cầu Giấy,Số tự động,Máy xăng,VNĐ,ThángNăm,ThángNăm,"Trả góp đều hàng thángTrả góp đều, lãi tính trên dư nợ giảm dần hàng tháng",VNĐ,,,,,,,,,,,
Hyundai Accent 1.4 AT Đặc biệt 2021,448 triệu,2021,Xe cũ,Trong nước,55.000 km,Tp.HCM,Tân Phú,Số tự động,Máy xăng,VNĐ,ThángNăm,ThángNăm,"Trả góp đều hàng thángTrả góp đều, lãi tính trên dư nợ giảm dần hàng tháng",VNĐ,Sedan,,,,,,,,,,
Mercedes-Benz C200 2015,598 triệu,2015,Xe cũ,Trong nước,60.000 km,Tp.HCM,Thủ Đức,Số tự động,Máy xăng,VNĐ,ThángNăm,ThángNăm,"Trả góp đều hàng thángTrả góp đều, lãi tính trên dư nợ giảm dần hàng tháng",VNĐ,Sedan,,,,,,,,,,
Ford EcoSport Titanium 1.0L AT 2018,380 triệu,2018,Xe cũ,Trong nước,80.000 km,Hà Nội,Long Biên,Số tự động,Máy xăng,VNĐ,ThángNăm,ThángNăm,"Trả góp đều hàng thángTrả góp đều, lãi tính trên dư nợ giảm dần hàng tháng",VNĐ,SUV,,,,,,,,,,
Mercedes-Benz C300 AMG 2016,757 triệu,2016,Xe cũ,Trong nước,76.000 km,Tp.HCM,Bình Tân,Số tự động,Máy xăng,VNĐ,ThángNăm,ThángNăm,"Trả góp đều hàng thángTrả góp đều, lãi tính trên dư nợ giảm dần hàng tháng",VNĐ,Sedan,,,,,,,,,,
Hyundai Accent 1.4 MT 2021,345 triệu,2021,Xe cũ,Trong nước,99.333 km,Hải Phòng,An Lão,Số sàn,Máy xăng,VNĐ,ThángNăm,ThángNăm,"Trả góp đều hàng thángTrả góp đều, lãi tính trên dư nợ giảm dần hàng tháng",VNĐ,Sedan,,,,,,,,,,
Toyota Innova 2.0E 2017,398 triệu,2017,Xe cũ,Trong nước,170.000 km,Hải Phòng,An Lão,Số sàn,Máy xăng,VNĐ,ThángNăm,ThángNăm,"Trả góp đều hàng thángTrả góp đều, lãi tính trên dư nợ giảm dần hàng tháng",VNĐ,,,,,,,,,,,
Mazda CX-5 2.5L Signature Premium AWD 2022,775 triệu,2022,Xe cũ,Trong nước,48.000 km,Hải Phòng,Kiến An,Số tự động,Máy xăng,VNĐ,ThángNăm,ThángNăm,"Trả góp đều hàng thángTrả góp đều, lãi tính trên dư nợ giảm dần hàng tháng",VNĐ,SUV,,,,,,,,,,
Toyota Innova 2.0E 2017,435 triệu,2017,Xe cũ,Trong nước,82.000 km,Tp.HCM,Thủ Đức,Số sàn,Máy xăng,VNĐ,ThángNăm,ThángNăm,"Trả góp đều hàng thángTrả góp đều, lãi tính trên dư nợ giảm dần hàng tháng",VNĐ,MPV,,,,,,,,,,
Nissan Navara EL premium r 2.5 AT 2017,425 triệu,2017,Xe cũ,Nhập khẩu,140.000 km,Tp.HCM,Bình Thạnh,Số tự động,Máy dầu,VNĐ,ThángNăm,ThángNăm,"Trả góp đều hàng thángTrả góp đều, lãi tính trên dư nợ giảm dần hàng tháng",VNĐ,SUV,,,,,,,,,,
Toyota Hilux 2.5E 4x2 MT 2016,456 triệu,2016,Xe cũ,Nhập khẩu,92.000 km,Hà Nội,Cầu Giấy,Số sàn,Máy dầu,VNĐ,ThángNăm,ThángNăm,"Trả góp đều hàng thángTrả góp đều, lãi tính trên dư nợ giảm dần hàng tháng",VNĐ,Bán tải,,,,,,,,,,
Honda Civic 1.5 G 2018,500 triệu,2018,Xe cũ,Nhập khẩu,49.500 km,Tp.HCM,Nam Từ Liêm,Số tự động,Máy xăng,VNĐ,ThángNăm,ThángNăm,"Trả góp đều hàng thángTrả góp đều, lãi tính trên dư nợ giảm dần hàng tháng",VNĐ,Sedan,,,,,,,,,,
Hyundai Grand i10 Sedan 1.2 MT 2016,168 triệu,2016,Xe cũ,Nhập khẩu,12.345 km,Đắk Lắk,,Số sàn,Máy xăng,VNĐ,ThángNăm,ThángNăm,"Trả góp đều hàng thángTrả góp đều, lãi tính trên dư nợ giảm dần hàng tháng",VNĐ,Hatchback,,,,,,,,,,
Toyota Fortuner 2022,939 triệu,2022,Xe cũ,Trong nước,56.000 km,Long An,Tân An,Số tự động,Máy xăng,VNĐ,ThángNăm,ThángNăm,"Trả góp đều hàng thángTrả góp đều, lãi tính trên dư nợ giảm dần hàng tháng",VNĐ,,,,,,,,,,,
Kia Cerato 2.0 AT Premium 2020,490 triệu,2020,Xe cũ,Trong nước,61.000 km,Hải Phòng,Kiến Thụy,Số tự động,Máy xăng,VNĐ,ThángNăm,ThángNăm,"Trả góp đều hàng thángTrả góp đều, lãi tính trên dư nợ giảm dần hàng tháng",VNĐ,Sedan,,,,,,,,,,
Lexus LX 600 Urban 2023,8 tỉ 650 triệu,2023,Xe cũ,Nhập khẩu,16.000 km,Hà Nội,Bắc Từ Liêm,Số tự động,Máy xăng,VNĐ,ThángNăm,ThángNăm,"Trả góp đều hàng thángTrả góp đều, lãi tính trên dư nợ giảm dần hàng tháng",VNĐ,SUV,,,,,,,,,,
VinFast VF5 Plus 2025,465 triệu,2025,Xe cũ,Trong nước,20.000 km,Hải Phòng,Kiến An,Số tự động,Điện,VNĐ,ThángNăm,ThángNăm,"Trả góp đều hàng thángTrả góp đều, lãi tính trên dư nợ giảm dần hàng tháng",VNĐ,Crossover,,,,,,,,,,
Mercedes-Benz C300 2017,839 triệu,2017,Xe cũ,Nhập khẩu,68.000 km,Tp.HCM,Quận 7,Số tự động,Máy xăng,VNĐ,ThángNăm,ThángNăm,"Trả góp đều hàng thángTrả góp đều, lãi tính trên dư nợ giảm dần hàng tháng",VNĐ,Sedan,,,,,,,,,,
Land Rover Range Rover Vogue SWB 3.0P 360PS 2018,4 tỉ 750 triệu,2018,Xe cũ,Nhập khẩu,37.000 km,Hà Nội,Bắc Từ Liêm,Số tự động,Máy xăng,VNĐ,ThángNăm,ThángNăm,"Trả góp đều hàng thángTrả góp đều, lãi tính trên dư nợ giảm dần hàng tháng",VNĐ,SUV,,,,,,,,,,
Mercedes-Benz G63 4.0 V8 2021,8 tỉ 899 triệu,2021,Xe cũ,Nhập khẩu,20.000 km,Tp.HCM,Quận 7,Số tự động,Máy xăng,VNĐ,ThángNăm,ThángNăm,"Trả góp đều hàng thángTrả góp đều, lãi tính trên dư nợ giảm dần hàng tháng",VNĐ,SUV,,,,,,,,,,
BMW 520i Luxury Line 2022,1 tỉ 579 triệu,2022,Xe cũ,Nhập khẩu,23.000 km,Tp.HCM,Quận 7,Số tự động,Máy xăng,VNĐ,ThángNăm,ThángNăm,"Trả góp đều hàng thángTrả góp đều, lãi tính trên dư nợ giảm dần hàng tháng",VNĐ,Sedan,,,,,,,,,,
Ford Escape XLT 2.3 AT 4x4 2012,295 triệu,2012,Xe cũ,Trong nước,138.000 km,Tp.HCM,Tân Phú,Số tự động,Máy xăng,VNĐ,ThángNăm,ThángNăm,"Trả góp đều hàng thángTrả góp đều, lãi tính trên dư nợ giảm dần hàng tháng",VNĐ,,,,,,,,,,,
Peugeot 3008 Premium 2022,780 triệu,2022,Xe cũ,Trong nước,42.000 km,Quảng Bình,Đồng Hới,Số tự động,Máy xăng,VNĐ,ThángNăm,ThángNăm,"Trả góp đều hàng thángTrả góp đều, lãi tính trên dư nợ giảm dần hàng tháng",VNĐ,SUV,,,,,,,,,,
Honda Civic 1.8 MT 2011,235 triệu,2011,Xe cũ,Trong nước,145.000 km,Tp.HCM,,Số sàn,Máy xăng,VNĐ,ThángNăm,ThángNăm,"Trả góp đều hàng thángTrả góp đều, lãi tính trên dư nợ giảm dần hàng tháng",VNĐ,Sedan,,,,,,,,,,
Toyota Vios 1.5E MT 2018,260 triệu,2018,Xe cũ,Trong nước,300.000 km,Tp.HCM,,Số sàn,Máy xăng,VNĐ,ThángNăm,ThángNăm,"Trả góp đều hàng thángTrả góp đều, lãi tính trên dư nợ giảm dần hàng tháng",VNĐ,Sedan,,,,,,,,,,
Ford Transit 2023,745 triệu,2023,Xe cũ,Trong nước,39.000 km,Tp.HCM,Quận 12,Số tự động,Máy xăng,VNĐ,ThángNăm,ThángNăm,"Trả góp đều hàng thángTrả góp đều, lãi tính trên dư nợ giảm dần hàng tháng",VNĐ,,,,,,,,,,,
Mercedes-Benz GLC 200 4Matic 2022,1 tỉ 598 triệu,2022,Xe cũ,Trong nước,19.999 km,Tp.HCM,Quận 7,Số tự động,Máy xăng,VNĐ,ThángNăm,ThángNăm,"Trả góp đều hàng thángTrả góp đều, lãi tính trên dư nợ giảm dần hàng tháng",VNĐ,,,,,,,,,,,
Kia Morning 1.25 MT 2018,176 triệu,2018,Xe cũ,Trong nước,104.688 km,Hải Phòng,An Lão,Số sàn,Máy xăng,VNĐ,ThángNăm,ThángNăm,"Trả góp đều hàng thángTrả góp đều, lãi tính trên dư nợ giảm dần hàng tháng",VNĐ,Hatchback,,,,,,,,,,
Kia Sorento 2.2D Premium AWD 2016,525 triệu,2016,Xe cũ,Trong nước,114.000 km,Tp.HCM,Thủ Đức,Số tự động,Máy dầu,VNĐ,ThángNăm,ThángNăm,"Trả góp đều hàng thángTrả góp đều, lãi tính trên dư nợ giảm dần hàng tháng",VNĐ,SUV,,,,,,,,,,
Mazda CX-5 2.0L Premium 2020,668 triệu,2020,Xe cũ,Nhập khẩu,55.000 km,Tp.HCM,,Số tự động,Máy xăng,VNĐ,ThángNăm,ThángNăm,"Trả góp đều hàng thángTrả góp đều, lãi tính trên dư nợ giảm dần hàng tháng",VNĐ,SUV,,,,,,,,,,
Toyota Fortuner 2.7V 2015,460 triệu,2015,Xe cũ,Trong nước,90.000 km,Hà Nội,Long Biên,Số tự động,Máy xăng,VNĐ,ThángNăm,ThángNăm,"Trả góp đều hàng thángTrả góp đều, lãi tính trên dư nợ giảm dần hàng tháng",VNĐ,SUV,,,,,,,,,,
Ford Tourneo Titanium 2022,980 triệu,2022,Xe cũ,Nhập khẩu,13.000 km,Tp.HCM,Bình Tân,Số tự động,Máy xăng,VNĐ,ThángNăm,ThángNăm,"Trả góp đều hàng thángTrả góp đều, lãi tính trên dư nợ giảm dần hàng tháng",VNĐ,MPV,,,,,,,,,,
Honda Odyssey 2.4 CVT 2016,790 triệu,2016,Xe cũ,Nhập khẩu,80.000 km,Tp.HCM,Quận 7,Số tự động,Máy xăng,VNĐ,ThángNăm,ThángNăm,"Trả góp đều hàng thángTrả góp đều, lãi tính trên dư nợ giảm dần hàng tháng",VNĐ,MPV,,,,,,,,,,
Mercedes-Benz C300 AMG 2019,1 tỉ 068 triệu,2019,Xe cũ,Nhập khẩu,49.890 km,Tp.HCM,Quận 7,Số tự động,Máy xăng,VNĐ,ThángNăm,ThángNăm,"Trả góp đều hàng thángTrả góp đều, lãi tính trên dư nợ giảm dần hàng tháng",VNĐ,SUV,,,,,,,,,,
Hyundai Elantra Sport 1.6 2018,425 triệu,2018,Xe cũ,Trong nước,110.000 km,Hà Nội,Cầu Giấy,Số tự động,Máy xăng,VNĐ,ThángNăm,ThángNăm,"Trả góp đều hàng thángTrả góp đều, lãi tính trên dư nợ giảm dần hàng tháng",VNĐ,Sedan,,,,,,,,,,
Hyundai Elantra 2014,320 triệu,2014,Xe cũ,Nhập khẩu,80.000 km,Hải Phòng,An Lão,Số tự động,Máy xăng,VNĐ,ThángNăm,ThángNăm,"Trả góp đều hàng thángTrả góp đều, lãi tính trên dư nợ giảm dần hàng tháng",VNĐ,Sedan,,,,,,,,,,
VinFast Fadil Tiêu Chuẩn 2021,300 triệu,2021,Xe cũ,Trong nước,40.000 km,Thanh Hóa,Đông Sơn,Số tự động,Máy xăng,VNĐ,ThángNăm,ThángNăm,"Trả góp đều hàng thángTrả góp đều, lãi tính trên dư nợ giảm dần hàng tháng",VNĐ,Hatchback,,,,,,,,,,
Mazda 2 Sedan 1.5L Luxury 2016,310 triệu,2016,Xe cũ,Trong nước,120.000 km,Hải Phòng,,Số tự động,Máy xăng,VNĐ,ThángNăm,ThángNăm,"Trả góp đều hàng thángTrả góp đều, lãi tính trên dư nợ giảm dần hàng tháng",VNĐ,Sedan,,,,,,,,,,
Mazda CX-5 2017,530 triệu,2017,Xe cũ,Trong nước,74.000 km,Hà Nội,,Số tự động,Máy xăng,VNĐ,ThángNăm,ThángNăm,"Trả góp đều hàng thángTrả góp đều, lãi tính trên dư nợ giảm dần hàng tháng",VNĐ,SUV,,,,,,,,,,
Mazda 6 2.0 AT 2019,535 triệu,2019,Xe cũ,Trong nước,60.000 km,Phú Thọ,Đoan Hùng,Số tự động,Máy xăng,VNĐ,ThángNăm,ThángNăm,"Trả góp đều hàng thángTrả góp đều, lãi tính trên dư nợ giảm dần hàng tháng",VNĐ,Sedan,,,,,,,,,,
Kia K3 2.0 Premium 2022,525 triệu,2022,Xe cũ,Trong nước,40.000 km,Hải Phòng,Kiến An,Số tự động,Máy xăng,VNĐ,ThángNăm,ThángNăm,"Trả góp đều hàng thángTrả góp đều, lãi tính trên dư nợ giảm dần hàng tháng",VNĐ,Sedan,,,,,,,,,,
Land Rover Range Rover Evoque evoque 2012,490 triệu,2012,Xe cũ,Nhập khẩu,66.400 km,Hà Nội,Hoàng Mai,Số tự động,Máy xăng,VNĐ,ThángNăm,ThángNăm,"Trả góp đều hàng thángTrả góp đều, lãi tính trên dư nợ giảm dần hàng tháng",VNĐ,SUV,,,,,,,,,,
Hyundai Accent 1.4 AT Đặc biệt 2021,435 triệu,2021,Xe cũ,Trong nước,60.000 km,Thanh Hóa,Đông Sơn,Số tự động,Máy xăng,VNĐ,ThángNăm,ThángNăm,"Trả góp đều hàng thángTrả góp đều, lãi tính trên dư nợ giảm dần hàng tháng",VNĐ,Sedan,,,,,,,,,,
Peugeot 3008 Allure 2018,555 triệu,2018,Xe cũ,Nhập khẩu,98.000 km,Hà Nội,Thanh Xuân,Số tự động,Máy xăng,VNĐ,ThángNăm,ThángNăm,"Trả góp đều hàng thángTrả góp đều, lãi tính trên dư nợ giảm dần hàng tháng",VNĐ,SUV,,,,,,,,,,
Mercedes-Benz C200 2007,215 triệu,2007,Xe cũ,Nhập khẩu,140.000 km,Kon Tum,Đăk Hà,Số tự động,Máy xăng,VNĐ,ThángNăm,ThángNăm,"Trả góp đều hàng thángTrả góp đều, lãi tính trên dư nợ giảm dần hàng tháng",VNĐ,Sedan,,,,,,,,,,
VinFast LUX A2.0 2020,500 triệu,2020,Xe cũ,Nhập khẩu,80.000 km,Cần Thơ,,Số tự động,Máy xăng,VNĐ,ThángNăm,ThángNăm,"Trả góp đều hàng thángTrả góp đều, lãi tính trên dư nợ giảm dần hàng tháng",VNĐ,Sedan,,,,,,,,,,
Hyundai Grand i10 Hatchback 1.2 AT 2019,310 triệu,2019,Xe cũ,Trong nước,33.000 km,Hà Nội,Quốc Oai,Số tự động,Máy xăng,VNĐ,ThángNăm,ThángNăm,"Trả góp đều hàng thángTrả góp đều, lãi tính trên dư nợ giảm dần hàng tháng",VNĐ,Hatchback,,,,,,,,,,
Kia Cerato 1.6 AT Luxury 2018,438 triệu,2018,Xe cũ,Trong nước,72.000 km,Hà Nội,Bắc Từ Liêm,Số tự động,Máy xăng,VNĐ,ThángNăm,ThángNăm,"Trả góp đều hàng thángTrả góp đều, lãi tính trên dư nợ giảm dần hàng tháng",VNĐ,Sedan,,,,,,,,,,
Kia Sonet 1.5 Premium 2023,575 triệu,2023,Xe cũ,Trong nước,21.000 km,Vĩnh Phúc,Phúc Yên,Số tự động,Máy xăng,VNĐ,ThángNăm,ThángNăm,"Trả góp đều hàng thángTrả góp đều, lãi tính trên dư nợ giảm dần hàng tháng",VNĐ,Crossover,,,,,,,,,,
Porsche 718 Boxster T 2023,4 tỉ 950 triệu,2023,Xe cũ,Nhập khẩu,1.111 km,Tp.HCM,Quận 7,Số tự động,Máy xăng,VNĐ,ThángNăm,ThángNăm,"Trả góp đều hàng thángTrả góp đều, lãi tính trên dư nợ giảm dần hàng tháng",VNĐ,Convertible,,,,,,,,,,
Hyundai Accent 1.4 AT 2023,475 triệu,2023,Xe cũ,Trong nước,13.000 km,Hà Nội,Cầu Giấy,Số tự động,Máy xăng,VNĐ,ThángNăm,ThángNăm,"Trả góp đều hàng thángTrả góp đều, lãi tính trên dư nợ giảm dần hàng tháng",VNĐ,Sedan,,,,,,,,,,
BMW 735i Pure Excellence 2023,4 tỉ 598 triệu,2023,Xe cũ,Nhập khẩu,19.000 km,Tp.HCM,Quận 7,Số tự động,Máy xăng,VNĐ,ThángNăm,ThángNăm,"Trả góp đều hàng thángTrả góp đều, lãi tính trên dư nợ giảm dần hàng tháng",VNĐ,,,,,,,,,,,
Kia Cerato 1.6 AT Luxury 2018,399 triệu,2018,Xe cũ,Trong nước,65.689 km,Hà Nội,Hoàng Mai,Số tự động,Máy xăng,VNĐ,ThángNăm,ThángNăm,"Trả góp đều hàng thángTrả góp đều, lãi tính trên dư nợ giảm dần hàng tháng",VNĐ,Sedan,,,,,,,,,,
Audi A6 2021,1 tỉ 788 triệu,2021,Xe cũ,Trong nước,14.000 km,Tp.HCM,Quận 7,Số tự động,Máy xăng,VNĐ,ThángNăm,ThángNăm,"Trả góp đều hàng thángTrả góp đều, lãi tính trên dư nợ giảm dần hàng tháng",VNĐ,,,,,,,,,,,
Toyota Vios 1.5E MT 2014,148 triệu,2014,Xe cũ,Trong nước,130.000 km,Hà Nội,Hà Đông,Số sàn,Máy xăng,VNĐ,ThángNăm,ThángNăm,"Trả góp đều hàng thángTrả góp đều, lãi tính trên dư nợ giảm dần hàng tháng",VNĐ,Sedan,,,,,,,,,,
Hyundai Elantra 1.6 AT Đặc biệt 2022,546 triệu,2022,Xe cũ,Trong nước,41.000 km,Tp.HCM,,Số tự động,Máy xăng,VNĐ,ThángNăm,ThángNăm,"Trả góp đều hàng thángTrả góp đều, lãi tính trên dư nợ giảm dần hàng tháng",VNĐ,Sedan,,,,,,,,,,
Peugeot 5008 Allure 2018,650 triệu,2018,Xe cũ,Trong nước,49.219 km,Bình Dương,Thuận An,Số tự động,Máy xăng,VNĐ,ThángNăm,ThángNăm,"Trả góp đều hàng thángTrả góp đều, lãi tính trên dư nợ giảm dần hàng tháng",VNĐ,SUV,,,,,,,,,,
Toyota Land Cruiser 2023,4 tỉ 939 triệu,2023,Xe cũ,Nhập khẩu,30.000 km,Tp.HCM,Gò Vấp,Số tự động,Máy xăng,VNĐ,ThángNăm,ThángNăm,"Trả góp đều hàng thángTrả góp đều, lãi tính trên dư nợ giảm dần hàng tháng",VNĐ,SUV,,,,,,,,,,
Kia Morning 1.0 AT Sport 2011,220 triệu,2011,Xe cũ,Nhập khẩu,150.000 km,Hải Phòng,An Lão,Số tự động,Máy xăng,VNĐ,ThángNăm,ThángNăm,"Trả góp đều hàng thángTrả góp đều, lãi tính trên dư nợ giảm dần hàng tháng",VNĐ,Hatchback,,,,,,,,,,
BMW X3 xDrive30i 2021,1 tỉ 398 triệu,2021,Xe cũ,Nhập khẩu,32.200 km,Tp.HCM,Quận 7,Số tự động,Máy xăng,VNĐ,ThángNăm,ThángNăm,"Trả góp đều hàng thángTrả góp đều, lãi tính trên dư nợ giảm dần hàng tháng",VNĐ,SUV,,,,,,,,,,
Land Rover Discovery HSE Lux 3.0 TDV6 Diesel 2015,2 tỉ 355 triệu,2015,Xe cũ,Nhập khẩu,95.000 km,Hà Nội,Ba Đình,Số tự động,Máy xăng,VNĐ,ThángNăm,ThángNăm,"Trả góp đều hàng thángTrả góp đều, lãi tính trên dư nợ giảm dần hàng tháng",VNĐ,SUV,,,,,,,,,,
Mercedes-Benz C300 2019,998 triệu,2019,Xe cũ,Trong nước,61.000 km,Tp.HCM,Quận 7,Số tự động,Máy xăng,VNĐ,ThángNăm,ThángNăm,"Trả góp đều hàng thángTrả góp đều, lãi tính trên dư nợ giảm dần hàng tháng",VNĐ,Sedan,,,,,,,,,,
Mercedes-Benz C300 AMG 2021,1 tỉ 139 triệu,2021,Xe cũ,Nhập khẩu,68.000 km,Tp.HCM,Quận 7,Số tự động,Máy xăng,VNĐ,ThángNăm,ThángNăm,"Trả góp đều hàng thángTrả góp đều, lãi tính trên dư nợ giảm dần hàng tháng",VNĐ,Sedan,,,,,,,,,,
Toyota Vios 1.5 G CVT 2019,395 triệu,2019,Xe cũ,Trong nước,120.000 km,Bắc Ninh,Bắc Ninh,Số tự động,Máy xăng,VNĐ,ThángNăm,ThángNăm,"Trả góp đều hàng thángTrả góp đều, lãi tính trên dư nợ giảm dần hàng tháng",VNĐ,Sedan,,,,,,,,,,
VinFast LUX SA2.0 Tiêu chuẩn 2019,600 triệu,2019,Xe cũ,Trong nước,60.000 km,Hà Nội,,Số tự động,Máy xăng,VNĐ,ThángNăm,ThángNăm,"Trả góp đều hàng thángTrả góp đều, lãi tính trên dư nợ giảm dần hàng tháng",VNĐ,SUV,,,,,,,,,,
Honda CR-V 1.5 L 2018,668 triệu,2018,Xe cũ,Trong nước,100.000 km,Hải Phòng,An Lão,Số tự động,Máy xăng,VNĐ,ThángNăm,ThángNăm,"Trả góp đều hàng thángTrả góp đều, lãi tính trên dư nợ giảm dần hàng tháng",VNĐ,SUV,,,,,,,,,,
Mercedes-Benz E200 Exclusive 2020,1 tỉ 059 triệu,2020,Xe cũ,Trong nước,50.000 km,Tp.HCM,Quận 7,Số tự động,Máy xăng,VNĐ,ThángNăm,ThángNăm,"Trả góp đều hàng thángTrả góp đều, lãi tính trên dư nợ giảm dần hàng tháng",VNĐ,Sedan,,,,,,,,,,
Ford Everest 2.0L ST5 6AT 2WD Titanium 2019,745 triệu,2019,Xe cũ,Nhập khẩu,87.000 km,Bình Phước,Đồng Phú,Số tự động,Máy dầu,VNĐ,ThángNăm,ThángNăm,"Trả góp đều hàng thángTrả góp đều, lãi tính trên dư nợ giảm dần hàng tháng",VNĐ,SUV,,,,,,,,,,
Mercedes-Benz GLK 300 4Matic 2011,320 triệu,2011,Xe cũ,Nhập khẩu,10 km,Hà Nội,,Số tự động,Máy xăng,VNĐ,ThángNăm,ThángNăm,"Trả góp đều hàng thángTrả góp đều, lãi tính trên dư nợ giảm dần hàng tháng",VNĐ,SUV,,,,,,,,,,
Lexus LM 350 2022,5 tỉ 950 triệu,2022,Xe cũ,Nhập khẩu,50.000 km,Hà Nội,Cầu Giấy,Số tự động,Máy xăng,VNĐ,ThángNăm,ThángNăm,"Trả góp đều hàng thángTrả góp đều, lãi tính trên dư nợ giảm dần hàng tháng",VNĐ,MPV,,,,,,,,,,
Kia Cerato 2.0 AT Premium 2019,460 triệu,2019,Xe cũ,Trong nước,61.000 km,Hà Nội,Thanh Xuân,Số tự động,Máy xăng,VNĐ,ThángNăm,ThángNăm,"Trả góp đều hàng thángTrả góp đều, lãi tính trên dư nợ giảm dần hàng tháng",VNĐ,Sedan,,,,,,,,,,
Toyota Vios 1.5G AT 2020,379 triệu,2020,Xe cũ,Trong nước,60.000 km,Hà Nội,Sóc Sơn,Số tự động,Máy xăng,VNĐ,ThángNăm,ThángNăm,"Trả góp đều hàng thángTrả góp đều, lãi tính trên dư nợ giảm dần hàng tháng",VNĐ,Sedan,,,,,,,,,,
Mercedes-Benz GLC 200 V1 2022,1 tỉ 438 triệu,2022,Xe cũ,Trong nước,28.000 km,Tp.HCM,Bình Tân,Số tự động,Máy xăng,VNĐ,ThángNăm,ThángNăm,"Trả góp đều hàng thángTrả góp đều, lãi tính trên dư nợ giảm dần hàng tháng",VNĐ,SUV,,,,,,,,,,
Toyota Fortuner 2.5G 4x2 MT 2016,545 triệu,2016,Xe cũ,Trong nước,116.000 km,Tp.HCM,,Số sàn,Máy dầu,VNĐ,ThángNăm,ThángNăm,"Trả góp đều hàng thángTrả góp đều, lãi tính trên dư nợ giảm dần hàng tháng",VNĐ,SUV,,,,,,,,,,
Teraco Tera 100 2023,185 triệu,2023,Xe cũ,Trong nước,12.000 km,Bắc Ninh,Quế Võ,Số sàn,Máy xăng,VNĐ,ThángNăm,ThángNăm,"Trả góp đều hàng thángTrả góp đều, lãi tính trên dư nợ giảm dần hàng tháng",VNĐ,Xe tải,,,,,,,,,,
BMW 320i 2024,1 tỉ 468 triệu,2024,Xe cũ,Trong nước,8.000 km,Tp.HCM,Quận 7,Số tự động,Máy xăng,VNĐ,ThángNăm,ThángNăm,"Trả góp đều hàng thángTrả góp đều, lãi tính trên dư nợ giảm dần hàng tháng",VNĐ,,,,,,,,,,,
Ford Ranger XLS 2.0L 4x2 MT 2017,366 triệu,2017,Xe cũ,Nhập khẩu,80.000 km,Hà Nội,Thanh Xuân,Số sàn,Máy dầu,VNĐ,ThángNăm,ThángNăm,"Trả góp đều hàng thángTrả góp đều, lãi tính trên dư nợ giảm dần hàng tháng",VNĐ,Bán tải,,,,,,,,,,
Mercedes-Benz A45 4Matic 2014,625 triệu,2014,Xe cũ,Nhập khẩu,60.000 km,Tp.HCM,Quận 7,Số tự động,Máy xăng,VNĐ,ThángNăm,ThángNăm,"Trả góp đều hàng thángTrả góp đều, lãi tính trên dư nợ giảm dần hàng tháng",VNĐ,Hatchback,,,,,,,,,,
Ford Ranger 2016,455 triệu,2016,Xe cũ,Nhập khẩu,121.000 km,Tp.HCM,Tân Phú,Số sàn,Máy dầu,VNĐ,ThángNăm,ThángNăm,"Trả góp đều hàng thángTrả góp đều, lãi tính trên dư nợ giảm dần hàng tháng",VNĐ,Bán tải,,,,,,,,,,
Volvo XC90 B6 AWD Ultimate 2022,3 tỉ 190 triệu,2022,Xe cũ,Nhập khẩu,70.000 km,Hà Nội,Ba Đình,Số tự động,Máy xăng,VNĐ,ThángNăm,ThángNăm,"Trả góp đều hàng thángTrả góp đều, lãi tính trên dư nợ giảm dần hàng tháng",VNĐ,SUV,,,,,,,,,,
Hyundai Santa Fe 2.2 Dầu Cao cấp 2019,820 triệu,2019,Xe cũ,Trong nước,80.000 km,Hà Nội,Cầu Giấy,Số tự động,Máy dầu,VNĐ,ThángNăm,ThángNăm,"Trả góp đều hàng thángTrả góp đều, lãi tính trên dư nợ giảm dần hàng tháng",VNĐ,SUV,,,,,,,,,,
Ford Ranger XLS 2.0L 4x2 AT 2014,344 triệu,2014,Xe cũ,Nhập khẩu,100.000 km,Hà Nội,Thanh Xuân,Số tự động,Máy dầu,VNĐ,ThángNăm,ThángNăm,"Trả góp đều hàng thángTrả góp đều, lãi tính trên dư nợ giảm dần hàng tháng",VNĐ,Bán tải,,,,,,,,,,
Mazda CX-5 2.0 Deluxe 2023,690 triệu,2023,Xe cũ,Trong nước,45.176 km,Hà Nội,Thanh Xuân,Số tự động,Máy xăng,VNĐ,ThángNăm,ThángNăm,"Trả góp đều hàng thángTrả góp đều, lãi tính trên dư nợ giảm dần hàng tháng",VNĐ,SUV,,,,,,,,,,
Volkswagen Teramont X 2022,1 tỉ 738 triệu,2022,Xe cũ,Trong nước,16.666 km,Tp.HCM,Quận 7,Số tự động,Máy xăng,VNĐ,ThángNăm,ThángNăm,"Trả góp đều hàng thángTrả góp đều, lãi tính trên dư nợ giảm dần hàng tháng",VNĐ,,,,,,,,,,,
Mercedes-Benz V250 Luxury 2019,1 tỉ 559 triệu,2019,Xe cũ,Nhập khẩu,42.000 km,Tp.HCM,Quận 7,Số tự động,Máy xăng,VNĐ,ThángNăm,ThángNăm,"Trả góp đều hàng thángTrả góp đều, lãi tính trên dư nợ giảm dần hàng tháng",VNĐ,Van/Minivan,,,,,,,,,,
Ford Everest 2.0L ST5 6AT 2WD Titanium 2018,830 triệu,2018,Xe cũ,Nhập khẩu,77.000 km,Đồng Nai,Định Quán,Số tự động,Máy dầu,VNĐ,ThángNăm,ThángNăm,"Trả góp đều hàng thángTrả góp đều, lãi tính trên dư nợ giảm dần hàng tháng",VNĐ,SUV,,,,,,,,,,
Chevrolet Spark 1.0 2015,98 triệu,2015,Xe cũ,Trong nước,82.000 km,Kon Tum,Đăk Hà,Số tự động,Máy xăng,VNĐ,ThángNăm,ThángNăm,"Trả góp đều hàng thángTrả góp đều, lãi tính trên dư nợ giảm dần hàng tháng",VNĐ,Hatchback,,,,,,,,,,
Mazda 3 1.5L Sedan 2017,379 triệu,2017,Xe cũ,Trong nước,90.000 km,Hà Nội,Hoàng Mai,Số tự động,Máy xăng,VNĐ,ThángNăm,ThángNăm,"Trả góp đều hàng thángTrả góp đều, lãi tính trên dư nợ giảm dần hàng tháng",VNĐ,Sedan,,,,,,,,,,
VinFast VF8 Eco 2023,760 triệu,2023,Xe cũ,Trong nước,18.000 km,Hà Nội,Cầu Giấy,Số tự động,Điện,VNĐ,ThángNăm,ThángNăm,"Trả góp đều hàng thángTrả góp đều, lãi tính trên dư nợ giảm dần hàng tháng",VNĐ,SUV,,,,,,,,,,
Ford Ranger Wildtrak 2.0L 4x4 AT 2022,785 triệu,2022,Xe cũ,Nhập khẩu,60.000 km,Hà Nội,Tây Hồ,Số tự động,Máy dầu,VNĐ,ThángNăm,ThángNăm,"Trả góp đều hàng thángTrả góp đều, lãi tính trên dư nợ giảm dần hàng tháng",VNĐ,Bán tải,,,,,,,,,,
Toyota Fortuner 2.4 MT 4x2 2017,610 triệu,2017,Xe cũ,Nhập khẩu,150.000 km,Hưng Yên,Khoái Châu,Số sàn,Máy dầu,VNĐ,ThángNăm,ThángNăm,"Trả góp đều hàng thángTrả góp đều, lãi tính trên dư nợ giảm dần hàng tháng",VNĐ,SUV,,,,,,,,,,
BMW 330i 2023,1 tỉ 739 triệu,2023,Xe cũ,Trong nước,4.000 km,Tp.HCM,Quận 7,Số tự động,Máy xăng,VNĐ,ThángNăm,ThángNăm,"Trả góp đều hàng thángTrả góp đều, lãi tính trên dư nợ giảm dần hàng tháng",VNĐ,Sedan,,,,,,,,,,
Mercedes-Benz C200 2001,59 triệu,2001,Xe cũ,Nhập khẩu,110.000 km,Nghệ An,Vinh,Số tự động,Máy xăng,VNĐ,ThángNăm,ThángNăm,"Trả góp đều hàng thángTrả góp đều, lãi tính trên dư nợ giảm dần hàng tháng",VNĐ,Sedan,,,,,,,,,,
Mercedes-Benz S400 3.0 V6 2016,2 tỉ 500 triệu,2016,Xe cũ,Nhập khẩu,60.000 km,Hà Nội,Long Biên,Số tự động,Máy xăng,VNĐ,ThángNăm,ThángNăm,"Trả góp đều hàng thángTrả góp đều, lãi tính trên dư nợ giảm dần hàng tháng",VNĐ,Sedan,,,,,,,,,,
Mercedes-Benz GLC 300 4Matic 2021,1 tỉ 690 triệu,2021,Xe cũ,Trong nước,20.000 km,Tp.HCM,Quận 7,Số tự động,Máy xăng,VNĐ,ThángNăm,ThángNăm,"Trả góp đều hàng thángTrả góp đều, lãi tính trên dư nợ giảm dần hàng tháng",VNĐ,SUV,,,,,,,,,,
Mercedes-Benz C250 AMG 2010,220 triệu,2010,Xe cũ,Nhập khẩu,81.000 km,Nghệ An,Vinh,Số tự động,Máy xăng,VNĐ,ThángNăm,ThángNăm,"Trả góp đều hàng thángTrả góp đều, lãi tính trên dư nợ giảm dần hàng tháng",VNĐ,Sedan,,,,,,,,,,
Lexus RX 200T T 2016,1 tỉ 700 triệu,2016,Xe cũ,Nhập khẩu,80.000 km,Hà Nội,Cầu Giấy,Số tự động,Máy xăng,VNĐ,ThángNăm,ThángNăm,"Trả góp đều hàng thángTrả góp đều, lãi tính trên dư nợ giảm dần hàng tháng",VNĐ,SUV,,,,,,,,,,
Honda CR-V 1.5 L 2020,855 triệu,2020,Xe cũ,Trong nước,43.000 km,Hải Phòng,,Số tự động,Máy xăng,VNĐ,ThángNăm,ThángNăm,"Trả góp đều hàng thángTrả góp đều, lãi tính trên dư nợ giảm dần hàng tháng",VNĐ,SUV,,,,,,,,,,
Mercedes-Benz E200 E200 2019,1 tỉ 050 triệu,2019,Xe cũ,Nhập khẩu,50.000 km,Hà Nội,Hoàng Mai,Số tự động,Máy xăng,VNĐ,ThángNăm,ThángNăm,"Trả góp đều hàng thángTrả góp đều, lãi tính trên dư nợ giảm dần hàng tháng",VNĐ,Sedan,,,,,,,,,,
Mazda 2 Sedan 1.5L Premium 2017,345 triệu,2017,Xe cũ,Trong nước,85.000 km,Hà Nội,Thanh Xuân,Số tự động,Máy xăng,VNĐ,ThángNăm,ThángNăm,"Trả góp đều hàng thángTrả góp đều, lãi tính trên dư nợ giảm dần hàng tháng",VNĐ,Sedan,,,,,,,,,,
Ford EcoSport Titanium 1.5L AT 2014,290 triệu,2014,Xe cũ,Nhập khẩu,66.000 km,Tp.HCM,,Số tự động,Máy xăng,VNĐ,ThángNăm,ThángNăm,"Trả góp đều hàng thángTrả góp đều, lãi tính trên dư nợ giảm dần hàng tháng",VNĐ,SUV,,,,,,,,,,
Mazda 6 2.5L 2015,399 triệu,2015,Xe cũ,Trong nước,110.000 km,Bắc Giang,Hiệp Hòa,Số tự động,Máy xăng,VNĐ,ThángNăm,ThángNăm,"Trả góp đều hàng thángTrả góp đều, lãi tính trên dư nợ giảm dần hàng tháng",VNĐ,Sedan,,,,,,,,,,
Honda CR-V 1.5 L 2023,920 triệu,2023,Xe cũ,Trong nước,40.000 km,Tp.HCM,Quận 10,Số tự động,Máy xăng,VNĐ,ThángNăm,ThángNăm,"Trả góp đều hàng thángTrả góp đều, lãi tính trên dư nợ giảm dần hàng tháng",VNĐ,SUV,,,,,,,,,,
Nissan Navara EL Premium 2019,460 triệu,2019,Xe cũ,Nhập khẩu,71.000 km,Tp.HCM,Tân Phú,Số tự động,Máy dầu,VNĐ,ThángNăm,ThángNăm,"Trả góp đều hàng thángTrả góp đều, lãi tính trên dư nợ giảm dần hàng tháng",VNĐ,Bán tải,,,,,,,,,,
Mitsubishi Grandis 2.4 MIVEC 2010,247 triệu,2010,Xe cũ,Trong nước,90.000 km,Tp.HCM,,Số tự động,Máy xăng,VNĐ,ThángNăm,ThángNăm,"Trả góp đều hàng thángTrả góp đều, lãi tính trên dư nợ giảm dần hàng tháng",VNĐ,MPV,,,,,,,,,,
Lexus ES 250 F-Sport 2023,2 tỉ 550 triệu,2023,Xe cũ,Nhập khẩu,12.000 km,Tp.HCM,Quận 1,Số tự động,Máy xăng,VNĐ,ThángNăm,ThángNăm,"Trả góp đều hàng thángTrả góp đều, lãi tính trên dư nợ giảm dần hàng tháng",VNĐ,,,,,,,,,,,
Hyundai Elantra   2.0 AT 2018,445 triệu,2018,Xe cũ,Trong nước,52.000 km,Bình Dương,Thuận An,Số tự động,Máy xăng,VNĐ,ThángNăm,ThángNăm,"Trả góp đều hàng thángTrả góp đều, lãi tính trên dư nợ giảm dần hàng tháng",VNĐ,Sedan,,,,,,,,,,
Mercedes-Benz GLC 200 4Matic 2021,1 tỉ 559 triệu,2021,Xe cũ,Trong nước,27.500 km,Tp.HCM,Quận 7,Số tự động,Máy xăng,VNĐ,ThángNăm,ThángNăm,"Trả góp đều hàng thángTrả góp đều, lãi tính trên dư nợ giảm dần hàng tháng",VNĐ,SUV,,,,,,,,,,
Mitsubishi Outlander 2.4 CVT Premium 2022,769 triệu,2022,Xe cũ,Trong nước,12.000 km,Hà Nội,,Số tự động,Máy xăng,VNĐ,ThángNăm,ThángNăm,"Trả góp đều hàng thángTrả góp đều, lãi tính trên dư nợ giảm dần hàng tháng",VNĐ,SUV,,,,,,,,,,
Honda City 1.5 CVT 2017,828 triệu,2017,Xe cũ,Trong nước,88.000 km,Hà Nội,Cầu Giấy,Số tự động,Máy xăng,VNĐ,ThángNăm,ThángNăm,"Trả góp đều hàng thángTrả góp đều, lãi tính trên dư nợ giảm dần hàng tháng",VNĐ,Sedan,,,,,,,,,,
Isuzu D-Max LS 3.0 4x2 AT 2008,195 triệu,2008,Xe cũ,Trong nước,160.000 km,Hà Nội,Hà Đông,Số tự động,Máy dầu,VNĐ,ThángNăm,ThángNăm,"Trả góp đều hàng thángTrả góp đều, lãi tính trên dư nợ giảm dần hàng tháng",VNĐ,Bán tải,,,,,,,,,,
Toyota Innova 2.0E 2018,388 triệu,2018,Xe cũ,Trong nước,90.000 km,Tp.HCM,,Số tự động,Máy xăng,VNĐ,ThángNăm,ThángNăm,"Trả góp đều hàng thángTrả góp đều, lãi tính trên dư nợ giảm dần hàng tháng",VNĐ,MPV,,,,,,,,,,
Toyota Fortuner 2.7 V 4X2 AT 2010,310 triệu,2010,Xe cũ,Trong nước,100.000 km,Hà Nội,Cầu Giấy,Số tự động,Máy xăng,VNĐ,ThángNăm,ThángNăm,"Trả góp đều hàng thángTrả góp đều, lãi tính trên dư nợ giảm dần hàng tháng",VNĐ,SUV,,,,,,,,,,
Mercedes-Benz C200 Exclusive 2020,1 tỉ 039 triệu,2020,Xe cũ,Nhập khẩu,13.000 km,Tp.HCM,Quận 7,Số tự động,Máy xăng,VNĐ,ThángNăm,ThángNăm,"Trả góp đều hàng thángTrả góp đều, lãi tính trên dư nợ giảm dần hàng tháng",VNĐ,Sedan,,,,,,,,,,
Toyota Innova 2.0E 2017,396 triệu,2017,Xe cũ,Trong nước,139.000 km,Đồng Nai,Biên Hòa,Số sàn,Máy xăng,VNĐ,ThángNăm,ThángNăm,"Trả góp đều hàng thángTrả góp đều, lãi tính trên dư nợ giảm dần hàng tháng",VNĐ,,,,,,,,,,,
Kia K3 1.6AT 2022,555 triệu,2022,Xe cũ,Trong nước,45.000 km,Hà Nội,Cầu Giấy,Số tự động,Máy xăng,VNĐ,ThángNăm,ThángNăm,"Trả góp đều hàng thángTrả góp đều, lãi tính trên dư nợ giảm dần hàng tháng",VNĐ,,,,,,,,,,,
Volkswagen Viloran Luxury 2023,2 tỉ 039 triệu,2023,Xe cũ,Nhập khẩu,35.000 km,Tp.HCM,Gò Vấp,Số tự động,Máy xăng,VNĐ,ThángNăm,ThángNăm,"Trả góp đều hàng thángTrả góp đều, lãi tính trên dư nợ giảm dần hàng tháng",VNĐ,MPV,,,,,,,,,,
Lexus GX 460 2016,2 tỉ 350 triệu,2016,Xe cũ,Trong nước,86.000 km,Tp.HCM,Gò Vấp,Số tự động,Máy xăng,VNĐ,ThángNăm,ThángNăm,"Trả góp đều hàng thángTrả góp đều, lãi tính trên dư nợ giảm dần hàng tháng",VNĐ,SUV,,,,,,,,,,
Kia Forte SLI 1.6 AT 2011,255 triệu,2011,Xe cũ,Trong nước,92.580 km,Hải Phòng,An Lão,Số tự động,Máy xăng,VNĐ,ThángNăm,ThángNăm,"Trả góp đều hàng thángTrả góp đều, lãi tính trên dư nợ giảm dần hàng tháng",VNĐ,Sedan,,,,,,,,,,
Kia Cerato 1.6 MT 2018,295 triệu,2018,Xe cũ,Trong nước,80.000 km,Hải Phòng,Đồ Sơn,Số sàn,Máy xăng,VNĐ,ThángNăm,ThángNăm,"Trả góp đều hàng thángTrả góp đều, lãi tính trên dư nợ giảm dần hàng tháng",VNĐ,Sedan,,,,,,,,,,
Porsche Panamera 2023,5 tỉ 978 triệu,2023,Xe cũ,Nhập khẩu,9.000 km,Tp.HCM,Quận 7,Số tự động,Máy xăng,VNĐ,ThángNăm,ThángNăm,"Trả góp đều hàng thángTrả góp đều, lãi tính trên dư nợ giảm dần hàng tháng",VNĐ,,,,,,,,,,,
Mercedes-Benz S450 2020,2 tỉ 500 triệu,2020,Xe cũ,Trong nước,41.000 km,Tp.HCM,,Số tự động,Máy xăng,VNĐ,ThángNăm,ThángNăm,"Trả góp đều hàng thángTrả góp đều, lãi tính trên dư nợ giảm dần hàng tháng",VNĐ,Sedan,,,,,,,,,,
Kia Carnival 2.2D Signature 2022,1 tỉ 250 triệu,2022,Xe cũ,Trong nước,39.000 km,Hà Nội,Long Biên,Số tự động,Máy dầu,VNĐ,ThángNăm,ThángNăm,"Trả góp đều hàng thángTrả góp đều, lãi tính trên dư nợ giảm dần hàng tháng",VNĐ,MPV,,,,,,,,,,
Kia Seltos 1.4T Premium 2023,655 triệu,2023,Xe cũ,Trong nước,14.000 km,Hưng Yên,Ân Thi,Số tự động,Máy xăng,VNĐ,ThángNăm,ThángNăm,"Trả góp đều hàng thángTrả góp đều, lãi tính trên dư nợ giảm dần hàng tháng",VNĐ,SUV,,,,,,,,,,
VinFast LUX A2.0 2022,558 triệu,2022,Xe cũ,Trong nước,69.000 km,Tp.HCM,,Số tự động,Máy xăng,VNĐ,ThángNăm,ThángNăm,"Trả góp đều hàng thángTrả góp đều, lãi tính trên dư nợ giảm dần hàng tháng",VNĐ,Sedan,,,,,,,,,,
Toyota Fortuner 2.4G 4x2 AT  2017,525 triệu,2017,Xe cũ,Nhập khẩu,135 km,Nghệ An,,Số sàn,Máy dầu,VNĐ,ThángNăm,ThángNăm,"Trả góp đều hàng thángTrả góp đều, lãi tính trên dư nợ giảm dần hàng tháng",VNĐ,SUV,,,,,,,,,,
VinFast LUX A2.0 Cao cấp 2020,580 triệu,2020,Xe cũ,Trong nước,76.000 km,Hà Nội,Thanh Xuân,Số tự động,Máy xăng,VNĐ,ThángNăm,ThángNăm,"Trả góp đều hàng thángTrả góp đều, lãi tính trên dư nợ giảm dần hàng tháng",VNĐ,,,,,,,,,,,
Ford EcoSport Titanium 1.5L AT 2020,455 triệu,2020,Xe cũ,Trong nước,85.000 km,Tp.HCM,Tân Phú,Số tự động,Máy xăng,VNĐ,ThángNăm,ThángNăm,"Trả góp đều hàng thángTrả góp đều, lãi tính trên dư nợ giảm dần hàng tháng",VNĐ,Convertible,,,,,,,,,,
Toyota Corolla Altis 1.8 G 2010,275 triệu,2010,Xe cũ,Trong nước,170.000 km,Hà Nội,Hoàng Mai,Số tự động,Máy xăng,VNĐ,ThángNăm,ThángNăm,"Trả góp đều hàng thángTrả góp đều, lãi tính trên dư nợ giảm dần hàng tháng",VNĐ,Sedan,,,,,,,,,,
Toyota Land Cruiser V6 3.5L TURBO 2023,5 tỉ 190 triệu,2023,Xe cũ,Nhập khẩu,40.000 km,Tp.HCM,Quận 10,Số tự động,Máy xăng,VNĐ,ThángNăm,ThángNăm,"Trả góp đều hàng thángTrả góp đều, lãi tính trên dư nợ giảm dần hàng tháng",VNĐ,SUV,,,,,,,,,,
Mitsubishi Xpander 1.5 AT  2020,465 triệu,2020,Xe cũ,Nhập khẩu,80.000 km,Hải Phòng,An Lão,Số tự động,Máy xăng,VNĐ,ThángNăm,ThángNăm,"Trả góp đều hàng thángTrả góp đều, lãi tính trên dư nợ giảm dần hàng tháng",VNĐ,,,,,,,,,,,
Mazda 2 1.5AT 2014,285 triệu,2014,Xe cũ,Trong nước,72.000 km,Lâm Đồng,Bảo Lộc,Số tự động,Máy xăng,VNĐ,ThángNăm,ThángNăm,"Trả góp đều hàng thángTrả góp đều, lãi tính trên dư nợ giảm dần hàng tháng",VNĐ,Sedan,,,,,,,,,,
Hyundai Creta 1.6 AT Diesel 2015,363 triệu,2015,Xe cũ,Nhập khẩu,98.000 km,Bình Dương,Thuận An,Số tự động,Máy dầu,VNĐ,ThángNăm,ThángNăm,"Trả góp đều hàng thángTrả góp đều, lãi tính trên dư nợ giảm dần hàng tháng",VNĐ,SUV,,,,,,,,,,
Kia Seltos 1.6 Luxury 2024,649 triệu,2024,Xe cũ,Trong nước,22.000 km,Tp.HCM,Tân Phú,Số tự động,Máy xăng,VNĐ,ThángNăm,ThángNăm,"Trả góp đều hàng thángTrả góp đều, lãi tính trên dư nợ giảm dần hàng tháng",VNĐ,SUV,,,,,,,,,,
Kia Cerato 1.6 AT Premium 2018,360 triệu,2018,Xe cũ,Trong nước,80.000 km,Đắk Lắk,,Số tự động,Máy xăng,VNĐ,ThángNăm,ThángNăm,"Trả góp đều hàng thángTrả góp đều, lãi tính trên dư nợ giảm dần hàng tháng",VNĐ,Sedan,,,,,,,,,,
Mazda 3 1.5L Sedan 2019,465 triệu,2019,Xe cũ,Trong nước,80.000 km,Hà Nội,Thanh Xuân,Số tự động,Máy xăng,VNĐ,ThángNăm,ThángNăm,"Trả góp đều hàng thángTrả góp đều, lãi tính trên dư nợ giảm dần hàng tháng",VNĐ,Sedan,,,,,,,,,,
Jeep Grand Cheroke 2023,4 tỉ 589 triệu,2023,Xe cũ,Nhập khẩu,25.000 km,Tp.HCM,Quận 7,Số tự động,Máy xăng,VNĐ,ThángNăm,ThángNăm,"Trả góp đều hàng thángTrả góp đều, lãi tính trên dư nợ giảm dần hàng tháng",VNĐ,SUV,,,,,,,,,,
Mitsubishi Xpander 1.5 AT  2021,490 triệu,2021,Xe cũ,Nhập khẩu,60 km,Thanh Hóa,Đông Sơn,Số tự động,Máy xăng,VNĐ,ThángNăm,ThángNăm,"Trả góp đều hàng thángTrả góp đều, lãi tính trên dư nợ giảm dần hàng tháng",VNĐ,MPV,,,,,,,,,,
BMW 320i Sport Line 2022,1 tỉ 238 triệu,2022,Xe cũ,Nhập khẩu,10.000 km,Hà Nội,Long Biên,Số tự động,Máy xăng,VNĐ,ThángNăm,ThángNăm,"Trả góp đều hàng thángTrả góp đều, lãi tính trên dư nợ giảm dần hàng tháng",VNĐ,Sedan,,,,,,,,,,
Toyota Raize 2021,449 triệu,2021,Xe cũ,Nhập khẩu,69.000 km,Hà Nội,Cầu Giấy,Số tự động,Máy xăng,VNĐ,ThángNăm,ThángNăm,"Trả góp đều hàng thángTrả góp đều, lãi tính trên dư nợ giảm dần hàng tháng",VNĐ,Crossover,,,,,,,,,,
Toyota Corolla Altis 1.8 G 2019,555 triệu,2019,Xe cũ,Trong nước,53.000 km,Hà Nội,Nam Từ Liêm,Số tự động,Máy xăng,VNĐ,ThángNăm,ThángNăm,"Trả góp đều hàng thángTrả góp đều, lãi tính trên dư nợ giảm dần hàng tháng",VNĐ,Sedan,,,,,,,,,,
Kia Soluto AT Luxury 2022,405 triệu,2022,Xe cũ,Trong nước,30.000 km,Bình Dương,,Số tự động,Máy xăng,VNĐ,ThángNăm,ThángNăm,"Trả góp đều hàng thángTrả góp đều, lãi tính trên dư nợ giảm dần hàng tháng",VNĐ,Sedan,,,,,,,,,,
Kia Carens SX 2.0 MT 2016,235 triệu,2016,Xe cũ,Nhập khẩu,110.000 km,Tp.HCM,,Số sàn,Máy xăng,VNĐ,ThángNăm,ThángNăm,"Trả góp đều hàng thángTrả góp đều, lãi tính trên dư nợ giảm dần hàng tháng",VNĐ,MPV,,,,,,,,,,
Toyota Land Cruiser Prado 2021,2 tỉ 699 triệu,2021,Xe cũ,Nhập khẩu,30.000 km,Hà Nội,Long Biên,Số tự động,Máy xăng,VNĐ,ThángNăm,ThángNăm,"Trả góp đều hàng thángTrả góp đều, lãi tính trên dư nợ giảm dần hàng tháng",VNĐ,,,,,,,,,,,
Kia Morning Si 1.25 MT 2017,200 triệu,2017,Xe cũ,Trong nước,120.000 km,Hưng Yên,Khoái Châu,Số sàn,Máy xăng,VNĐ,ThángNăm,ThángNăm,"Trả góp đều hàng thángTrả góp đều, lãi tính trên dư nợ giảm dần hàng tháng",VNĐ,Hatchback,,,,,,,,,,
Honda Civic 1.5 E 2021,580 triệu,2021,Xe cũ,Nhập khẩu,47.000 km,Tp.HCM,Thủ Đức,Số tự động,Máy xăng,VNĐ,ThángNăm,ThángNăm,"Trả góp đều hàng thángTrả góp đều, lãi tính trên dư nợ giảm dần hàng tháng",VNĐ,Sedan,,,,,,,,,,
Hyundai Santa Fe 2.2L Dầu Tiêu chuẩn 2021,840 triệu,2021,Xe cũ,Trong nước,75.000 km,Hà Nội,Thanh Xuân,Số tự động,Máy dầu,VNĐ,ThángNăm,ThángNăm,"Trả góp đều hàng thángTrả góp đều, lãi tính trên dư nợ giảm dần hàng tháng",VNĐ,SUV,,,,,,,,,,
Mitsubishi Xpander Cross 1.5 AT 2023,640 triệu,2023,Xe cũ,Trong nước,30.000 km,Hải Phòng,Kiến An,Số tự động,Máy xăng,VNĐ,ThángNăm,ThángNăm,"Trả góp đều hàng thángTrả góp đều, lãi tính trên dư nợ giảm dần hàng tháng",VNĐ,SUV,,,,,,,,,,
VinFast SA President 2020,585 triệu,2020,Xe cũ,Trong nước,69.000 km,Hà Nội,Bắc Từ Liêm,Số tự động,Máy xăng,VNĐ,ThángNăm,ThángNăm,"Trả góp đều hàng thángTrả góp đều, lãi tính trên dư nợ giảm dần hàng tháng",VNĐ,Sedan,,,,,,,,,,
Mercedes-Benz C250 Exclusive 2016,585 triệu,2016,Xe cũ,Nhập khẩu,60.000 km,Hà Nội,Tây Hồ,Số tự động,Máy xăng,VNĐ,ThángNăm,ThángNăm,"Trả góp đều hàng thángTrả góp đều, lãi tính trên dư nợ giảm dần hàng tháng",VNĐ,Sedan,,,,,,,,,,
Ford Transit MID Tiêu chuẩn 2016,390 triệu,2016,Xe cũ,Trong nước,80.000 km,Hà Nội,Đông Anh,Số sàn,Máy dầu,VNĐ,ThángNăm,ThángNăm,"Trả góp đều hàng thángTrả góp đều, lãi tính trên dư nợ giảm dần hàng tháng",VNĐ,Van/Minivan,,,,,,,,,,
Kia K3 2.0 Premium 2024,615 triệu,2024,Xe cũ,Trong nước,2.900 km,Hà Nội,Hoàng Mai,Số tự động,Máy xăng,VNĐ,ThángNăm,ThángNăm,"Trả góp đều hàng thángTrả góp đều, lãi tính trên dư nợ giảm dần hàng tháng",VNĐ,Sedan,,,,,,,,,,
Kia Cerato 2.0 AT Premium 2019,425 triệu,2019,Xe cũ,Nhập khẩu,75.000 km,Đồng Nai,,Số tự động,Máy xăng,VNĐ,ThángNăm,ThángNăm,"Trả góp đều hàng thángTrả góp đều, lãi tính trên dư nợ giảm dần hàng tháng",VNĐ,Sedan,,,,,,,,,,
VinFast VF e34 Tiêu chuẩn 2022,469 triệu,2022,Xe cũ,Trong nước,68.000 km,Hà Nội,Cầu Giấy,Số tự động,Điện,VNĐ,ThángNăm,ThángNăm,"Trả góp đều hàng thángTrả góp đều, lãi tính trên dư nợ giảm dần hàng tháng",VNĐ,,,,,,,,,,,
Kia Carnival 2.2D Signature 2023,1 tỉ 270 triệu,2023,Xe cũ,Trong nước,30.000 km,Bắc Ninh,Bắc Ninh,Số tự động,Máy dầu,VNĐ,ThángNăm,ThángNăm,"Trả góp đều hàng thángTrả góp đều, lãi tính trên dư nợ giảm dần hàng tháng",VNĐ,MPV,,,,,,,,,,
Nissan X trail 2.0 SL 2WD Premium 2017,489 triệu,2017,Xe cũ,Trong nước,100.000 km,Hà Nội,Cầu Giấy,Số tự động,Máy xăng,VNĐ,ThángNăm,ThángNăm,"Trả góp đều hàng thángTrả góp đều, lãi tính trên dư nợ giảm dần hàng tháng",VNĐ,SUV,,,,,,,,,,
Ford Ranger Wildtrak 3.2 4x4 AT 2017,605 triệu,2017,Xe cũ,Nhập khẩu,90.000 km,Tp.HCM,Tân Phú,Số tự động,Máy dầu,VNĐ,ThángNăm,ThángNăm,"Trả góp đều hàng thángTrả góp đều, lãi tính trên dư nợ giảm dần hàng tháng",VNĐ,Bán tải,,,,,,,,,,
Kia K5 2.5 GT-Line 2022,779 triệu,2022,Xe cũ,Trong nước,20.000 km,Tp.HCM,Quận 2,Số tự động,Máy xăng,VNĐ,ThángNăm,ThángNăm,"Trả góp đều hàng thángTrả góp đều, lãi tính trên dư nợ giảm dần hàng tháng",VNĐ,Sedan,,,,,,,,,,
Ford Everest Ambiente 2.0 AT 4x2 2023,1 tỉ 030 triệu,2023,Xe cũ,Nhập khẩu,11.500 km,Tp.HCM,Gò Vấp,Số tự động,Máy dầu,VNĐ,ThángNăm,ThángNăm,"Trả góp đều hàng thángTrả góp đều, lãi tính trên dư nợ giảm dần hàng tháng",VNĐ,SUV,,,,,,,,,,
Hyundai Santa Fe MLX 2006,230 triệu,2006,Xe cũ,Nhập khẩu,170.751 km,Hà Nội,,Số tự động,Máy dầu,VNĐ,ThángNăm,ThángNăm,"Trả góp đều hàng thángTrả góp đều, lãi tính trên dư nợ giảm dần hàng tháng",VNĐ,SUV,,,,,,,,,,
Mercedes-Benz E300 AMG 2021,1 tỉ 899 triệu,2021,Xe cũ,Trong nước,33.333 km,Tp.HCM,Quận 7,Số tự động,Máy xăng,VNĐ,ThángNăm,ThángNăm,"Trả góp đều hàng thángTrả góp đều, lãi tính trên dư nợ giảm dần hàng tháng",VNĐ,Sedan,,,,,,,,,,
Mazda 3 1.5L Sedan 2019,465 triệu,2019,Xe cũ,Trong nước,65.689 km,Hà Nội,Hoàng Mai,Số tự động,Máy xăng,VNĐ,ThángNăm,ThángNăm,"Trả góp đều hàng thángTrả góp đều, lãi tính trên dư nợ giảm dần hàng tháng",VNĐ,Sedan,,,,,,,,,,
Lexus RX 350 Luxury 2024,4 tỉ 290 triệu,2024,Xe cũ,Nhập khẩu,3.900 km,Tp.HCM,Gò Vấp,Số tự động,Máy xăng,VNĐ,ThángNăm,ThángNăm,"Trả góp đều hàng thángTrả góp đều, lãi tính trên dư nợ giảm dần hàng tháng",VNĐ,SUV,,,,,,,,,,
Chevrolet Lacetti EX 1.6 AT 2009,128 triệu,2009,Xe cũ,Nhập khẩu,12.000 km,Thái Bình,,Số tự động,Máy xăng,VNĐ,ThángNăm,ThángNăm,"Trả góp đều hàng thángTrả góp đều, lãi tính trên dư nợ giảm dần hàng tháng",VNĐ,Sedan,,,,,,,,,,
Toyota Fortuner 2.7V 2010,335 triệu,2010,Xe cũ,Nhập khẩu,135.000 km,Tp.HCM,,Số tự động,Máy xăng,VNĐ,ThángNăm,ThángNăm,"Trả góp đều hàng thángTrả góp đều, lãi tính trên dư nợ giảm dần hàng tháng",VNĐ,SUV,,,,,,,,,,
Mazda CX-5 2.0 Luxury 2021,649 triệu,2021,Xe cũ,Trong nước,40.000 km,Đà Nẵng,Hải Châu,Số tự động,Máy xăng,VNĐ,ThángNăm,ThángNăm,"Trả góp đều hàng thángTrả góp đều, lãi tính trên dư nợ giảm dần hàng tháng",VNĐ,SUV,,,,,,,,,,
Lexus RX 300 2022,3 tỉ 298 triệu,2022,Xe cũ,Nhập khẩu,25.000 km,Tp.HCM,Gò Vấp,Số tự động,Máy xăng,VNĐ,ThángNăm,ThángNăm,"Trả góp đều hàng thángTrả góp đều, lãi tính trên dư nợ giảm dần hàng tháng",VNĐ,SUV,,,,,,,,,,
Honda CR-V 1.5 L 2018,695 triệu,2018,Xe cũ,Nhập khẩu,120.000 km,Hà Nội,Cầu Giấy,Số tự động,Máy xăng,VNĐ,ThángNăm,ThángNăm,"Trả góp đều hàng thángTrả góp đều, lãi tính trên dư nợ giảm dần hàng tháng",VNĐ,SUV,,,,,,,,,,
Mazda CX-5 2.0 Luxury 2024,765 triệu,2024,Xe cũ,Trong nước,8.000 km,Hải Phòng,Đồ Sơn,Số tự động,Máy xăng,VNĐ,ThángNăm,ThángNăm,"Trả góp đều hàng thángTrả góp đều, lãi tính trên dư nợ giảm dần hàng tháng",VNĐ,SUV,,,,,,,,,,
Ford Ranger Wildtrak 3.2 4x4 AT 2017,545 triệu,2017,Xe cũ,Nhập khẩu,130.000 km,Hà Nội,Thanh Xuân,Số tự động,Máy dầu,VNĐ,ThángNăm,ThángNăm,"Trả góp đều hàng thángTrả góp đều, lãi tính trên dư nợ giảm dần hàng tháng",VNĐ,Bán tải,,,,,,,,,,
Kia Cerato 2.0 AT Premium 2020,485 triệu,2020,Xe cũ,Trong nước,60.000 km,Hải Phòng,,Số tự động,Máy xăng,VNĐ,ThángNăm,ThángNăm,"Trả góp đều hàng thángTrả góp đều, lãi tính trên dư nợ giảm dần hàng tháng",VNĐ,Sedan,,,,,,,,,,
Land Rover Range Rover 3.0 Autobiography LWB 2019,5 tỉ 699 triệu,2019,Xe cũ,Nhập khẩu,52.000 km,Tp.HCM,Quận 7,Số tự động,Máy xăng,VNĐ,ThángNăm,ThángNăm,"Trả góp đều hàng thángTrả góp đều, lãi tính trên dư nợ giảm dần hàng tháng",VNĐ,SUV,,,,,,,,,,
Mitsubishi Pajero GL 3.0 MT 2003,110 triệu,2003,Xe cũ,Nhập khẩu,15.000 km,Hòa Bình,,Số sàn,Máy xăng,VNĐ,ThángNăm,ThángNăm,"Trả góp đều hàng thángTrả góp đều, lãi tính trên dư nợ giảm dần hàng tháng",VNĐ,SUV,,,,,,,,,,
BMW 730Li M Sport 2011,480 triệu,2011,Xe cũ,Nhập khẩu,100.000 km,Hà Nội,Long Biên,Số tự động,Máy xăng,VNĐ,ThángNăm,ThángNăm,"Trả góp đều hàng thángTrả góp đều, lãi tính trên dư nợ giảm dần hàng tháng",VNĐ,Sedan,,,,,,,,,,
Mitsubishi Xpander AT Premium 2019,445 triệu,2019,Xe cũ,Nhập khẩu,80.000 km,Hà Nội,Thanh Xuân,Số tự động,Máy xăng,VNĐ,ThángNăm,ThángNăm,"Trả góp đều hàng thángTrả góp đều, lãi tính trên dư nợ giảm dần hàng tháng",VNĐ,MPV,,,,,,,,,,
VinFast Fadil Nâng Cao 2020,299 triệu,2020,Xe cũ,Trong nước,56.000 km,Hà Nội,Bắc Từ Liêm,Số tự động,Máy xăng,VNĐ,ThángNăm,ThángNăm,"Trả góp đều hàng thángTrả góp đều, lãi tính trên dư nợ giảm dần hàng tháng",VNĐ,Bán tải,,,,,,,,,,
Ford Ranger XLS 2.2 4x2 AT 2019,539 triệu,2019,Xe cũ,Trong nước,98.000 km,Tp.HCM,Gò Vấp,Số tự động,Máy dầu,VNĐ,ThángNăm,ThángNăm,"Trả góp đều hàng thángTrả góp đều, lãi tính trên dư nợ giảm dần hàng tháng",VNĐ,Bán tải,,,,,,,,,,
Ford Ranger XLS 2.0L 4x2 AT 2016,420 triệu,2016,Xe cũ,Trong nước,70.000 km,Hà Nội,Nam Từ Liêm,Số tự động,Máy xăng,VNĐ,ThángNăm,ThángNăm,"Trả góp đều hàng thángTrả góp đều, lãi tính trên dư nợ giảm dần hàng tháng",VNĐ,Bán tải,,,,,,,,,,
Kia K3 2.0AT 2014,340 triệu,2014,Xe cũ,Trong nước,120.000 km,Bình Dương,Thuận An,Số tự động,Máy xăng,VNĐ,ThángNăm,ThángNăm,"Trả góp đều hàng thángTrả góp đều, lãi tính trên dư nợ giảm dần hàng tháng",VNĐ,Sedan,,,,,,,,,,
Mercedes-Benz GLK 250 4Matic 2014,599 triệu,2014,Xe cũ,Trong nước,66.000 km,Tp.HCM,Quận 7,Số tự động,Máy xăng,VNĐ,ThángNăm,ThángNăm,"Trả góp đều hàng thángTrả góp đều, lãi tính trên dư nợ giảm dần hàng tháng",VNĐ,SUV,,,,,,,,,,
BMW 320i M Sport 2017,798 triệu,2017,Xe cũ,Nhập khẩu,73.000 km,Tp.HCM,Bình Tân,Số tự động,Máy xăng,VNĐ,ThángNăm,ThángNăm,"Trả góp đều hàng thángTrả góp đều, lãi tính trên dư nợ giảm dần hàng tháng",VNĐ,Sedan,,,,,,,,,,
Kia Carnival 2.2D Signature 2023,1 tỉ 310 triệu,2023,Xe cũ,Trong nước,30.000 km,Hà Nội,Cầu Giấy,Số tự động,Máy dầu,VNĐ,ThángNăm,ThángNăm,"Trả góp đều hàng thángTrả góp đều, lãi tính trên dư nợ giảm dần hàng tháng",VNĐ,MPV,,,,,,,,,,
VinFast LUX A2.0 Cao cấp 2021,525 triệu,2021,Xe cũ,Trong nước,86.000 km,Phú Thọ,,Số tự động,Máy xăng,VNĐ,ThángNăm,ThángNăm,"Trả góp đều hàng thángTrả góp đều, lãi tính trên dư nợ giảm dần hàng tháng",VNĐ,Sedan,,,,,,,,,,
Hyundai Accent 1.4 AT 2012,238 triệu,2012,Xe cũ,Nhập khẩu,120.000 km,Hải Phòng,An Lão,Số tự động,Máy xăng,VNĐ,ThángNăm,ThángNăm,"Trả góp đều hàng thángTrả góp đều, lãi tính trên dư nợ giảm dần hàng tháng",VNĐ,,,,,,,,,,,
Toyota Vios 1.5G AT 2014,445 triệu,2014,Xe cũ,Trong nước,129.000 km,Hà Nội,Nam Từ Liêm,Số tự động,Máy xăng,VNĐ,ThángNăm,ThángNăm,"Trả góp đều hàng thángTrả góp đều, lãi tính trên dư nợ giảm dần hàng tháng",VNĐ,Sedan,,,,,,,,,,
Honda City 1.5 G 2022,420 triệu,2022,Xe cũ,Trong nước,1.600 km,Hà Nội,Hoàng Mai,Số tự động,Máy xăng,VNĐ,ThángNăm,ThángNăm,"Trả góp đều hàng thángTrả góp đều, lãi tính trên dư nợ giảm dần hàng tháng",VNĐ,Sedan,,,,,,,,,,
Ford Ranger Wildtrak 2.0L 4x4 AT 2020,715 triệu,2020,Xe cũ,Trong nước,58.000 km,Tp.HCM,Quận 12,Số tự động,Máy xăng,VNĐ,ThángNăm,ThángNăm,"Trả góp đều hàng thángTrả góp đều, lãi tính trên dư nợ giảm dần hàng tháng",VNĐ,,,,,,,,,,,
Nissan Navara EL Premium R 2019,460 triệu,2019,Xe cũ,Nhập khẩu,83.000 km,Tp.HCM,Tân Phú,Số tự động,Máy dầu,VNĐ,ThángNăm,ThángNăm,"Trả góp đều hàng thángTrả góp đều, lãi tính trên dư nợ giảm dần hàng tháng",VNĐ,Bán tải,,,,,,,,,,
Peugeot 3008 GT Line 2022,820 triệu,2022,Xe cũ,Trong nước,50.000 km,Hà Nội,Thanh Xuân,Số tự động,Máy xăng,VNĐ,ThángNăm,ThángNăm,"Trả góp đều hàng thángTrả góp đều, lãi tính trên dư nợ giảm dần hàng tháng",VNĐ,,,,,,,,,,,
Mercedes-Benz E200 E200 2020,1 tỉ 049 triệu,2020,Xe cũ,Nhập khẩu,45.000 km,Tp.HCM,Quận 7,Số tự động,Máy xăng,VNĐ,ThángNăm,ThángNăm,"Trả góp đều hàng thángTrả góp đều, lãi tính trên dư nợ giảm dần hàng tháng",VNĐ,Sedan,,,,,,,,,,
Ford Ranger XLS 2.0L 4x2 AT 2019,500 triệu,2019,Xe cũ,Nhập khẩu,82.000 km,Đắk Lắk,,Số tự động,Máy dầu,VNĐ,ThángNăm,ThángNăm,"Trả góp đều hàng thángTrả góp đều, lãi tính trên dư nợ giảm dần hàng tháng",VNĐ,Bán tải,,,,,,,,,,
Kia Sorento 2.2D Premium AWD 2022,945 triệu,2022,Xe cũ,Trong nước,40.000 km,Hà Nội,Long Biên,Số tự động,Máy dầu,VNĐ,ThángNăm,ThángNăm,"Trả góp đều hàng thángTrả góp đều, lãi tính trên dư nợ giảm dần hàng tháng",VNĐ,SUV,,,,,,,,,,
Nissan X trail 2.5 SV 4WD Premium 2017,490 triệu,2017,Xe cũ,Nhập khẩu,90.000 km,Hà Nội,Long Biên,Số tự động,Máy xăng,VNĐ,ThángNăm,ThángNăm,"Trả góp đều hàng thángTrả góp đều, lãi tính trên dư nợ giảm dần hàng tháng",VNĐ,SUV,,,,,,,,,,
Hyundai Santa Fe 2.2 Dầu Cao cấp 2020,888 triệu,2020,Xe cũ,Trong nước,70.000 km,Hà Nội,Thanh Xuân,Số tự động,Máy dầu,VNĐ,ThángNăm,ThángNăm,"Trả góp đều hàng thángTrả góp đều, lãi tính trên dư nợ giảm dần hàng tháng",VNĐ,SUV,,,,,,,,,,
Toyota Camry 2.5G 2016,565 triệu,2016,Xe cũ,Nhập khẩu,112.000 km,Bình Dương,,Số tự động,Máy xăng,VNĐ,ThángNăm,ThángNăm,"Trả góp đều hàng thángTrả góp đều, lãi tính trên dư nợ giảm dần hàng tháng",VNĐ,Sedan,,,,,,,,,,
Honda City RS 2024,460 triệu,2024,Xe cũ,Trong nước,12.000 km,Hà Nội,Cầu Giấy,Số tự động,Máy xăng,VNĐ,ThángNăm,ThángNăm,"Trả góp đều hàng thángTrả góp đều, lãi tính trên dư nợ giảm dần hàng tháng",VNĐ,Sedan,,,,,,,,,,
Ford Tourneo 2019,715 triệu,2019,Xe cũ,Trong nước,55.000 km,Tp.HCM,Quận 12,Số tự động,Máy xăng,VNĐ,ThángNăm,ThángNăm,"Trả góp đều hàng thángTrả góp đều, lãi tính trên dư nợ giảm dần hàng tháng",VNĐ,,,,,,,,,,,
Hyundai Sonata 2.0L-6AT 2009,219 triệu,2009,Xe cũ,Nhập khẩu,120.000 km,Hà Nội,Hoàng Mai,Số tự động,Máy xăng,VNĐ,ThángNăm,ThángNăm,"Trả góp đều hàng thángTrả góp đều, lãi tính trên dư nợ giảm dần hàng tháng",VNĐ,Sedan,,,,,,,,,,
Hyundai Starex 2.4 MT 2014,425 triệu,2014,Xe cũ,Nhập khẩu,140.000 km,Hà Nội,Hà Đông,Số sàn,Máy xăng,VNĐ,ThángNăm,ThángNăm,"Trả góp đều hàng thángTrả góp đều, lãi tính trên dư nợ giảm dần hàng tháng",VNĐ,Van/Minivan,,,,,,,,,,
Ford Ranger 2015,398 triệu,2015,Xe cũ,Nhập khẩu,110.000 km,Hà Nội,Nam Từ Liêm,Số tự động,Máy xăng,VNĐ,ThángNăm,ThángNăm,"Trả góp đều hàng thángTrả góp đều, lãi tính trên dư nợ giảm dần hàng tháng",VNĐ,,,,,,,,,,,
Kia Cerato 2.0 AT Premium 2016,335 triệu,2016,Xe cũ,Trong nước,100.000 km,Tp.HCM,,Số tự động,Máy xăng,VNĐ,ThángNăm,ThángNăm,"Trả góp đều hàng thángTrả góp đều, lãi tính trên dư nợ giảm dần hàng tháng",VNĐ,Sedan,,,,,,,,,,
Mazda CX-5 2.0 Premium 2018,590 triệu,2018,Xe cũ,Trong nước,68.000 km,Khánh Hòa,Nha Trang,Số tự động,Máy xăng,VNĐ,ThángNăm,ThángNăm,"Trả góp đều hàng thángTrả góp đều, lãi tính trên dư nợ giảm dần hàng tháng",VNĐ,SUV,,,,,,,,,,
Ford Tourneo Titanium 2021,595 triệu,2021,Xe cũ,Trong nước,100.000 km,Tp.HCM,,Số tự động,Máy xăng,VNĐ,ThángNăm,ThángNăm,"Trả góp đều hàng thángTrả góp đều, lãi tính trên dư nợ giảm dần hàng tháng",VNĐ,Van/Minivan,,,,,,,,,,
Suzuki Super Carry Van Blind Van 2020,215 triệu,2020,Xe cũ,Trong nước,30.000 km,Hà Nội,Hà Đông,Số tự động,Máy xăng,VNĐ,ThángNăm,ThángNăm,"Trả góp đều hàng thángTrả góp đều, lãi tính trên dư nợ giảm dần hàng tháng",VNĐ,Xe tải,,,,,,,,,,
Kia Sportage Limited 2.0 AT 2015,465 triệu,2015,Xe cũ,Nhập khẩu,130.000 km,Hà Nội,Thanh Xuân,Số tự động,Máy xăng,VNĐ,ThángNăm,ThángNăm,"Trả góp đều hàng thángTrả góp đều, lãi tính trên dư nợ giảm dần hàng tháng",VNĐ,SUV,,,,,,,,,,
Mitsubishi Outlander 2.0 CVT 2021,650 triệu,2021,Xe cũ,Trong nước,01 km,Hà Nội,Thanh Xuân,Số tự động,Máy xăng,VNĐ,ThángNăm,ThángNăm,"Trả góp đều hàng thángTrả góp đều, lãi tính trên dư nợ giảm dần hàng tháng",VNĐ,SUV,,,,,,,,,,
Mercedes-Benz E300 AMG 2021,1 tỉ 839 triệu,2021,Xe cũ,Nhập khẩu,19.000 km,Hà Nội,Long Biên,Số tự động,Máy xăng,VNĐ,ThángNăm,ThángNăm,"Trả góp đều hàng thángTrả góp đều, lãi tính trên dư nợ giảm dần hàng tháng",VNĐ,Sedan,,,,,,,,,,
Porsche Cayenne 3.6 V6 2012,1 tỉ 100 triệu,2012,Xe cũ,Nhập khẩu,11 km,Hà Nội,,Số tự động,Máy xăng,VNĐ,ThángNăm,ThángNăm,"Trả góp đều hàng thángTrả góp đều, lãi tính trên dư nợ giảm dần hàng tháng",VNĐ,SUV,,,,,,,,,,
Toyota Innova 2017,425 triệu,2017,Xe cũ,Trong nước,123.456 km,Tây Ninh,,Số tự động,Máy xăng,VNĐ,ThángNăm,ThángNăm,"Trả góp đều hàng thángTrả góp đều, lãi tính trên dư nợ giảm dần hàng tháng",VNĐ,MPV,,,,,,,,,,
Mitsubishi Outlander 2.0 CVT 2020,600 triệu,2020,Xe cũ,Trong nước,71.000 km,Hải Phòng,Kiến An,Số tự động,Máy xăng,VNĐ,ThángNăm,ThángNăm,"Trả góp đều hàng thángTrả góp đều, lãi tính trên dư nợ giảm dần hàng tháng",VNĐ,SUV,,,,,,,,,,
Ford Ranger Wildtrak 3.2 4x4 AT 2015,410 triệu,2015,Xe cũ,Nhập khẩu,180 km,Gia Lai,,Số tự động,Máy dầu,VNĐ,ThángNăm,ThángNăm,"Trả góp đều hàng thángTrả góp đều, lãi tính trên dư nợ giảm dần hàng tháng",VNĐ,Bán tải,,,,,,,,,,
Mercedes-Benz GLC 200 4Matic 2020,1 tỉ 150 triệu,2020,Xe cũ,Trong nước,38.000 km,Hải Phòng,Kiến An,Số tự động,Máy xăng,VNĐ,ThángNăm,ThángNăm,"Trả góp đều hàng thángTrả góp đều, lãi tính trên dư nợ giảm dần hàng tháng",VNĐ,SUV,,,,,,,,,,
Ford Ranger XLT 2.2 4X4 MT 2016,465 triệu,2016,Xe cũ,Nhập khẩu,120.000 km,Tp.HCM,Gò Vấp,Số sàn,Máy dầu,VNĐ,ThángNăm,ThángNăm,"Trả góp đều hàng thángTrả góp đều, lãi tính trên dư nợ giảm dần hàng tháng",VNĐ,Bán tải,,,,,,,,,,
Mitsubishi Triton 4×2 AT 2017,370 triệu,2017,Xe cũ,Nhập khẩu,70.000 km,Hà Nội,,Số tự động,Máy dầu,VNĐ,ThángNăm,ThángNăm,"Trả góp đều hàng thángTrả góp đều, lãi tính trên dư nợ giảm dần hàng tháng",VNĐ,Bán tải,,,,,,,,,,
BMW 320i GT 2017,750 triệu,2017,Xe cũ,Nhập khẩu,65.000 km,Tp.HCM,Quận 7,Số tự động,Máy xăng,VNĐ,ThángNăm,ThángNăm,"Trả góp đều hàng thángTrả góp đều, lãi tính trên dư nợ giảm dần hàng tháng",VNĐ,Sedan,,,,,,,,,,
Peugeot 3008 GT Line 2022,850 triệu,2022,Xe cũ,Nhập khẩu,19.000 km,Hà Nội,Cầu Giấy,Số tự động,Máy xăng,VNĐ,ThángNăm,ThángNăm,"Trả góp đều hàng thángTrả góp đều, lãi tính trên dư nợ giảm dần hàng tháng",VNĐ,SUV,,,,,,,,,,
Kia Sedona 2.2 DATH 2020,835 triệu,2020,Xe cũ,Trong nước,60.000 km,Tp.HCM,Thủ Đức,Số tự động,Máy dầu,VNĐ,ThángNăm,ThángNăm,"Trả góp đều hàng thángTrả góp đều, lãi tính trên dư nợ giảm dần hàng tháng",VNĐ,MPV,,,,,,,,,,
Kia Cerato 2.0 AT Premium 2019,469 triệu,2019,Xe cũ,Trong nước,70.000 km,Hà Nội,Cầu Giấy,Số tự động,Máy xăng,VNĐ,ThángNăm,ThángNăm,"Trả góp đều hàng thángTrả góp đều, lãi tính trên dư nợ giảm dần hàng tháng",VNĐ,Sedan,,,,,,,,,,
Chevrolet Orlando LTZ 1.8 2016,275 triệu,2016,Xe cũ,Trong nước,29.000 km,Tp.HCM,,Số tự động,Máy xăng,VNĐ,ThángNăm,ThángNăm,"Trả góp đều hàng thángTrả góp đều, lãi tính trên dư nợ giảm dần hàng tháng",VNĐ,MPV,,,,,,,,,,
Mazda BT-50 1.9 MT 4x2 2022,448 triệu,2022,Xe cũ,Nhập khẩu,67.000 km,Tp.HCM,Hóc Môn,Số sàn,Máy dầu,VNĐ,ThángNăm,ThángNăm,"Trả góp đều hàng thángTrả góp đều, lãi tính trên dư nợ giảm dần hàng tháng",VNĐ,Bán tải,,,,,,,,,,
BMW 520i 2022,1 tỉ 559 triệu,2022,Xe cũ,Trong nước,38.000 km,Tp.HCM,Gò Vấp,Số tự động,Máy xăng,VNĐ,ThángNăm,ThángNăm,"Trả góp đều hàng thángTrả góp đều, lãi tính trên dư nợ giảm dần hàng tháng",VNĐ,Sedan,,,,,,,,,,
Nissan Navara 2.5 AT 2016,395 triệu,2016,Xe cũ,Nhập khẩu,93.000 km,Phú Thọ,,Số tự động,Máy dầu,VNĐ,ThángNăm,ThángNăm,"Trả góp đều hàng thángTrả góp đều, lãi tính trên dư nợ giảm dần hàng tháng",VNĐ,Bán tải,,,,,,,,,,
Ford Transit Standard 2015,265 triệu,2015,Xe cũ,Trong nước,371 km,Tiền Giang,Tam Dương,Số sàn,Máy dầu,VNĐ,ThángNăm,ThángNăm,"Trả góp đều hàng thángTrả góp đều, lãi tính trên dư nợ giảm dần hàng tháng",VNĐ,Van/Minivan,,,,,,,,,,
Ford Everest Titanium 2.0L AT 4WD 2018,865 triệu,2018,Xe cũ,Nhập khẩu,89.000 km,Đồng Nai,Định Quán,Số tự động,Máy dầu,VNĐ,ThángNăm,ThángNăm,"Trả góp đều hàng thángTrả góp đều, lãi tính trên dư nợ giảm dần hàng tháng",VNĐ,SUV,,,,,,,,,,
Ford Ranger XLS 2.0L 4x2 AT 2024,689 triệu,2024,Xe cũ,Trong nước,15.000 km,Tp.HCM,Gò Vấp,Số tự động,Máy dầu,VNĐ,ThángNăm,ThángNăm,"Trả góp đều hàng thángTrả góp đều, lãi tính trên dư nợ giảm dần hàng tháng",VNĐ,Bán tải,,,,,,,,,,
Mazda 2 Sport 1.5L Premium 2019,375 triệu,2019,Xe cũ,Trong nước,89.000 km,Hà Nội,Tây Hồ,Số tự động,Máy xăng,VNĐ,ThángNăm,ThángNăm,"Trả góp đều hàng thángTrả góp đều, lãi tính trên dư nợ giảm dần hàng tháng",VNĐ,Hatchback,,,,,,,,,,
Rolls-Royce Cullinan 2019,11 tỉ 900 triệu,2019,Xe cũ,Nhập khẩu,50.000 km,Hà Nội,Long Biên,Số tự động,Máy xăng,VNĐ,ThángNăm,ThángNăm,"Trả góp đều hàng thángTrả góp đều, lãi tính trên dư nợ giảm dần hàng tháng",VNĐ,SUV,,,,,,,,,,
Kia Morning Deluxe 2020,286 triệu,2020,Xe cũ,Trong nước,61.000 km,Tp.HCM,,Số tự động,Máy xăng,VNĐ,ThángNăm,ThángNăm,"Trả góp đều hàng thángTrả góp đều, lãi tính trên dư nợ giảm dần hàng tháng",VNĐ,Hatchback,,,,,,,,,,
Mercedes-Benz GLC 200 2020,1 tỉ 178 triệu,2020,Xe cũ,Trong nước,34.000 km,Tp.HCM,Quận 7,Số tự động,Máy xăng,VNĐ,ThángNăm,ThángNăm,"Trả góp đều hàng thángTrả góp đều, lãi tính trên dư nợ giảm dần hàng tháng",VNĐ,,,,,,,,,,,
Honda City 1.5 CVT 2019,390 triệu,2019,Xe cũ,Trong nước,70.000 km,Hải Phòng,Đồ Sơn,Số tự động,Máy xăng,VNĐ,ThángNăm,ThángNăm,"Trả góp đều hàng thángTrả góp đều, lãi tính trên dư nợ giảm dần hàng tháng",VNĐ,Sedan,,,,,,,,,,
Peugeot 5008 1.6L Turbo 2020,680 triệu,2020,Xe cũ,Nhập khẩu,54.420 km,Hà Nội,Thanh Xuân,Số tự động,Máy xăng,VNĐ,ThángNăm,ThángNăm,"Trả góp đều hàng thángTrả góp đều, lãi tính trên dư nợ giảm dần hàng tháng",VNĐ,SUV,,,,,,,,,,
Toyota Innova 2.0E 2014,280 triệu,2014,Xe cũ,Trong nước,90.000 km,Đà Nẵng,,Số tự động,Máy xăng,VNĐ,ThángNăm,ThángNăm,"Trả góp đều hàng thángTrả góp đều, lãi tính trên dư nợ giảm dần hàng tháng",VNĐ,MPV,,,,,,,,,,
Hyundai Tucson 1.6 Turbo HTRAC 2019,700 triệu,2019,Xe cũ,Trong nước,70.000 km,Hà Nội,Nam Từ Liêm,Số tự động,Máy xăng,VNĐ,ThángNăm,ThángNăm,"Trả góp đều hàng thángTrả góp đều, lãi tính trên dư nợ giảm dần hàng tháng",VNĐ,SUV,,,,,,,,,,
Mitsubishi Triton 4×2 AT MIVEC 2021,525 triệu,2021,Xe cũ,Nhập khẩu,78.000 km,Phú Thọ,Cẩm Khê,Số tự động,Máy dầu,VNĐ,ThángNăm,ThángNăm,"Trả góp đều hàng thángTrả góp đều, lãi tính trên dư nợ giảm dần hàng tháng",VNĐ,Bán tải,,,,,,,,,,
Toyota Fortuner 2.7 V 4X2 AT 2019,768 triệu,2019,Xe cũ,Nhập khẩu,8.000 km,Hà Nội,Thanh Xuân,Số tự động,Máy xăng,VNĐ,ThángNăm,ThángNăm,"Trả góp đều hàng thángTrả góp đều, lãi tính trên dư nợ giảm dần hàng tháng",VNĐ,MPV,,,,,,,,,,
Ford Ranger Wildtrak 2.0L 4x4 AT 2023,805 triệu,2023,Xe cũ,Trong nước,80.000 km,Đắk Lắk,Buôn Đôn,Số tự động,Máy dầu,VNĐ,ThángNăm,ThángNăm,"Trả góp đều hàng thángTrả góp đều, lãi tính trên dư nợ giảm dần hàng tháng",VNĐ,Bán tải,,,,,,,,,,
Kia Sonet 1.5 Luxury 2023,519 triệu,2023,Xe cũ,Trong nước,53.000 km,Hà Nội,Cầu Giấy,Số tự động,Máy xăng,VNĐ,ThángNăm,ThángNăm,"Trả góp đều hàng thángTrả góp đều, lãi tính trên dư nợ giảm dần hàng tháng",VNĐ,SUV,,,,,,,,,,
Toyota Corolla Altis 1.8 G 2011,350 triệu,2011,Xe cũ,Trong nước,90.000 km,Hà Nội,Cầu Giấy,Số tự động,Máy xăng,VNĐ,ThángNăm,ThángNăm,"Trả góp đều hàng thángTrả góp đều, lãi tính trên dư nợ giảm dần hàng tháng",VNĐ,Sedan,,,,,,,,,,
Hyundai Accent 1.4 MT Tiêu chuẩn 2019,310 triệu,2019,Xe cũ,Trong nước,54.000 km,Đồng Nai,Biên Hòa,Số sàn,Máy xăng,VNĐ,ThángNăm,ThángNăm,"Trả góp đều hàng thángTrả góp đều, lãi tính trên dư nợ giảm dần hàng tháng",VNĐ,Sedan,,,,,,,,,,
Suzuki Super Carry Van Blind Van 2015,140 triệu,2015,Xe cũ,Trong nước,10.000 km,Hà Nội,Đông Anh,Số sàn,Máy xăng,VNĐ,ThángNăm,ThángNăm,"Trả góp đều hàng thángTrả góp đều, lãi tính trên dư nợ giảm dần hàng tháng",VNĐ,Van/Minivan,,,,,,,,,,
Toyota Innova 2.0 Venturer AT 2020,645 triệu,2020,Xe cũ,Trong nước,91.000 km,Tp.HCM,,Số tự động,Máy xăng,VNĐ,ThángNăm,ThángNăm,"Trả góp đều hàng thángTrả góp đều, lãi tính trên dư nợ giảm dần hàng tháng",VNĐ,MPV,,,,,,,,,,
Mazda 3 Sedan 1.5L Luxury 2019,465 triệu,2019,Xe cũ,Trong nước,67.899 km,Hà Nội,Hoàng Mai,Số tự động,Máy xăng,VNĐ,ThángNăm,ThángNăm,"Trả góp đều hàng thángTrả góp đều, lãi tính trên dư nợ giảm dần hàng tháng",VNĐ,Sedan,,,,,,,,,,
Ford EcoSport Titanium 1.5L AT 2021,495 triệu,2021,Xe cũ,Trong nước,72.000 km,Tp.HCM,Tân Phú,Số tự động,Máy xăng,VNĐ,ThángNăm,ThángNăm,"Trả góp đều hàng thángTrả góp đều, lãi tính trên dư nợ giảm dần hàng tháng",VNĐ,SUV,,,,,,,,,,
BMW 335i 2007,500 triệu,2007,Xe cũ,Nhập khẩu,11.000 km,Hà Nội,,Số tự động,Máy xăng,VNĐ,ThángNăm,ThángNăm,"Trả góp đều hàng thángTrả góp đều, lãi tính trên dư nợ giảm dần hàng tháng",VNĐ,Convertible,,,,,,,,,,
Porsche Macan 2.0 2017,1 tỉ 750 triệu,2017,Xe cũ,Nhập khẩu,68.000 km,Hà Nội,Ba Đình,Số tự động,Máy xăng,VNĐ,ThángNăm,ThángNăm,"Trả góp đều hàng thángTrả góp đều, lãi tính trên dư nợ giảm dần hàng tháng",VNĐ,SUV,,,,,,,,,,
Toyota Corolla Altis 1.8 G 2009,280 triệu,2009,Xe cũ,Trong nước,107.000 km,Bình Định,Quy Nhơn,Số tự động,Máy xăng,VNĐ,ThángNăm,ThángNăm,"Trả góp đều hàng thángTrả góp đều, lãi tính trên dư nợ giảm dần hàng tháng",VNĐ,Sedan,,,,,,,,,,
Toyota Yaris 1.3G 2016,370 triệu,2016,Xe cũ,Nhập khẩu,65.000 km,Hải Phòng,Ngô Quyền,Số tự động,Máy xăng,VNĐ,ThángNăm,ThángNăm,"Trả góp đều hàng thángTrả góp đều, lãi tính trên dư nợ giảm dần hàng tháng",VNĐ,Hatchback,,,,,,,,,,
Ford Fiesta 1.5AT Titanium 2012,285 triệu,2012,Xe cũ,Nhập khẩu,30.000 km,Tp.HCM,Tân Phú,Số tự động,Máy xăng,VNĐ,ThángNăm,ThángNăm,"Trả góp đều hàng thángTrả góp đều, lãi tính trên dư nợ giảm dần hàng tháng",VNĐ,Hatchback,,,,,,,,,,
Kia Seltos 1.4T Premium 2022,625 triệu,2022,Xe cũ,Nhập khẩu,20.000 km,Hà Nội,Nam Từ Liêm,Số tự động,Máy xăng,VNĐ,ThángNăm,ThángNăm,"Trả góp đều hàng thángTrả góp đều, lãi tính trên dư nợ giảm dần hàng tháng",VNĐ,SUV,,,,,,,,,,
Kia Cerato 1.6 AT Deluxe 2017,385 triệu,2017,Xe cũ,Trong nước,60.000 km,Hà Nội,Long Biên,Số tự động,Máy xăng,VNĐ,ThángNăm,ThángNăm,"Trả góp đều hàng thángTrả góp đều, lãi tính trên dư nợ giảm dần hàng tháng",VNĐ,Sedan,,,,,,,,,,
Kia Cerato 2.0 AT Premium 2011,258 triệu,2011,Xe cũ,Nhập khẩu,130.000 km,Hải Phòng,An Lão,Số tự động,Máy xăng,VNĐ,ThángNăm,ThángNăm,"Trả góp đều hàng thángTrả góp đều, lãi tính trên dư nợ giảm dần hàng tháng",VNĐ,Sedan,,,,,,,,,,
Mazda 3 2.0L Sedan 2016,379 triệu,2016,Xe cũ,Trong nước,100.000 km,Hà Nội,Hoàng Mai,Số tự động,Máy xăng,VNĐ,ThángNăm,ThángNăm,"Trả góp đều hàng thángTrả góp đều, lãi tính trên dư nợ giảm dần hàng tháng",VNĐ,Sedan,,,,,,,,,,
Toyota Yaris 1.5G 2020,485 triệu,2020,Xe cũ,Nhập khẩu,80.000 km,Hải Phòng,Kiến An,Số tự động,Máy xăng,VNĐ,ThángNăm,ThángNăm,"Trả góp đều hàng thángTrả góp đều, lãi tính trên dư nợ giảm dần hàng tháng",VNĐ,Hatchback,,,,,,,,,,
Toyota Yaris 1.5G 2015,370 triệu,2015,Xe cũ,Nhập khẩu,61.000 km,Hà Nội,Thanh Xuân,Số tự động,Máy xăng,VNĐ,ThángNăm,ThángNăm,"Trả góp đều hàng thángTrả góp đều, lãi tính trên dư nợ giảm dần hàng tháng",VNĐ,Hatchback,,,,,,,,,,
FAW Xe đầu kéo 2021,704 triệu,2021,Xe cũ,Nhập khẩu,205.258 km,Hà Nội,Cầu Giấy,Số sàn,Máy dầu,VNĐ,ThángNăm,ThángNăm,"Trả góp đều hàng thángTrả góp đều, lãi tính trên dư nợ giảm dần hàng tháng",VNĐ,Xe tải,,,,,,,,,,
Ford Ranger Wildtrak 2.0L 4x4 AT 2023,615 triệu,2023,Xe cũ,Trong nước,82.000 km,Tp.HCM,Tân Phú,Số tự động,Máy dầu,VNĐ,ThángNăm,ThángNăm,"Trả góp đều hàng thángTrả góp đều, lãi tính trên dư nợ giảm dần hàng tháng",VNĐ,Bán tải,,,,,,,,,,
Porsche Cayenne Coupe 2023,6 tỉ 599 triệu,2023,Xe cũ,Nhập khẩu,9.999 km,Tp.HCM,Quận 7,Số tự động,Máy xăng,VNĐ,ThángNăm,ThángNăm,"Trả góp đều hàng thángTrả góp đều, lãi tính trên dư nợ giảm dần hàng tháng",VNĐ,SUV,,,,,,,,,,
Mercedes-Benz C200 2008,225 triệu,2008,Xe cũ,Nhập khẩu,80.000 km,Hà Nội,Long Biên,Số tự động,Máy xăng,VNĐ,ThángNăm,ThángNăm,"Trả góp đều hàng thángTrả góp đều, lãi tính trên dư nợ giảm dần hàng tháng",VNĐ,,,,,,,,,,,
Mazda 3 1.5L Sedan 2019,475 triệu,2019,Xe cũ,Trong nước,74.000 km,Hà Nội,Cầu Giấy,Số tự động,Máy xăng,VNĐ,ThángNăm,ThángNăm,"Trả góp đều hàng thángTrả góp đều, lãi tính trên dư nợ giảm dần hàng tháng",VNĐ,Sedan,,,,,,,,,,
Ford EcoSport Titanium 1.0L AT 2016,325 triệu,2016,Xe cũ,Trong nước,40.000 km,Tp.HCM,Hóc Môn,Số tự động,Máy xăng,VNĐ,ThángNăm,ThángNăm,"Trả góp đều hàng thángTrả góp đều, lãi tính trên dư nợ giảm dần hàng tháng",VNĐ,,,,,,,,,,,
Kia Carens S 2.0 AT 2015,339 triệu,2015,Xe cũ,Trong nước,140.000 km,Bình Dương,Thuận An,Số tự động,Máy xăng,VNĐ,ThángNăm,ThángNăm,"Trả góp đều hàng thángTrả góp đều, lãi tính trên dư nợ giảm dần hàng tháng",VNĐ,,,,,,,,,,,
Kia Cerato 1.6 AT Luxury 2018,415 triệu,2018,Xe cũ,Trong nước,70.000 km,Hà Nội,,Số tự động,Máy xăng,VNĐ,ThángNăm,ThángNăm,"Trả góp đều hàng thángTrả góp đều, lãi tính trên dư nợ giảm dần hàng tháng",VNĐ,Sedan,,,,,,,,,,
Mercedes-Benz S450L Luxury 2022,4 tỉ 399 triệu,2022,Xe cũ,Nhập khẩu,32.000 km,Tp.HCM,Quận 7,Số tự động,Máy xăng,VNĐ,ThángNăm,ThángNăm,"Trả góp đều hàng thángTrả góp đều, lãi tính trên dư nợ giảm dần hàng tháng",VNĐ,Sedan,,,,,,,,,,
Hyundai Accent 1.4 AT Đặc biệt 2020,405 triệu,2020,Xe cũ,Trong nước,73.000 km,Phú Thọ,Lâm Thao,Số tự động,Máy xăng,VNĐ,ThángNăm,ThángNăm,"Trả góp đều hàng thángTrả góp đều, lãi tính trên dư nợ giảm dần hàng tháng",VNĐ,Sedan,,,,,,,,,,
VinFast VF8 Eco 2024,830 triệu,2024,Xe cũ,Trong nước,6.000 km,Hà Nội,Bắc Từ Liêm,Số tự động,Điện,VNĐ,ThángNăm,ThángNăm,"Trả góp đều hàng thángTrả góp đều, lãi tính trên dư nợ giảm dần hàng tháng",VNĐ,SUV,,,,,,,,,,
Honda City 1.5 G 2022,429 triệu,2022,Xe cũ,Trong nước,1.600 km,Hà Nội,Hoàng Mai,Số tự động,Máy xăng,VNĐ,ThángNăm,ThángNăm,"Trả góp đều hàng thángTrả góp đều, lãi tính trên dư nợ giảm dần hàng tháng",VNĐ,Sedan,,,,,,,,,,
Mercedes-Benz C250 AMG 2015,590 triệu,2015,Xe cũ,Nhập khẩu,80.000 km,Tp.HCM,Quận 7,Số tự động,Máy xăng,VNĐ,ThángNăm,ThángNăm,"Trả góp đều hàng thángTrả góp đều, lãi tính trên dư nợ giảm dần hàng tháng",VNĐ,Sedan,,,,,,,,,,
Mitsubishi Xpander Cross 1.5 AT 2021,518 triệu,2021,Xe cũ,Nhập khẩu,51.000 km,Tp.HCM,Thủ Đức,Số tự động,Máy xăng,VNĐ,ThángNăm,ThángNăm,"Trả góp đều hàng thángTrả góp đều, lãi tính trên dư nợ giảm dần hàng tháng",VNĐ,MPV,,,,,,,,,,
Lexus ES 250 2021,2 tỉ 050 triệu,2021,Xe cũ,Nhập khẩu,29.000 km,Tp.HCM,Gò Vấp,Số tự động,Máy xăng,VNĐ,ThángNăm,ThángNăm,"Trả góp đều hàng thángTrả góp đều, lãi tính trên dư nợ giảm dần hàng tháng",VNĐ,Sedan,,,,,,,,,,
Kia K5 2.0 Premium 2022,689 triệu,2022,Xe cũ,Trong nước,50.000 km,Hà Nội,Cầu Giấy,Số tự động,Máy xăng,VNĐ,ThángNăm,ThángNăm,"Trả góp đều hàng thángTrả góp đều, lãi tính trên dư nợ giảm dần hàng tháng",VNĐ,Sedan,,,,,,,,,,
Mercedes-Benz S450 2022,3 tỉ 698 triệu,2022,Xe cũ,Nhập khẩu,35.000 km,Tp.HCM,Quận 7,Số tự động,Máy xăng,VNĐ,ThángNăm,ThángNăm,"Trả góp đều hàng thángTrả góp đều, lãi tính trên dư nợ giảm dần hàng tháng",VNĐ,Sedan,,,,,,,,,,
Ford Territory 1.5L Titanium 2023,775 triệu,2023,Xe cũ,Trong nước,18.000 km,Hải Phòng,Kiến An,Số tự động,Máy xăng,VNĐ,ThángNăm,ThángNăm,"Trả góp đều hàng thángTrả góp đều, lãi tính trên dư nợ giảm dần hàng tháng",VNĐ,SUV,,,,,,,,,,
Kia Morning Van 1.0 AT 2014,163 triệu,2014,Xe cũ,Nhập khẩu,98.500 km,Hà Nội,,Số tự động,Máy xăng,VNĐ,ThángNăm,ThángNăm,"Trả góp đều hàng thángTrả góp đều, lãi tính trên dư nợ giảm dần hàng tháng",VNĐ,Van/Minivan,,,,,,,,,,
Mercedes-Benz AMG C43 2017,1 tỉ 999 triệu,2017,Xe cũ,Nhập khẩu,21.000 km,Tp.HCM,Quận 7,Số tự động,Máy xăng,VNĐ,ThángNăm,ThángNăm,"Trả góp đều hàng thángTrả góp đều, lãi tính trên dư nợ giảm dần hàng tháng",VNĐ,Coupe,,,,,,,,,,
Mazda CX-5 2.5L Luxury 2018,599 triệu,2018,Xe cũ,Trong nước,85.680 km,Hà Nội,Hoàng Mai,Số tự động,Máy xăng,VNĐ,ThángNăm,ThángNăm,"Trả góp đều hàng thángTrả góp đều, lãi tính trên dư nợ giảm dần hàng tháng",VNĐ,SUV,,,,,,,,,,
Chevrolet Trailblazer 2.5L 4×2 MT LT 2018,485 triệu,2018,Xe cũ,Nhập khẩu,93.000 km,Bình Phước,Đồng Phú,Số sàn,Máy dầu,VNĐ,ThángNăm,ThángNăm,"Trả góp đều hàng thángTrả góp đều, lãi tính trên dư nợ giảm dần hàng tháng",VNĐ,SUV,,,,,,,,,,
Nissan Sunny 1.5 AT 2013,250 triệu,2013,Xe cũ,Nhập khẩu,8.000 km,Hà Tĩnh,Nghi Xuân,Số tự động,Máy xăng,VNĐ,ThángNăm,ThángNăm,"Trả góp đều hàng thángTrả góp đều, lãi tính trên dư nợ giảm dần hàng tháng",VNĐ,Sedan,,,,,,,,,,
Bentley Continental gt w12 2018,14 tỉ 590 triệu,2018,Xe cũ,Nhập khẩu,6.000 km,Tp.HCM,Gò Vấp,Số tự động,Máy xăng,VNĐ,ThángNăm,ThángNăm,"Trả góp đều hàng thángTrả góp đều, lãi tính trên dư nợ giảm dần hàng tháng",VNĐ,Sedan,,,,,,,,,,
Toyota Hiace 2011,285 triệu,2011,Xe cũ,Trong nước,10.000 km,Hà Nội,Đông Anh,Số sàn,Máy xăng,VNĐ,ThángNăm,ThángNăm,"Trả góp đều hàng thángTrả góp đều, lãi tính trên dư nợ giảm dần hàng tháng",VNĐ,Van/Minivan,,,,,,,,,,
Volvo S90 Ultimate AWD 2022,1 tỉ 839 triệu,2022,Xe cũ,Nhập khẩu,10.000 km,Hà Nội,Long Biên,Số tự động,Máy xăng,VNĐ,ThángNăm,ThángNăm,"Trả góp đều hàng thángTrả góp đều, lãi tính trên dư nợ giảm dần hàng tháng",VNĐ,Sedan,,,,,,,,,,
Toyota Vios 1.5E MT 2023,390 triệu,2023,Xe cũ,Trong nước,68.000 km,Hà Nội,Thanh Xuân,Số sàn,Máy xăng,VNĐ,ThángNăm,ThángNăm,"Trả góp đều hàng thángTrả góp đều, lãi tính trên dư nợ giảm dần hàng tháng",VNĐ,Sedan,,,,,,,,,,
Mazda CX-5 2.0 Luxury 2012,415 triệu,2012,Xe cũ,Nhập khẩu,8.000 km,Hà Nội,Thanh Xuân,Số tự động,Máy xăng,VNĐ,ThángNăm,ThángNăm,"Trả góp đều hàng thángTrả góp đều, lãi tính trên dư nợ giảm dần hàng tháng",VNĐ,SUV,,,,,,,,,,
Mercedes-Benz GLC 200 4Matic 2020,1 tỉ 230 triệu,2020,Xe cũ,Trong nước,56.000 km,Hà Nội,Tây Hồ,Số tự động,Máy xăng,VNĐ,ThángNăm,ThángNăm,"Trả góp đều hàng thángTrả góp đều, lãi tính trên dư nợ giảm dần hàng tháng",VNĐ,SUV,,,,,,,,,,
Ford Escape XLT 2.3 AT 4x4 2004,135 triệu,2004,Xe cũ,Trong nước,190.000 km,Hà Nội,Bắc Từ Liêm,Số tự động,Máy xăng,VNĐ,ThángNăm,ThángNăm,"Trả góp đều hàng thángTrả góp đều, lãi tính trên dư nợ giảm dần hàng tháng",VNĐ,SUV,,,,,,,,,,
Lexus LX 570 Super Sport 2020,7 tỉ 500 triệu,2020,Xe cũ,Nhập khẩu,48.000 km,Hà Nội,Bắc Từ Liêm,Số tự động,Máy xăng,VNĐ,ThángNăm,ThángNăm,"Trả góp đều hàng thángTrả góp đều, lãi tính trên dư nợ giảm dần hàng tháng",VNĐ,SUV,,,,,,,,,,
Lexus RX 350 2019,2 tỉ 850 triệu,2019,Xe cũ,Nhập khẩu,43.000 km,Tp.HCM,Quận 7,Số tự động,Máy xăng,VNĐ,ThángNăm,ThángNăm,"Trả góp đều hàng thángTrả góp đều, lãi tính trên dư nợ giảm dần hàng tháng",VNĐ,SUV,,,,,,,,,,
Honda City 1.5 L 2022,445 triệu,2022,Xe cũ,,,Hải Phòng,,Số tự động,Máy xăng,VNĐ,ThángNăm,ThángNăm,"Trả góp đều hàng thángTrả góp đều, lãi tính trên dư nợ giảm dần hàng tháng",VNĐ,Sedan,,,,,,,,,,
Honda Civic 2009,210 triệu,2009,Xe cũ,Trong nước,13 km,Hà Nội,,Số tự động,Máy xăng,VNĐ,ThángNăm,ThángNăm,"Trả góp đều hàng thángTrả góp đều, lãi tính trên dư nợ giảm dần hàng tháng",VNĐ,Sedan,,,,,,,,,,
Mercedes-Benz GLC 200 4Matic 2018,888 triệu,2018,Xe cũ,Trong nước,37.000 km,Hà Nội,Long Biên,Số tự động,Máy xăng,VNĐ,ThángNăm,ThángNăm,"Trả góp đều hàng thángTrả góp đều, lãi tính trên dư nợ giảm dần hàng tháng",VNĐ,,,,,,,,,,,
Toyota Vios 1.5 G CVT 2022,439 triệu,2022,Xe cũ,Trong nước,70.000 km,Hà Nội,Sóc Sơn,Số tự động,Máy xăng,VNĐ,ThángNăm,ThángNăm,"Trả góp đều hàng thángTrả góp đều, lãi tính trên dư nợ giảm dần hàng tháng",VNĐ,Sedan,,,,,,,,,,
Mercedes-Benz GLC 250 4Matic 2016,839 triệu,2016,Xe cũ,Nhập khẩu,30.000 km,Tp.HCM,Quận 7,Số tự động,Máy xăng,VNĐ,ThángNăm,ThángNăm,"Trả góp đều hàng thángTrả góp đều, lãi tính trên dư nợ giảm dần hàng tháng",VNĐ,SUV,,,,,,,,,,
Mitsubishi Grandis 2.4 MIVEC 2009,239 triệu,2009,Xe cũ,Nhập khẩu,200.000 km,Tp.HCM,Bình Thạnh,Số tự động,Máy xăng,VNĐ,ThángNăm,ThángNăm,"Trả góp đều hàng thángTrả góp đều, lãi tính trên dư nợ giảm dần hàng tháng",VNĐ,MPV,,,,,,,,,,
Kia Sorento 2.2 DAT Premium 2015,490 triệu,2015,Xe cũ,Trong nước,110.000 km,Hà Nội,Cầu Giấy,Số tự động,Máy dầu,VNĐ,ThángNăm,ThángNăm,"Trả góp đều hàng thángTrả góp đều, lãi tính trên dư nợ giảm dần hàng tháng",VNĐ,SUV,,,,,,,,,,
Hyundai Grand i10 Sedan 1.2 MT 2020,210 triệu,2020,Xe cũ,Nhập khẩu,130.000 km,Đồng Nai,,Số sàn,Máy xăng,VNĐ,ThángNăm,ThángNăm,"Trả góp đều hàng thángTrả góp đều, lãi tính trên dư nợ giảm dần hàng tháng",VNĐ,Sedan,,,,,,,,,,
Mazda CX-5 2.0 Luxury 2020,655 triệu,2020,Xe cũ,Trong nước,76.000 km,Hải Phòng,Kiến An,Số tự động,Máy xăng,VNĐ,ThángNăm,ThángNăm,"Trả góp đều hàng thángTrả góp đều, lãi tính trên dư nợ giảm dần hàng tháng",VNĐ,SUV,,,,,,,,,,
Hyundai Accent 1.4 AT Đặc biệt 2022,440 triệu,2022,Xe cũ,Trong nước,71.000 km,Bắc Ninh,Bắc Ninh,Số tự động,Máy xăng,VNĐ,ThángNăm,ThángNăm,"Trả góp đều hàng thángTrả góp đều, lãi tính trên dư nợ giảm dần hàng tháng",VNĐ,Sedan,,,,,,,,,,
Hyundai Santa Fe 2.2 Dầu Cao cấp 2021,1 tỉ 085 triệu,2021,Xe cũ,Trong nước,72.000 km,Hà Nội,Thanh Xuân,Số tự động,Máy dầu,VNĐ,ThángNăm,ThángNăm,"Trả góp đều hàng thángTrả góp đều, lãi tính trên dư nợ giảm dần hàng tháng",VNĐ,SUV,,,,,,,,,,
Honda City RS 2021,435 triệu,2021,Xe cũ,Nhập khẩu,68.000 km,Cần Thơ,,Số tự động,Máy xăng,VNĐ,ThángNăm,ThángNăm,"Trả góp đều hàng thángTrả góp đều, lãi tính trên dư nợ giảm dần hàng tháng",VNĐ,Sedan,,,,,,,,,,
Nissan X trail 2.5 SV 4WD Premium 2019,626 triệu,2019,Xe cũ,Trong nước,60.000 km,Hà Nội,Thanh Xuân,Số tự động,Máy xăng,VNĐ,ThángNăm,ThángNăm,"Trả góp đều hàng thángTrả góp đều, lãi tính trên dư nợ giảm dần hàng tháng",VNĐ,SUV,,,,,,,,,,
Toyota Veloz Cross 1.5 CVT TOP 2022,566 triệu,2022,Xe cũ,Nhập khẩu,50.000 km,Nam Định,Nam Định,Số tự động,Máy xăng,VNĐ,ThángNăm,ThángNăm,"Trả góp đều hàng thángTrả góp đều, lãi tính trên dư nợ giảm dần hàng tháng",VNĐ,,,,,,,,,,,
Ford EcoSport Titanium 1.5L AT 2014,325 triệu,2014,Xe cũ,Trong nước,98.000 km,Tp.HCM,Tân Phú,Số tự động,Máy xăng,VNĐ,ThángNăm,ThángNăm,"Trả góp đều hàng thángTrả góp đều, lãi tính trên dư nợ giảm dần hàng tháng",VNĐ,,,,,,,,,,,
Toyota Camry 2.0E 2010,318 triệu,2010,Xe cũ,Nhập khẩu,125.000 km,Hà Nội,Cầu Giấy,Số tự động,Máy xăng,VNĐ,ThángNăm,ThángNăm,"Trả góp đều hàng thángTrả góp đều, lãi tính trên dư nợ giảm dần hàng tháng",VNĐ,Sedan,,,,,,,,,,
Ford Ranger Wildtrak 2.0L 4x4 AT 2019,599 triệu,2019,Xe cũ,Nhập khẩu,110.000 km,Hà Nội,Hoàng Mai,Số tự động,Máy dầu,VNĐ,ThángNăm,ThángNăm,"Trả góp đều hàng thángTrả góp đều, lãi tính trên dư nợ giảm dần hàng tháng",VNĐ,Bán tải,,,,,,,,,,
Mitsubishi Xpander Cross 1.5 AT 2020,490 triệu,2020,Xe cũ,Trong nước,60.000 km,Hải Phòng,Kiến An,Số tự động,Máy xăng,VNĐ,ThángNăm,ThángNăm,"Trả góp đều hàng thángTrả góp đều, lãi tính trên dư nợ giảm dần hàng tháng",VNĐ,MPV,,,,,,,,,,
Ford Ranger Wildtrak 2.0l bi-turbo 4x4 10 AT 2020,715 triệu,2020,Xe cũ,Nhập khẩu,70.000 km,Tp.HCM,Tân Phú,Số tự động,Máy dầu,VNĐ,ThángNăm,ThángNăm,"Trả góp đều hàng thángTrả góp đều, lãi tính trên dư nợ giảm dần hàng tháng",VNĐ,Bán tải,,,,,,,,,,
Mercedes-Benz G63 4.0 V8 2022,10 tỉ 200 triệu,2022,Xe cũ,Nhập khẩu,17.000 km,Hà Nội,Cầu Giấy,Số tự động,Máy xăng,VNĐ,ThángNăm,ThángNăm,"Trả góp đều hàng thángTrả góp đều, lãi tính trên dư nợ giảm dần hàng tháng",VNĐ,SUV,,,,,,,,,,
BMW Z4 sDrive30i 2020,2 tỉ 279 triệu,2020,Xe cũ,Nhập khẩu,11.700 km,Tp.HCM,Quận 7,Số tự động,Máy xăng,VNĐ,ThángNăm,ThángNăm,"Trả góp đều hàng thángTrả góp đều, lãi tính trên dư nợ giảm dần hàng tháng",VNĐ,Convertible,,,,,,,,,,
VinFast LUX A2.0 Cao cấp 2020,550 triệu,2020,Xe cũ,Trong nước,69.000 km,Hà Nội,Hoàng Mai,Số tự động,Máy xăng,VNĐ,ThángNăm,ThángNăm,"Trả góp đều hàng thángTrả góp đều, lãi tính trên dư nợ giảm dần hàng tháng",VNĐ,Sedan,,,,,,,,,,
Mercedes-Benz S450 Limited Edition 2020,2 tỉ 450 triệu,2020,Xe cũ,Trong nước,60.000 km,Hà Nội,Cầu Giấy,Số tự động,Máy xăng,VNĐ,ThángNăm,ThángNăm,"Trả góp đều hàng thángTrả góp đều, lãi tính trên dư nợ giảm dần hàng tháng",VNĐ,Sedan,,,,,,,,,,
Mercedes-Benz GLS 450 4Matic 2020,3 tỉ 470 triệu,2020,Xe cũ,Nhập khẩu,780.000 km,Hà Nội,,Số tự động,Máy xăng,VNĐ,ThángNăm,ThángNăm,"Trả góp đều hàng thángTrả góp đều, lãi tính trên dư nợ giảm dần hàng tháng",VNĐ,SUV,,,,,,,,,,
Hyundai Santa Fe 2.2L Dầu Cao cấp 2022,1 tỉ 180 triệu,2022,Xe cũ,Trong nước,50.000 km,Hà Nội,Cầu Giấy,Số tự động,Máy dầu,VNĐ,ThángNăm,ThángNăm,"Trả góp đều hàng thángTrả góp đều, lãi tính trên dư nợ giảm dần hàng tháng",VNĐ,SUV,,,,,,,,,,
Mitsubishi Attrage 1.2L MT 2024,310 triệu,2024,Xe cũ,Nhập khẩu,28.000 km,Đồng Nai,,Số sàn,Máy xăng,VNĐ,ThángNăm,ThángNăm,"Trả góp đều hàng thángTrả góp đều, lãi tính trên dư nợ giảm dần hàng tháng",VNĐ,Sedan,,,,,,,,,,
Ford Everest Titanium 2.2L 4x2 AT 2017,725 triệu,2017,Xe cũ,Trong nước,110.000 km,Hà Nội,Bắc Từ Liêm,Số tự động,Máy xăng,VNĐ,ThángNăm,ThángNăm,"Trả góp đều hàng thángTrả góp đều, lãi tính trên dư nợ giảm dần hàng tháng",VNĐ,,,,,,,,,,,
Toyota Corolla Altis 1.8G MT 2012,360 triệu,2012,Xe cũ,Nhập khẩu,125.000 km,Bình Dương,,Số tự động,Máy xăng,VNĐ,ThángNăm,ThángNăm,"Trả góp đều hàng thángTrả góp đều, lãi tính trên dư nợ giảm dần hàng tháng",VNĐ,Sedan,,,,,,,,,,
Volvo XC90 2022,3 tỉ 300 triệu,2022,Xe cũ,Nhập khẩu,19.000 km,Tp.HCM,Gò Vấp,Số tự động,Hybrid,VNĐ,ThángNăm,ThángNăm,"Trả góp đều hàng thángTrả góp đều, lãi tính trên dư nợ giảm dần hàng tháng",VNĐ,SUV,,,,,,,,,,
Suzuki Swift GL 1.2 CVT 2019,388 triệu,2019,Xe cũ,Nhập khẩu,80.000 km,Hà Nội,Cầu Giấy,Số tự động,Máy xăng,VNĐ,ThángNăm,ThángNăm,"Trả góp đều hàng thángTrả góp đều, lãi tính trên dư nợ giảm dần hàng tháng",VNĐ,Hatchback,,,,,,,,,,
Mercedes-Benz GLC 300 2019,1 tỉ 150 triệu,2019,Xe cũ,Trong nước,50.000 km,Hà Nội,Tây Hồ,Số tự động,Máy xăng,VNĐ,ThángNăm,ThángNăm,"Trả góp đều hàng thángTrả góp đều, lãi tính trên dư nợ giảm dần hàng tháng",VNĐ,,,,,,,,,,,
Ford Transit SVP 2018,435 triệu,2018,Xe cũ,Nhập khẩu,189.275 km,Tp.HCM,,Số sàn,Máy dầu,VNĐ,ThángNăm,ThángNăm,"Trả góp đều hàng thángTrả góp đều, lãi tính trên dư nợ giảm dần hàng tháng",VNĐ,Van/Minivan,,,,,,,,,,
Mercedes-Benz GLS 450 4Matic 2022,4 tỉ 198 triệu,2022,Xe cũ,Trong nước,36.000 km,Tp.HCM,Quận 7,Số tự động,Máy xăng,VNĐ,ThángNăm,ThángNăm,"Trả góp đều hàng thángTrả góp đều, lãi tính trên dư nợ giảm dần hàng tháng",VNĐ,,,,,,,,,,,
Ford Everest 2.5 AT 2014,430 triệu,2014,Xe cũ,Trong nước,96.000 km,Bình Dương,Thuận An,Số tự động,Máy dầu,VNĐ,ThángNăm,ThángNăm,"Trả góp đều hàng thángTrả góp đều, lãi tính trên dư nợ giảm dần hàng tháng",VNĐ,SUV,,,,,,,,,,
Toyota Veloz Cross 1.5 CVT TOP 2022,555 triệu,2022,Xe cũ,Nhập khẩu,77.000 km,Long An,Tân An,Số tự động,Máy xăng,VNĐ,ThángNăm,ThángNăm,"Trả góp đều hàng thángTrả góp đều, lãi tính trên dư nợ giảm dần hàng tháng",VNĐ,MPV,,,,,,,,,,
Chevrolet Aveo  2015,182 triệu,2015,Xe cũ,Trong nước,70.000 km,Đồng Nai,Biên Hòa,Số tự động,Máy xăng,VNĐ,ThángNăm,ThángNăm,"Trả góp đều hàng thángTrả góp đều, lãi tính trên dư nợ giảm dần hàng tháng",VNĐ,Sedan,,,,,,,,,,
Toyota Camry 2.0E 2014,430 triệu,2014,Xe cũ,Trong nước,80.000 km,Bắc Ninh,Bắc Ninh,Số tự động,Máy xăng,VNĐ,ThángNăm,ThángNăm,"Trả góp đều hàng thángTrả góp đều, lãi tính trên dư nợ giảm dần hàng tháng",VNĐ,Sedan,,,,,,,,,,
Ford Ranger Wildtrak 3.2 4x4 AT 2017,545 triệu,2017,Xe cũ,Nhập khẩu,130.000 km,Lào Cai,Bắc Hà,Số tự động,Máy dầu,VNĐ,ThángNăm,ThángNăm,"Trả góp đều hàng thángTrả góp đều, lãi tính trên dư nợ giảm dần hàng tháng",VNĐ,Bán tải,,,,,,,,,,
Hyundai Creta 1.5L Đặc biệt 2024,615 triệu,2024,Xe cũ,Trong nước,10.000 km,Hải Dương,Bình Giang,Số tự động,Máy xăng,VNĐ,ThángNăm,ThángNăm,"Trả góp đều hàng thángTrả góp đều, lãi tính trên dư nợ giảm dần hàng tháng",VNĐ,SUV,,,,,,,,,,
Ford Focus 1.8L 2011,180 triệu,2011,Xe cũ,Nhập khẩu,100.000 km,Hà Nội,,Số tự động,Máy xăng,VNĐ,ThángNăm,ThángNăm,"Trả góp đều hàng thángTrả góp đều, lãi tính trên dư nợ giảm dần hàng tháng",VNĐ,Sedan,,,,,,,,,,
Mercedes-Benz GLC 200 V1 2022,1 tỉ 388 triệu,2022,Xe cũ,Trong nước,39.999 km,Tp.HCM,Quận 7,Số tự động,Máy xăng,VNĐ,ThángNăm,ThángNăm,"Trả góp đều hàng thángTrả góp đều, lãi tính trên dư nợ giảm dần hàng tháng",VNĐ,,,,,,,,,,,
Hyundai Grand i10 Hatchback 1.2 AT 2010,185 triệu,2010,Xe cũ,Trong nước,132.000 km,Bình Định,Quy Nhơn,Số tự động,Máy xăng,VNĐ,ThángNăm,ThángNăm,"Trả góp đều hàng thángTrả góp đều, lãi tính trên dư nợ giảm dần hàng tháng",VNĐ,Hatchback,,,,,,,,,,
Toyota Innova 2.0E 2018,425 triệu,2018,Xe cũ,Trong nước,86.000 km,Hà Nội,Hoàng Mai,Số sàn,Máy xăng,VNĐ,ThángNăm,ThángNăm,"Trả góp đều hàng thángTrả góp đều, lãi tính trên dư nợ giảm dần hàng tháng",VNĐ,MPV,,,,,,,,,,
Lexus RX 350 Luxury 2023,4 tỉ 150 triệu,2023,Xe cũ,Nhập khẩu,18.000 km,Hà Nội,Bắc Từ Liêm,Số tự động,Máy xăng,VNĐ,ThángNăm,ThángNăm,"Trả góp đều hàng thángTrả góp đều, lãi tính trên dư nợ giảm dần hàng tháng",VNĐ,SUV,,,,,,,,,,
Kia Cerato 2016,360 triệu,2016,Xe cũ,Trong nước,90.000 km,Bình Dương,Thuận An,Số tự động,Máy xăng,VNĐ,ThángNăm,ThángNăm,"Trả góp đều hàng thángTrả góp đều, lãi tính trên dư nợ giảm dần hàng tháng",VNĐ,Sedan,,,,,,,,,,
Ford Explorer 2.3L Ecoboost 2019,1 tỉ 160 triệu,2019,Xe cũ,Nhập khẩu,72.000 km,Tp.HCM,Tân Phú,Số tự động,Máy xăng,VNĐ,ThángNăm,ThángNăm,"Trả góp đều hàng thángTrả góp đều, lãi tính trên dư nợ giảm dần hàng tháng",VNĐ,SUV,,,,,,,,,,
Mazda CX-5 2.0 Luxury 2017,498 triệu,2017,Xe cũ,Trong nước,65.000 km,Hà Nội,Nam Từ Liêm,Số tự động,Máy xăng,VNĐ,ThángNăm,ThángNăm,"Trả góp đều hàng thángTrả góp đều, lãi tính trên dư nợ giảm dần hàng tháng",VNĐ,SUV,,,,,,,,,,
Toyota Wigo 1.2 G AT 2024,410 triệu,2024,Xe cũ,Nhập khẩu,10.000 km,Hà Nội,Tây Hồ,Số tự động,Máy xăng,VNĐ,ThángNăm,ThángNăm,"Trả góp đều hàng thángTrả góp đều, lãi tính trên dư nợ giảm dần hàng tháng",VNĐ,Hatchback,,,,,,,,,,
Mitsubishi Triton 4×2 AT 2021,535 triệu,2021,Xe cũ,Nhập khẩu,50.000 km,Bà Rịa Vũng Tàu,Bà Rịa,Số tự động,Máy dầu,VNĐ,ThángNăm,ThángNăm,"Trả góp đều hàng thángTrả góp đều, lãi tính trên dư nợ giảm dần hàng tháng",VNĐ,Bán tải,,,,,,,,,,
Toyota Vios 1.5 E CVT 2022,425 triệu,2022,Xe cũ,Trong nước,50.000 km,Hà Nội,Thanh Xuân,Số tự động,Máy xăng,VNĐ,ThángNăm,ThángNăm,"Trả góp đều hàng thángTrả góp đều, lãi tính trên dư nợ giảm dần hàng tháng",VNĐ,Sedan,,,,,,,,,,
Honda CR-V 1.5 L 2020,809 triệu,2020,Xe cũ,Trong nước,57.000 km,Đà Nẵng,Hải Châu,Số tự động,Máy xăng,VNĐ,ThángNăm,ThángNăm,"Trả góp đều hàng thángTrả góp đều, lãi tính trên dư nợ giảm dần hàng tháng",VNĐ,SUV,,,,,,,,,,
Ford EcoSport Titanium 1.5L AT 2016,335 triệu,2016,Xe cũ,Trong nước,40.000 km,Tp.HCM,Hóc Môn,Số tự động,Máy xăng,VNĐ,ThángNăm,ThángNăm,"Trả góp đều hàng thángTrả góp đều, lãi tính trên dư nợ giảm dần hàng tháng",VNĐ,SUV,,,,,,,,,,
Chevrolet Spark Van 2017,128 triệu,2017,Xe cũ,Nhập khẩu,34.000 km,Hà Nội,,Số tự động,Máy xăng,VNĐ,ThángNăm,ThángNăm,"Trả góp đều hàng thángTrả góp đều, lãi tính trên dư nợ giảm dần hàng tháng",VNĐ,Hatchback,,,,,,,,,,
Hyundai Elantra   2.0 AT 2021,535 triệu,2021,Xe cũ,Trong nước,30.000 km,Hà Nội,Nam Từ Liêm,Số tự động,Máy xăng,VNĐ,ThángNăm,ThángNăm,"Trả góp đều hàng thángTrả góp đều, lãi tính trên dư nợ giảm dần hàng tháng",VNĐ,,,,,,,,,,,
Mercedes-Benz S450L Luxury 2019,2 tỉ 395 triệu,2019,Xe cũ,Trong nước,86.000 km,Hà Nội,Cầu Giấy,Số tự động,Máy xăng,VNĐ,ThángNăm,ThángNăm,"Trả góp đều hàng thángTrả góp đều, lãi tính trên dư nợ giảm dần hàng tháng",VNĐ,Sedan,,,,,,,,,,
Chrysler 300C 2010,480 triệu,2010,Xe cũ,Nhập khẩu,10 km,Hà Nội,,Số tự động,Máy xăng,VNĐ,ThángNăm,ThángNăm,"Trả góp đều hàng thángTrả góp đều, lãi tính trên dư nợ giảm dần hàng tháng",VNĐ,Sedan,,,,,,,,,,
Mercedes-Benz GLC 200 V1 2022,1 tỉ 639 triệu,2022,Xe cũ,Trong nước,21.000 km,Hà Nội,Long Biên,Số tự động,Máy xăng,VNĐ,ThángNăm,ThángNăm,"Trả góp đều hàng thángTrả góp đều, lãi tính trên dư nợ giảm dần hàng tháng",VNĐ,SUV,,,,,,,,,,
Mercedes-Benz GLC 200 2021,1 tỉ 290 triệu,2021,Xe cũ,Trong nước,50.000 km,Hải Phòng,Đồ Sơn,Số tự động,Máy xăng,VNĐ,ThángNăm,ThángNăm,"Trả góp đều hàng thángTrả góp đều, lãi tính trên dư nợ giảm dần hàng tháng",VNĐ,SUV,,,,,,,,,,
Ford Everest 2023,1 tỉ 258 triệu,2023,Xe cũ,Trong nước,29.000 km,Hà Nội,Cầu Giấy,Số tự động,Máy xăng,VNĐ,ThángNăm,ThángNăm,"Trả góp đều hàng thángTrả góp đều, lãi tính trên dư nợ giảm dần hàng tháng",VNĐ,SUV,,,,,,,,,,
Hyundai Tucson 2.0 Tiêu chuẩn 2021,629 triệu,2021,Xe cũ,Trong nước,72.000 km,Hà Nội,Sóc Sơn,Số tự động,Máy xăng,VNĐ,ThángNăm,ThángNăm,"Trả góp đều hàng thángTrả góp đều, lãi tính trên dư nợ giảm dần hàng tháng",VNĐ,SUV,,,,,,,,,,
Honda Accord 3 2022,890 triệu,2022,Xe cũ,Nhập khẩu,36.000 km,Tp.HCM,Quận 7,Số tự động,Máy xăng,VNĐ,ThángNăm,ThángNăm,"Trả góp đều hàng thángTrả góp đều, lãi tính trên dư nợ giảm dần hàng tháng",VNĐ,Sedan,,,,,,,,,,
Mitsubishi Xpander 1.5 AT  2023,499 triệu,2023,Xe cũ,Nhập khẩu,36.000 km,Bình Dương,Dĩ An,Số tự động,Máy xăng,VNĐ,ThángNăm,ThángNăm,"Trả góp đều hàng thángTrả góp đều, lãi tính trên dư nợ giảm dần hàng tháng",VNĐ,MPV,,,,,,,,,,
Mercedes-Benz E200 Exclusive 2022,1 tỉ 699 triệu,2022,Xe cũ,Trong nước,29.500 km,Tp.HCM,Quận 7,Số tự động,Máy xăng,VNĐ,ThángNăm,ThángNăm,"Trả góp đều hàng thángTrả góp đều, lãi tính trên dư nợ giảm dần hàng tháng",VNĐ,Sedan,,,,,,,,,,
VinFast VF9 2024,1 tỉ 030 triệu,2024,Xe cũ,Trong nước,30.000 km,Hà Nội,Bắc Từ Liêm,Số tự động,Điện,VNĐ,ThángNăm,ThángNăm,"Trả góp đều hàng thángTrả góp đều, lãi tính trên dư nợ giảm dần hàng tháng",VNĐ,SUV,,,,,,,,,,
Kia Rondo 2.0 GAT 2019,410 triệu,2019,Xe cũ,Trong nước,71.000 km,Đồng Nai,Biên Hòa,Số tự động,Máy xăng,VNĐ,ThángNăm,ThángNăm,"Trả góp đều hàng thángTrả góp đều, lãi tính trên dư nợ giảm dần hàng tháng",VNĐ,MPV,,,,,,,,,,
Ford Focus 2019,435 triệu,2019,Xe cũ,Trong nước,80.000 km,Bình Dương,Thuận An,Số tự động,Máy xăng,VNĐ,ThángNăm,ThángNăm,"Trả góp đều hàng thángTrả góp đều, lãi tính trên dư nợ giảm dần hàng tháng",VNĐ,Sedan,,,,,,,,,,
Ford Ranger Raptor 2022,975 triệu,2022,Xe cũ,Nhập khẩu,50.000 km,Tp.HCM,Tân Phú,Số tự động,Máy dầu,VNĐ,ThángNăm,ThángNăm,"Trả góp đều hàng thángTrả góp đều, lãi tính trên dư nợ giảm dần hàng tháng",VNĐ,Bán tải,,,,,,,,,,
Mazda BT-50 Standard 4x4 2.2 MT 2018,420 triệu,2018,Xe cũ,Trong nước,89.000 km,Hà Nội,Thanh Xuân,Số sàn,Máy xăng,VNĐ,ThángNăm,ThángNăm,"Trả góp đều hàng thángTrả góp đều, lãi tính trên dư nợ giảm dần hàng tháng",VNĐ,Bán tải,,,,,,,,,,
Hyundai Elantra 2019,450 triệu,2019,Xe cũ,,60.000 km,Hà Nội,,Số tự động,Máy xăng,VNĐ,ThángNăm,ThángNăm,"Trả góp đều hàng thángTrả góp đều, lãi tính trên dư nợ giảm dần hàng tháng",VNĐ,Sedan,,,,,,,,,,
Hyundai Tucson 2.0 Đặc biệt 2009,290 triệu,2009,Xe cũ,Nhập khẩu,120.000 km,Lâm Đồng,Bảo Lộc,Số tự động,Máy xăng,VNĐ,ThángNăm,ThángNăm,"Trả góp đều hàng thángTrả góp đều, lãi tính trên dư nợ giảm dần hàng tháng",VNĐ,SUV,,,,,,,,,,
Toyota Vios 1.5 E CVT 2022,428 triệu,2022,Xe cũ,Trong nước,40.000 km,Phú Thọ,Đoan Hùng,Số tự động,Máy xăng,VNĐ,ThángNăm,ThángNăm,"Trả góp đều hàng thángTrả góp đều, lãi tính trên dư nợ giảm dần hàng tháng",VNĐ,Sedan,,,,,,,,,,
Ford EcoSport Titanium 1.5L AT 2020,475 triệu,2020,Xe cũ,Trong nước,85.000 km,Tp.HCM,Quận 12,Số tự động,Máy xăng,VNĐ,ThángNăm,ThángNăm,"Trả góp đều hàng thángTrả góp đều, lãi tính trên dư nợ giảm dần hàng tháng",VNĐ,SUV,,,,,,,,,,
Hyundai Accent 1.5 AT cao cấp 2024,545 triệu,2024,Xe cũ,Trong nước,2.000 km,Hà Nội,Bắc Từ Liêm,Số tự động,Máy xăng,VNĐ,ThángNăm,ThángNăm,"Trả góp đều hàng thángTrả góp đều, lãi tính trên dư nợ giảm dần hàng tháng",VNĐ,Sedan,,,,,,,,,,
Chevrolet Spark LTZ 1.0 AT 2015,215 triệu,2015,Xe cũ,Nhập khẩu,268.000 km,An Giang,,Số tự động,Máy xăng,VNĐ,ThángNăm,ThángNăm,"Trả góp đều hàng thángTrả góp đều, lãi tính trên dư nợ giảm dần hàng tháng",VNĐ,Hatchback,,,,,,,,,,
Mazda BT-50 Premium 4x4 3.2 AT 2019,465 triệu,2019,Xe cũ,Nhập khẩu,78.000 km,Tp.HCM,Quận 10,Số tự động,Máy dầu,VNĐ,ThángNăm,ThángNăm,"Trả góp đều hàng thángTrả góp đều, lãi tính trên dư nợ giảm dần hàng tháng",VNĐ,Bán tải,,,,,,,,,,
Kia Sorento 2.4 GATH Premium 2016,435 triệu,2016,Xe cũ,Trong nước,120.000 km,Hà Nội,Nam Từ Liêm,Số tự động,Máy xăng,VNĐ,ThángNăm,ThángNăm,"Trả góp đều hàng thángTrả góp đều, lãi tính trên dư nợ giảm dần hàng tháng",VNĐ,SUV,,,,,,,,,,
Hyundai Grand i10 2014,126 triệu,2014,Xe cũ,Nhập khẩu,78.000 km,Hà Tĩnh,Hà Tĩnh,Số sàn,Máy xăng,VNĐ,ThángNăm,ThángNăm,"Trả góp đều hàng thángTrả góp đều, lãi tính trên dư nợ giảm dần hàng tháng",VNĐ,Hatchback,,,,,,,,,,
Lexus RX 350 2010,695 triệu,2010,Xe cũ,Nhập khẩu,90.000 km,Tp.HCM,Quận 7,Số tự động,Máy xăng,VNĐ,ThángNăm,ThángNăm,"Trả góp đều hàng thángTrả góp đều, lãi tính trên dư nợ giảm dần hàng tháng",VNĐ,SUV,,,,,,,,,,
Mazda CX-5 2.0 AWD 2018,605 triệu,2018,Xe cũ,Trong nước,70.000 km,Hà Nội,Bắc Từ Liêm,Số tự động,Máy xăng,VNĐ,ThángNăm,ThángNăm,"Trả góp đều hàng thángTrả góp đều, lãi tính trên dư nợ giảm dần hàng tháng",VNĐ,SUV,,,,,,,,,,
Kia Morning 2013,175 triệu,2013,Xe cũ,Nhập khẩu,120.000 km,Hải Phòng,Kiến An,Số tự động,Máy xăng,VNĐ,ThángNăm,ThángNăm,"Trả góp đều hàng thángTrả góp đều, lãi tính trên dư nợ giảm dần hàng tháng",VNĐ,Hatchback,,,,,,,,,,
Mazda 2 Sedan 1.5L Luxury 2020,415 triệu,2020,Xe cũ,Nhập khẩu,28.000 km,Tp.HCM,Bình Chánh,Số tự động,Máy xăng,VNĐ,ThángNăm,ThángNăm,"Trả góp đều hàng thángTrả góp đều, lãi tính trên dư nợ giảm dần hàng tháng",VNĐ,Sedan,,,,,,,,,,
Ford Transit SVP 2021,580 triệu,2021,Xe cũ,Trong nước,87.000 km,Tp.HCM,Tân Phú,Số sàn,Máy dầu,VNĐ,ThángNăm,ThángNăm,"Trả góp đều hàng thángTrả góp đều, lãi tính trên dư nợ giảm dần hàng tháng",VNĐ,Van/Minivan,,,,,,,,,,
Suzuki Vitara JLX 1.6 4X4 2004,145 triệu,2004,Xe cũ,Trong nước,210.000 km,Hà Nội,Bắc Từ Liêm,Số sàn,Máy xăng,VNĐ,ThángNăm,ThángNăm,"Trả góp đều hàng thángTrả góp đều, lãi tính trên dư nợ giảm dần hàng tháng",VNĐ,SUV,,,,,,,,,,
Mitsubishi Xpander 1.5 MT 2021,439 triệu,2021,Xe cũ,Nhập khẩu,40.000 km,Hà Nội,Thanh Xuân,Số sàn,Máy xăng,VNĐ,ThángNăm,ThángNăm,"Trả góp đều hàng thángTrả góp đều, lãi tính trên dư nợ giảm dần hàng tháng",VNĐ,MPV,,,,,,,,,,
Kia Morning Si 1.25 MT 2018,198 triệu,2018,Xe cũ,Trong nước,93.000 km,Thanh Hóa,Triệu Sơn,Số sàn,Máy xăng,VNĐ,ThángNăm,ThángNăm,"Trả góp đều hàng thángTrả góp đều, lãi tính trên dư nợ giảm dần hàng tháng",VNĐ,Hatchback,,,,,,,,,,
BMW X6 xDrive40i Msport 2022,3 tỉ 179 triệu,2022,Xe cũ,Nhập khẩu,21.000 km,Tp.HCM,Quận 7,Số tự động,Máy xăng,VNĐ,ThángNăm,ThángNăm,"Trả góp đều hàng thángTrả góp đều, lãi tính trên dư nợ giảm dần hàng tháng",VNĐ,Coupe,,,,,,,,,,
Mazda CX-5 2.5 AWD 2018,569 triệu,2018,Xe cũ,Trong nước,140.000 km,Hà Nội,Cầu Giấy,Số tự động,Máy xăng,VNĐ,ThángNăm,ThángNăm,"Trả góp đều hàng thángTrả góp đều, lãi tính trên dư nợ giảm dần hàng tháng",VNĐ,SUV,,,,,,,,,,
Mitsubishi Triton GLS 2014,289 triệu,2014,Xe cũ,Nhập khẩu,150.000 km,Hà Nội,Cầu Giấy,Số sàn,Máy dầu,VNĐ,ThángNăm,ThángNăm,"Trả góp đều hàng thángTrả góp đều, lãi tính trên dư nợ giảm dần hàng tháng",VNĐ,Bán tải,,,,,,,,,,
Toyota Corolla Cross 1.8 V  2021,699 triệu,2021,Xe cũ,Trong nước,50.000 km,Hà Nội,Nam Từ Liêm,Số tự động,Máy xăng,VNĐ,ThángNăm,ThángNăm,"Trả góp đều hàng thángTrả góp đều, lãi tính trên dư nợ giảm dần hàng tháng",VNĐ,SUV,,,,,,,,,,
Ford Ranger XLT 2.2 4X4 MT 2016,485 triệu,2016,Xe cũ,Nhập khẩu,80.000 km,Tp.HCM,Gò Vấp,Số sàn,Máy dầu,VNĐ,ThángNăm,ThángNăm,"Trả góp đều hàng thángTrả góp đều, lãi tính trên dư nợ giảm dần hàng tháng",VNĐ,Bán tải,,,,,,,,,,
Mitsubishi Xpander 1.5 AT  2019,468 triệu,2019,Xe cũ,Nhập khẩu,72.000 km,Tp.HCM,Tân Phú,Số tự động,Máy xăng,VNĐ,ThángNăm,ThángNăm,"Trả góp đều hàng thángTrả góp đều, lãi tính trên dư nợ giảm dần hàng tháng",VNĐ,MPV,,,,,,,,,,
BMW 730Li M Sport 2015,1 tỉ 559 triệu,2015,Xe cũ,Nhập khẩu,19.000 km,Tp.HCM,Quận 7,Số tự động,Máy xăng,VNĐ,ThángNăm,ThángNăm,"Trả góp đều hàng thángTrả góp đều, lãi tính trên dư nợ giảm dần hàng tháng",VNĐ,Sedan,,,,,,,,,,
Toyota Wigo 1.2 G AT 2021,279 triệu,2021,Xe cũ,Nhập khẩu,90.000 km,Bình Dương,Thuận An,Số tự động,Máy xăng,VNĐ,ThángNăm,ThángNăm,"Trả góp đều hàng thángTrả góp đều, lãi tính trên dư nợ giảm dần hàng tháng",VNĐ,Hatchback,,,,,,,,,,
Toyota Innova 2.0G 2011,295 triệu,2011,Xe cũ,Trong nước,219.000 km,Quảng Nam,,Số tự động,Máy xăng,VNĐ,ThángNăm,ThángNăm,"Trả góp đều hàng thángTrả góp đều, lãi tính trên dư nợ giảm dần hàng tháng",VNĐ,MPV,,,,,,,,,,
Honda Civic 1.8 AT 2009,235 triệu,2009,Xe cũ,Trong nước,200.000 km,Phú Thọ,Đoan Hùng,Số tự động,Máy xăng,VNĐ,ThángNăm,ThángNăm,"Trả góp đều hàng thángTrả góp đều, lãi tính trên dư nợ giảm dần hàng tháng",VNĐ,Sedan,,,,,,,,,,
Mercedes-Benz S500 2015,3 tỉ 350 triệu,2015,Xe cũ,Nhập khẩu,40.000 km,Hà Nội,Tây Hồ,Số tự động,Máy xăng,VNĐ,ThángNăm,ThángNăm,"Trả góp đều hàng thángTrả góp đều, lãi tính trên dư nợ giảm dần hàng tháng",VNĐ,Sedan,,,,,,,,,,
Mercedes-Benz GLC 300 4Matic V1 2022,1 tỉ 888 triệu,2022,Xe cũ,Trong nước,30.000 km,Tp.HCM,Quận 7,Số tự động,Máy xăng,VNĐ,ThángNăm,ThángNăm,"Trả góp đều hàng thángTrả góp đều, lãi tính trên dư nợ giảm dần hàng tháng",VNĐ,SUV,,,,,,,,,,
Mitsubishi Attrage CVT 2021,319 triệu,2021,Xe cũ,Nhập khẩu,80.000 km,Bình Dương,Dĩ An,Số tự động,Máy xăng,VNĐ,ThángNăm,ThángNăm,"Trả góp đều hàng thángTrả góp đều, lãi tính trên dư nợ giảm dần hàng tháng",VNĐ,Sedan,,,,,,,,,,
Hyundai Santa Fe 2.4L Xăng Đặc biệt 2021,945 triệu,2021,Xe cũ,Trong nước,57.000 km,Bình Dương,Bến Cát,Số tự động,Máy xăng,VNĐ,ThángNăm,ThángNăm,"Trả góp đều hàng thángTrả góp đều, lãi tính trên dư nợ giảm dần hàng tháng",VNĐ,SUV,,,,,,,,,,
Kia Optima 2.0 GAT Luxury 2020,515 triệu,2020,Xe cũ,Trong nước,60.000 km,Phú Thọ,Cẩm Khê,Số tự động,Máy xăng,VNĐ,ThángNăm,ThángNăm,"Trả góp đều hàng thángTrả góp đều, lãi tính trên dư nợ giảm dần hàng tháng",VNĐ,Sedan,,,,,,,,,,
Hyundai Elantra   2.0 AT 2021,522 triệu,2021,Xe cũ,Trong nước,30.000 km,Tp.HCM,Tân Phú,Số tự động,Máy xăng,VNĐ,ThángNăm,ThángNăm,"Trả góp đều hàng thángTrả góp đều, lãi tính trên dư nợ giảm dần hàng tháng",VNĐ,Sedan,,,,,,,,,,
BMW X6 xDrive40i Msport 2021,3 tỉ 249 triệu,2021,Xe cũ,Nhập khẩu,30.000 km,Tp.HCM,Quận 7,Số tự động,Máy xăng,VNĐ,ThángNăm,ThángNăm,"Trả góp đều hàng thángTrả góp đều, lãi tính trên dư nợ giảm dần hàng tháng",VNĐ,SUV,,,,,,,,,,
Kia Morning 1.25 MT 2014,95 triệu,2014,Xe cũ,Trong nước,110.000 km,Quảng Bình,Đồng Hới,Số sàn,Máy xăng,VNĐ,ThángNăm,ThángNăm,"Trả góp đều hàng thángTrả góp đều, lãi tính trên dư nợ giảm dần hàng tháng",VNĐ,Hatchback,,,,,,,,,,
Mercedes-Benz S450 4Matic Luxury 2025,4 tỉ 650 triệu,2025,Xe cũ,Nhập khẩu,01 km,Tp.HCM,Quận 7,Số tự động,Máy xăng,VNĐ,ThángNăm,ThángNăm,"Trả góp đều hàng thángTrả góp đều, lãi tính trên dư nợ giảm dần hàng tháng",VNĐ,Sedan,,,,,,,,,,
Hyundai Accent 1.4 AT 2022,420 triệu,2022,Xe cũ,Trong nước,50.000 km,Thái Bình,Thái Bình,Số tự động,Máy xăng,VNĐ,ThángNăm,ThángNăm,"Trả góp đều hàng thángTrả góp đều, lãi tính trên dư nợ giảm dần hàng tháng",VNĐ,Sedan,,,,,,,,,,
Mercedes-Benz S500 2015,1 tỉ 299 triệu,2015,Xe cũ,Trong nước,99.000 km,Tp.HCM,Quận 7,Số tự động,Máy xăng,VNĐ,ThángNăm,ThángNăm,"Trả góp đều hàng thángTrả góp đều, lãi tính trên dư nợ giảm dần hàng tháng",VNĐ,Sedan,,,,,,,,,,
Audi Q2 2018,878 triệu,2018,Xe cũ,Nhập khẩu,66.000 km,Tp.HCM,Quận 7,Số tự động,Máy xăng,VNĐ,ThángNăm,ThángNăm,"Trả góp đều hàng thángTrả góp đều, lãi tính trên dư nợ giảm dần hàng tháng",VNĐ,SUV,,,,,,,,,,
Mazda CX-30 2.0L Premium 2022,650 triệu,2022,Xe cũ,Nhập khẩu,60.000 km,Hà Nội,Long Biên,Số tự động,Máy xăng,VNĐ,ThángNăm,ThángNăm,"Trả góp đều hàng thángTrả góp đều, lãi tính trên dư nợ giảm dần hàng tháng",VNĐ,Crossover,,,,,,,,,,
Ford EcoSport Titanium 1.5L AT 2017,320 triệu,2017,Xe cũ,Trong nước,61.000 km,Tp.HCM,Bình Thạnh,Số tự động,Máy xăng,VNĐ,ThángNăm,ThángNăm,"Trả góp đều hàng thángTrả góp đều, lãi tính trên dư nợ giảm dần hàng tháng",VNĐ,SUV,,,,,,,,,,
Ford Ranger Wildtrak 2.0L 4x2 AT 2022,795 triệu,2022,Xe cũ,Trong nước,95.000 km,Tp.HCM,Tân Phú,Số tự động,Máy dầu,VNĐ,ThángNăm,ThángNăm,"Trả góp đều hàng thángTrả góp đều, lãi tính trên dư nợ giảm dần hàng tháng",VNĐ,Bán tải,,,,,,,,,,
Toyota Corolla Altis 1.8 G 2016,435 triệu,2016,Xe cũ,Trong nước,83.000 km,Tp.HCM,Hóc Môn,Số tự động,Máy xăng,VNĐ,ThángNăm,ThángNăm,"Trả góp đều hàng thángTrả góp đều, lãi tính trên dư nợ giảm dần hàng tháng",VNĐ,,,,,,,,,,,
Honda City 1.5 TOP CVT 2020,428 triệu,2020,Xe cũ,Trong nước,76.000 km,Tp.HCM,,Số tự động,Máy xăng,VNĐ,ThángNăm,ThángNăm,"Trả góp đều hàng thángTrả góp đều, lãi tính trên dư nợ giảm dần hàng tháng",VNĐ,Sedan,,,,,,,,,,
Mercedes-Benz GLC 200 4Matic 2023,1 tỉ 938 triệu,2023,Xe cũ,Trong nước,28.888 km,Tp.HCM,Quận 7,Số tự động,Máy xăng,VNĐ,ThángNăm,ThángNăm,"Trả góp đều hàng thángTrả góp đều, lãi tính trên dư nợ giảm dần hàng tháng",VNĐ,,,,,,,,,,,
Kia Spectra 2003,39 triệu,2003,Xe cũ,Trong nước,1.250 km,Kon Tum,Đăk Hà,Số tự động,Máy xăng,VNĐ,ThángNăm,ThángNăm,"Trả góp đều hàng thángTrả góp đều, lãi tính trên dư nợ giảm dần hàng tháng",VNĐ,Sedan,,,,,,,,,,
Peugeot 2008 GT Line 2023,685 triệu,2023,Xe cũ,Nhập khẩu,15.000 km,Tp.HCM,Quận 2,Số tự động,Máy xăng,VNĐ,ThángNăm,ThángNăm,"Trả góp đều hàng thángTrả góp đều, lãi tính trên dư nợ giảm dần hàng tháng",VNĐ,Crossover,,,,,,,,,,
Mercedes-Benz GLC 250 4Matic 2017,858 triệu,2017,Xe cũ,Trong nước,90 km,Tp.HCM,Quận 7,Số tự động,Máy xăng,VNĐ,ThángNăm,ThángNăm,"Trả góp đều hàng thángTrả góp đều, lãi tính trên dư nợ giảm dần hàng tháng",VNĐ,SUV,,,,,,,,,,
Kia Morning EX 1.25 MT 2016,160 triệu,2016,Xe cũ,Trong nước,135.000 km,Hưng Yên,Khoái Châu,Số sàn,Máy xăng,VNĐ,ThángNăm,ThángNăm,"Trả góp đều hàng thángTrả góp đều, lãi tính trên dư nợ giảm dần hàng tháng",VNĐ,Hatchback,,,,,,,,,,
Land Rover Range Rover 2014,2 tỉ 600 triệu,2014,Xe cũ,Nhập khẩu,80.000 km,Hà Nội,Long Biên,Số tự động,Máy xăng,VNĐ,ThángNăm,ThángNăm,"Trả góp đều hàng thángTrả góp đều, lãi tính trên dư nợ giảm dần hàng tháng",VNĐ,SUV,,,,,,,,,,
Daewoo Lanos MT 2003,39 triệu,2003,Xe cũ,Trong nước,12.345 km,Kon Tum,Đăk Hà,Số sàn,Máy xăng,VNĐ,ThángNăm,ThángNăm,"Trả góp đều hàng thángTrả góp đều, lãi tính trên dư nợ giảm dần hàng tháng",VNĐ,Sedan,,,,,,,,,,
Porsche Macan  2022,3 tỉ 699 triệu,2022,Xe cũ,Nhập khẩu,10.000 km,Tp.HCM,Quận 7,Số tự động,Máy xăng,VNĐ,ThángNăm,ThángNăm,"Trả góp đều hàng thángTrả góp đều, lãi tính trên dư nợ giảm dần hàng tháng",VNĐ,SUV,,,,,,,,,,
Hyundai Accent 1.4 MT 2019,319 triệu,2019,Xe cũ,Trong nước,76.000 km,Bình Dương,Dĩ An,Số sàn,Máy xăng,VNĐ,ThángNăm,ThángNăm,"Trả góp đều hàng thángTrả góp đều, lãi tính trên dư nợ giảm dần hàng tháng",VNĐ,Sedan,,,,,,,,,,
Kia Sonet 1.5 Premium 2022,535 triệu,2022,Xe cũ,Trong nước,45.689 km,Hà Nội,Hoàng Mai,Số tự động,Máy xăng,VNĐ,ThángNăm,ThángNăm,"Trả góp đều hàng thángTrả góp đều, lãi tính trên dư nợ giảm dần hàng tháng",VNĐ,SUV,,,,,,,,,,
Toyota Vios 1.5E MT 2018,220 triệu,2018,Xe cũ,Trong nước,522.596 km,Cần Thơ,,Số sàn,Máy xăng,VNĐ,ThángNăm,ThángNăm,"Trả góp đều hàng thángTrả góp đều, lãi tính trên dư nợ giảm dần hàng tháng",VNĐ,Sedan,,,,,,,,,,
Ford Ranger Wildtrak 3.2 4x4 AT 2017,605 triệu,2017,Xe cũ,Nhập khẩu,88.000 km,Tp.HCM,Tân Phú,Số tự động,Máy dầu,VNĐ,ThángNăm,ThángNăm,"Trả góp đều hàng thángTrả góp đều, lãi tính trên dư nợ giảm dần hàng tháng",VNĐ,Bán tải,,,,,,,,,,
Ford Ranger Wildtrak 2.0L 4x4 AT 2018,585 triệu,2018,Xe cũ,Nhập khẩu,75.000 km,Bình Phước,Đồng Phú,Số tự động,Máy dầu,VNĐ,ThángNăm,ThángNăm,"Trả góp đều hàng thángTrả góp đều, lãi tính trên dư nợ giảm dần hàng tháng",VNĐ,Bán tải,,,,,,,,,,
Nissan X trail 2.5 SV 4WD 2016,430 triệu,2016,Xe cũ,Trong nước,100.100 km,Bắc Ninh,Bắc Ninh,Số tự động,Máy xăng,VNĐ,ThángNăm,ThángNăm,"Trả góp đều hàng thángTrả góp đều, lãi tính trên dư nợ giảm dần hàng tháng",VNĐ,SUV,,,,,,,,,,
Hyundai Accent 1.4 MT 2020,340 triệu,2020,Xe cũ,Trong nước,32.000 km,Bình Dương,Thuận An,Số sàn,Máy xăng,VNĐ,ThángNăm,ThángNăm,"Trả góp đều hàng thángTrả góp đều, lãi tính trên dư nợ giảm dần hàng tháng",VNĐ,Sedan,,,,,,,,,,
Kia Forte SLI 1.6 AT 2009,208 triệu,2009,Xe cũ,Nhập khẩu,15.050 km,Hà Nội,,Số tự động,Máy xăng,VNĐ,ThángNăm,ThángNăm,"Trả góp đều hàng thángTrả góp đều, lãi tính trên dư nợ giảm dần hàng tháng",VNĐ,Sedan,,,,,,,,,,
Ford Territory 1.5L Titanium 2024,768 triệu,2024,Xe cũ,Nhập khẩu,16.000 km,Bình Dương,Dĩ An,Số tự động,Máy xăng,VNĐ,ThángNăm,ThángNăm,"Trả góp đều hàng thángTrả góp đều, lãi tính trên dư nợ giảm dần hàng tháng",VNĐ,SUV,,,,,,,,,,
Lexus NX 350 F-Sport 2023,3 tỉ 100 triệu,2023,Xe cũ,Nhập khẩu,1.900 km,Tp.HCM,Quận 1,Số tự động,Máy xăng,VNĐ,ThángNăm,ThángNăm,"Trả góp đều hàng thángTrả góp đều, lãi tính trên dư nợ giảm dần hàng tháng",VNĐ,,,,,,,,,,,
Lexus LX 600 Urban 2023,8 tỉ 550 triệu,2023,Xe cũ,Nhập khẩu,20.000 km,Hà Nội,Bắc Từ Liêm,Số tự động,Máy xăng,VNĐ,ThángNăm,ThángNăm,"Trả góp đều hàng thángTrả góp đều, lãi tính trên dư nợ giảm dần hàng tháng",VNĐ,SUV,,,,,,,,,,
Ford EcoSport 2017,338 triệu,2017,Xe cũ,,90.000 km,Hà Nội,,Số tự động,Máy xăng,VNĐ,ThángNăm,ThángNăm,"Trả góp đều hàng thángTrả góp đều, lãi tính trên dư nợ giảm dần hàng tháng",VNĐ,SUV,,,,,,,,,,
Volvo V60 B5 AWD Cross Country 2022,1 tỉ 699 triệu,2022,Xe cũ,Nhập khẩu,20.000 km,Tp.HCM,Gò Vấp,Số tự động,Máy xăng,VNĐ,ThángNăm,ThángNăm,"Trả góp đều hàng thángTrả góp đều, lãi tính trên dư nợ giảm dần hàng tháng",VNĐ,SUV,,,,,,,,,,
Hyundai Santa Fe 2.2 Dầu Đặc biệt 2007,289 triệu,2007,Xe cũ,Nhập khẩu,125.000 km,Kon Tum,Đăk Hà,Số tự động,Máy dầu,VNĐ,ThángNăm,ThángNăm,"Trả góp đều hàng thángTrả góp đều, lãi tính trên dư nợ giảm dần hàng tháng",VNĐ,SUV,,,,,,,,,,
Ford Transit Tiêu chuẩn 2023,723 triệu,2023,Xe cũ,Trong nước,26.150 km,Tp.HCM,Gò Vấp,Số sàn,Máy dầu,VNĐ,ThángNăm,ThángNăm,"Trả góp đều hàng thángTrả góp đều, lãi tính trên dư nợ giảm dần hàng tháng",VNĐ,Van/Minivan,,,,,,,,,,
Peugeot 3008 GT 2022,850 triệu,2022,Xe cũ,Nhập khẩu,30.000 km,Bình Dương,,Số tự động,Máy xăng,VNĐ,ThángNăm,ThángNăm,"Trả góp đều hàng thángTrả góp đều, lãi tính trên dư nợ giảm dần hàng tháng",VNĐ,SUV,,,,,,,,,,
Mercedes-Benz GLC 300 4Matic 2019,1 tỉ 088 triệu,2019,Xe cũ,Trong nước,83.000 km,Tp.HCM,Quận 7,Số tự động,Máy xăng,VNĐ,ThángNăm,ThángNăm,"Trả góp đều hàng thángTrả góp đều, lãi tính trên dư nợ giảm dần hàng tháng",VNĐ,SUV,,,,,,,,,,
Chevrolet Captiva LTZ AT 2015,365 triệu,2015,Xe cũ,Trong nước,67.000 km,Tp.HCM,Quận 10,Số tự động,Máy xăng,VNĐ,ThángNăm,ThángNăm,"Trả góp đều hàng thángTrả góp đều, lãi tính trên dư nợ giảm dần hàng tháng",VNĐ,SUV,,,,,,,,,,
Hyundai Santa Fe 2.4L Xăng Tiêu chuẩn 2017,515 triệu,2017,Xe cũ,Trong nước,120.000 km,Hà Nội,Tây Hồ,Số tự động,Máy xăng,VNĐ,ThángNăm,ThángNăm,"Trả góp đều hàng thángTrả góp đều, lãi tính trên dư nợ giảm dần hàng tháng",VNĐ,SUV,,,,,,,,,,
Ford EcoSport Titanium 1.5L AT 2016,350 triệu,2016,Xe cũ,Trong nước,85.000 km,Tp.HCM,Tân Phú,Số tự động,Máy xăng,VNĐ,ThángNăm,ThángNăm,"Trả góp đều hàng thángTrả góp đều, lãi tính trên dư nợ giảm dần hàng tháng",VNĐ,SUV,,,,,,,,,,
Kia Sorento 2.4 GAT AWD 2016,430 triệu,2016,Xe cũ,Trong nước,84.000 km,Hà Nội,Cầu Giấy,Số tự động,Máy xăng,VNĐ,ThángNăm,ThángNăm,"Trả góp đều hàng thángTrả góp đều, lãi tính trên dư nợ giảm dần hàng tháng",VNĐ,SUV,,,,,,,,,,
Mercedes-Benz Maybach S450 4Matic 2023,7 tỉ 200 triệu,2023,Xe cũ,Nhập khẩu,3.900 km,Tp.HCM,Gò Vấp,Số tự động,Máy xăng,VNĐ,ThángNăm,ThángNăm,"Trả góp đều hàng thángTrả góp đều, lãi tính trên dư nợ giảm dần hàng tháng",VNĐ,Sedan,,,,,,,,,,
Ford Everest Titanium 2.2L 4x2 AT 2018,818 triệu,2018,Xe cũ,Trong nước,66.000 km,Tp.HCM,Tân Phú,Số tự động,Máy dầu,VNĐ,ThángNăm,ThángNăm,"Trả góp đều hàng thángTrả góp đều, lãi tính trên dư nợ giảm dần hàng tháng",VNĐ,,,,,,,,,,,
Hyundai Palisade Prestige 7 chỗ 2024,1 tỉ 469 triệu,2024,Xe cũ,Nhập khẩu,25.000 km,Hà Nội,Cầu Giấy,Số tự động,Máy dầu,VNĐ,ThángNăm,ThángNăm,"Trả góp đều hàng thángTrả góp đều, lãi tính trên dư nợ giảm dần hàng tháng",VNĐ,SUV,,,,,,,,,,
Mitsubishi Xpander Cross 1.5 AT 2022,538 triệu,2022,Xe cũ,Nhập khẩu,91.000 km,Bà Rịa Vũng Tàu,Bà Rịa,Số tự động,Máy xăng,VNĐ,ThángNăm,ThángNăm,"Trả góp đều hàng thángTrả góp đều, lãi tính trên dư nợ giảm dần hàng tháng",VNĐ,MPV,,,,,,,,,,
Toyota Innova 2016,358 triệu,2016,Xe cũ,Trong nước,151.667 km,Hải Phòng,Đồ Sơn,Số tự động,Máy xăng,VNĐ,ThángNăm,ThángNăm,"Trả góp đều hàng thángTrả góp đều, lãi tính trên dư nợ giảm dần hàng tháng",VNĐ,,,,,,,,,,,
Toyota Raize 2023,495 triệu,2023,Xe cũ,Trong nước,15.000 km,Bình Dương,Thuận An,Số tự động,Máy xăng,VNĐ,ThángNăm,ThángNăm,"Trả góp đều hàng thángTrả góp đều, lãi tính trên dư nợ giảm dần hàng tháng",VNĐ,SUV,,,,,,,,,,
Kia Carnival 3.5G Signature 2022,1 tỉ 239 triệu,2022,Xe cũ,Trong nước,40.000 km,Tp.HCM,Thủ Đức,Số tự động,Máy xăng,VNĐ,ThángNăm,ThángNăm,"Trả góp đều hàng thángTrả góp đều, lãi tính trên dư nợ giảm dần hàng tháng",VNĐ,MPV,,,,,,,,,,
Toyota Land Cruiser VX 4.6 V8 2020,3 tỉ 990 triệu,2020,Xe cũ,Nhập khẩu,120.000 km,Hà Nội,Cầu Giấy,Số tự động,Máy xăng,VNĐ,ThángNăm,ThángNăm,"Trả góp đều hàng thángTrả góp đều, lãi tính trên dư nợ giảm dần hàng tháng",VNĐ,SUV,,,,,,,,,,
Mercedes-Benz GLC 200 V1 2022,1 tỉ 439 triệu,2022,Xe cũ,Nhập khẩu,28.000 km,Tp.HCM,Quận 7,Số tự động,Máy xăng,VNĐ,ThángNăm,ThángNăm,"Trả góp đều hàng thángTrả góp đều, lãi tính trên dư nợ giảm dần hàng tháng",VNĐ,SUV,,,,,,,,,,
Mazda 3 Sedan 1.5L Premium 2017,420 triệu,2017,Xe cũ,Trong nước,86.000 km,Tp.HCM,,Số tự động,Máy xăng,VNĐ,ThángNăm,ThángNăm,"Trả góp đều hàng thángTrả góp đều, lãi tính trên dư nợ giảm dần hàng tháng",VNĐ,Sedan,,,,,,,,,,
Hyundai Accent 1.4 AT Đặc biệt 2025,479 triệu,2025,Xe cũ,Trong nước,12.000 km,Hà Nội,Sóc Sơn,Số tự động,Máy xăng,VNĐ,ThángNăm,ThángNăm,"Trả góp đều hàng thángTrả góp đều, lãi tính trên dư nợ giảm dần hàng tháng",VNĐ,Sedan,,,,,,,,,,
Mitsubishi Xpander Cross 1.5 AT 2024,625 triệu,2024,Xe cũ,Trong nước,20.000 km,Phú Thọ,Hạ Hòa,Số tự động,Máy xăng,VNĐ,ThángNăm,ThángNăm,"Trả góp đều hàng thángTrả góp đều, lãi tính trên dư nợ giảm dần hàng tháng",VNĐ,,,,,,,,,,,
Kia Sorento 2.2 DAT Premium 2019,699 triệu,2019,Xe cũ,Trong nước,19.000 km,Tp.HCM,Quận 8,Số tự động,Máy dầu,VNĐ,ThángNăm,ThángNăm,"Trả góp đều hàng thángTrả góp đều, lãi tính trên dư nợ giảm dần hàng tháng",VNĐ,SUV,,,,,,,,,,
Mitsubishi Xpander Cross 1.5 AT 2020,445 triệu,2020,Xe cũ,Nhập khẩu,33.000 km,Quảng Ngãi,,Số tự động,Máy xăng,VNĐ,ThángNăm,ThángNăm,"Trả góp đều hàng thángTrả góp đều, lãi tính trên dư nợ giảm dần hàng tháng",VNĐ,SUV,,,,,,,,,,
Honda City 1.5 TOP CVT 2018,369 triệu,2018,Xe cũ,Trong nước,68.000 km,Tp.HCM,Quận 10,Số tự động,Máy xăng,VNĐ,ThángNăm,ThángNăm,"Trả góp đều hàng thángTrả góp đều, lãi tính trên dư nợ giảm dần hàng tháng",VNĐ,Sedan,,,,,,,,,,
Toyota Vios 1.5E MT 2019,320 triệu,2019,Xe cũ,Trong nước,80.000 km,Hà Nội,Thanh Xuân,Số sàn,Máy xăng,VNĐ,ThángNăm,ThángNăm,"Trả góp đều hàng thángTrả góp đều, lãi tính trên dư nợ giảm dần hàng tháng",VNĐ,Sedan,,,,,,,,,,
Ford EcoSport Titanium 1.5L AT 2017,365 triệu,2017,Xe cũ,Nhập khẩu,80.000 km,Bình Dương,Thuận An,Số tự động,Máy xăng,VNĐ,ThángNăm,ThángNăm,"Trả góp đều hàng thángTrả góp đều, lãi tính trên dư nợ giảm dần hàng tháng",VNĐ,,,,,,,,,,,
Volvo XC90 T6 Inscription 2015,1 tỉ 430 triệu,2015,Xe cũ,Nhập khẩu,70.000 km,Hà Nội,Long Biên,Số tự động,Máy xăng,VNĐ,ThángNăm,ThángNăm,"Trả góp đều hàng thángTrả góp đều, lãi tính trên dư nợ giảm dần hàng tháng",VNĐ,SUV,,,,,,,,,,
Toyota Hiace Commuter 2.5 2010,285 triệu,2010,Xe cũ,Trong nước,140.000 km,Hà Nội,Hà Đông,Số sàn,Máy dầu,VNĐ,ThángNăm,ThángNăm,"Trả góp đều hàng thángTrả góp đều, lãi tính trên dư nợ giảm dần hàng tháng",VNĐ,Van/Minivan,,,,,,,,,,
Mercedes-Benz C200 2020,1 tỉ 028 triệu,2020,Xe cũ,Trong nước,28.000 km,Tp.HCM,Quận 7,Số tự động,Máy xăng,VNĐ,ThángNăm,ThángNăm,"Trả góp đều hàng thángTrả góp đều, lãi tính trên dư nợ giảm dần hàng tháng",VNĐ,,,,,,,,,,,
Ford Ranger Wildtrak 3.2 4x4 AT 2017,605 triệu,2017,Xe cũ,Nhập khẩu,88.000 km,Tp.HCM,Tân Phú,Số tự động,Máy dầu,VNĐ,ThángNăm,ThángNăm,"Trả góp đều hàng thángTrả góp đều, lãi tính trên dư nợ giảm dần hàng tháng",VNĐ,Bán tải,,,,,,,,,,
VinFast VF8 Eco 2023,755 triệu,2023,Xe cũ,Trong nước,18.000 km,Hà Nội,Cầu Giấy,Số tự động,Điện,VNĐ,ThángNăm,ThángNăm,"Trả góp đều hàng thángTrả góp đều, lãi tính trên dư nợ giảm dần hàng tháng",VNĐ,SUV,,,,,,,,,,
Honda CR-V 2.0 2014,459 triệu,2014,Xe cũ,Trong nước,120.000 km,Hà Nội,Tây Hồ,Số tự động,Máy xăng,VNĐ,ThángNăm,ThángNăm,"Trả góp đều hàng thángTrả góp đều, lãi tính trên dư nợ giảm dần hàng tháng",VNĐ,SUV,,,,,,,,,,
Kia Sedona 2.2 Platinum D 2016,635 triệu,2016,Xe cũ,Trong nước,88.000 km,Tp.HCM,Thủ Đức,Số tự động,Máy dầu,VNĐ,ThángNăm,ThángNăm,"Trả góp đều hàng thángTrả góp đều, lãi tính trên dư nợ giảm dần hàng tháng",VNĐ,MPV,,,,,,,,,,
Lexus ES 250 F-Sport 2022,2 tỉ 190 triệu,2022,Xe cũ,Nhập khẩu,28.000 km,Tp.HCM,Quận 2,Số tự động,Máy xăng,VNĐ,ThángNăm,ThángNăm,"Trả góp đều hàng thángTrả góp đều, lãi tính trên dư nợ giảm dần hàng tháng",VNĐ,Sedan,,,,,,,,,,
Ford Ranger Raptor 2023,1 tỉ 150 triệu,2023,Xe cũ,Nhập khẩu,40.000 km,Hà Nội,Cầu Giấy,Số tự động,Máy xăng,VNĐ,ThángNăm,ThángNăm,"Trả góp đều hàng thángTrả góp đều, lãi tính trên dư nợ giảm dần hàng tháng",VNĐ,,,,,,,,,,,
Hyundai Elantra Sport 1.6 2018,429 triệu,2018,Xe cũ,Nhập khẩu,50.000 km,Hải Phòng,,Số tự động,Máy xăng,VNĐ,ThángNăm,ThángNăm,"Trả góp đều hàng thángTrả góp đều, lãi tính trên dư nợ giảm dần hàng tháng",VNĐ,Sedan,,,,,,,,,,
Toyota Vios 1.5G AT 2018,375 triệu,2018,Xe cũ,Trong nước,93.000 km,Hà Nội,Cầu Giấy,Số tự động,Máy xăng,VNĐ,ThángNăm,ThángNăm,"Trả góp đều hàng thángTrả góp đều, lãi tính trên dư nợ giảm dần hàng tháng",VNĐ,Sedan,,,,,,,,,,
Toyota Innova 2.0E 2019,475 triệu,2019,Xe cũ,Nhập khẩu,82.000 km,Bình Phước,Đồng Phú,Số tự động,Máy xăng,VNĐ,ThángNăm,ThángNăm,"Trả góp đều hàng thángTrả góp đều, lãi tính trên dư nợ giảm dần hàng tháng",VNĐ,,,,,,,,,,,
Ford Fiesta 2016,260 triệu,2016,Xe cũ,Trong nước,70.000 km,Cần Thơ,,Số tự động,Máy xăng,VNĐ,ThángNăm,ThángNăm,"Trả góp đều hàng thángTrả góp đều, lãi tính trên dư nợ giảm dần hàng tháng",VNĐ,Hatchback,,,,,,,,,,
Mercedes-Benz E300 AMG 2022,1 tỉ 760 triệu,2022,Xe cũ,Nhập khẩu,30.000 km,Tp.HCM,Quận 7,Số tự động,Máy xăng,VNĐ,ThángNăm,ThángNăm,"Trả góp đều hàng thángTrả góp đều, lãi tính trên dư nợ giảm dần hàng tháng",VNĐ,Sedan,,,,,,,,,,
Mitsubishi Xpander AT 2021,449 triệu,2021,Xe cũ,Nhập khẩu,44.000 km,Bình Phước,,Số tự động,Máy xăng,VNĐ,ThángNăm,ThángNăm,"Trả góp đều hàng thángTrả góp đều, lãi tính trên dư nợ giảm dần hàng tháng",VNĐ,MPV,,,,,,,,,,
Kia Sonet 1.5 Premium 2022,525 triệu,2022,Xe cũ,Nhập khẩu,31.000 km,Đắk Lắk,,Số tự động,Máy xăng,VNĐ,ThángNăm,ThángNăm,"Trả góp đều hàng thángTrả góp đều, lãi tính trên dư nợ giảm dần hàng tháng",VNĐ,SUV,,,,,,,,,,
Peugeot 2008 GT Line 2022,680 triệu,2022,Xe cũ,Trong nước,48.000 km,Bình Dương,Thuận An,Số tự động,Máy xăng,VNĐ,ThángNăm,ThángNăm,"Trả góp đều hàng thángTrả góp đều, lãi tính trên dư nợ giảm dần hàng tháng",VNĐ,SUV,,,,,,,,,,
Mercedes-Benz GLC 200 4Matic 2022,1 tỉ 459 triệu,2022,Xe cũ,Trong nước,58.000 km,Tp.HCM,Quận 7,Số tự động,Máy xăng,VNĐ,ThángNăm,ThángNăm,"Trả góp đều hàng thángTrả góp đều, lãi tính trên dư nợ giảm dần hàng tháng",VNĐ,SUV,,,,,,,,,,
Bentley Bentayga 2021,12 tỉ 900 triệu,2021,Xe cũ,Nhập khẩu,7.000 km,Hà Nội,Long Biên,Số tự động,Máy xăng,VNĐ,ThángNăm,ThángNăm,"Trả góp đều hàng thángTrả góp đều, lãi tính trên dư nợ giảm dần hàng tháng",VNĐ,,,,,,,,,,,
Mazda 3 1.5L Sedan 2024,620 triệu,2024,Xe cũ,Trong nước,19.000 km,Đắk Lắk,Buôn Ma Thuột,Số tự động,Máy xăng,VNĐ,ThángNăm,ThángNăm,"Trả góp đều hàng thángTrả góp đều, lãi tính trên dư nợ giảm dần hàng tháng",VNĐ,Sedan,,,,,,,,,,
Mazda CX-5 2.5 AWD 2018,595 triệu,2018,Xe cũ,Trong nước,66.000 km,Hà Nội,Cầu Giấy,Số tự động,Máy xăng,VNĐ,ThángNăm,ThángNăm,"Trả góp đều hàng thángTrả góp đều, lãi tính trên dư nợ giảm dần hàng tháng",VNĐ,SUV,,,,,,,,,,
Mazda 6 2.0 Premium 2022,689 triệu,2022,Xe cũ,Trong nước,25.000 km,Tp.HCM,Bình Tân,Số tự động,Máy xăng,VNĐ,ThángNăm,ThángNăm,"Trả góp đều hàng thángTrả góp đều, lãi tính trên dư nợ giảm dần hàng tháng",VNĐ,Sedan,,,,,,,,,,
Ford Everest Titanium 2.0L AT 4WD 2020,810 triệu,2020,Xe cũ,Nhập khẩu,97.000 km,Hà Nội,Cầu Giấy,Số tự động,Máy dầu,VNĐ,ThángNăm,ThángNăm,"Trả góp đều hàng thángTrả góp đều, lãi tính trên dư nợ giảm dần hàng tháng",VNĐ,SUV,,,,,,,,,,
Mercedes-Benz G63 4.0 V8 2022,9 tỉ 999 triệu,2022,Xe cũ,Nhập khẩu,28.888 km,Tp.HCM,Quận 7,Số tự động,Máy xăng,VNĐ,ThángNăm,ThángNăm,"Trả góp đều hàng thángTrả góp đều, lãi tính trên dư nợ giảm dần hàng tháng",VNĐ,SUV,,,,,,,,,,
Toyota Innova Cross Xăng 2024,839 triệu,2024,Xe cũ,Trong nước,20.000 km,Tp.HCM,Thủ Đức,Số tự động,Máy xăng,VNĐ,ThángNăm,ThángNăm,"Trả góp đều hàng thángTrả góp đều, lãi tính trên dư nợ giảm dần hàng tháng",VNĐ,MPV,,,,,,,,,,
Daewoo Lacetti EX 1.6 2009,75 triệu,2009,Xe cũ,Trong nước,98.000 km,Nghệ An,Vinh,Số sàn,Máy xăng,VNĐ,ThángNăm,ThángNăm,"Trả góp đều hàng thángTrả góp đều, lãi tính trên dư nợ giảm dần hàng tháng",VNĐ,Sedan,,,,,,,,,,
Mitsubishi Xpander AT Premium 2020,459 triệu,2020,Xe cũ,Nhập khẩu,39.000 km,Tp.HCM,Bình Thạnh,Số tự động,Máy xăng,VNĐ,ThángNăm,ThángNăm,"Trả góp đều hàng thángTrả góp đều, lãi tính trên dư nợ giảm dần hàng tháng",VNĐ,MPV,,,,,,,,,,
Lexus ES 250 F-Sport 2022,2 tỉ 190 triệu,2022,Xe cũ,Nhập khẩu,28.000 km,Tp.HCM,Quận 8,Số tự động,Máy xăng,VNĐ,ThángNăm,ThángNăm,"Trả góp đều hàng thángTrả góp đều, lãi tính trên dư nợ giảm dần hàng tháng",VNĐ,Sedan,,,,,,,,,,
Toyota Vios 1.5 E CVT 2018,300 triệu,2018,Xe cũ,Trong nước,300.000 km,Hà Nội,,Số tự động,Máy xăng,VNĐ,ThángNăm,ThángNăm,"Trả góp đều hàng thángTrả góp đều, lãi tính trên dư nợ giảm dần hàng tháng",VNĐ,Sedan,,,,,,,,,,
Kia Carnival 2.2D Signature 2022,1 tỉ 195 triệu,2022,Xe cũ,Trong nước,48.900 km,Tp.HCM,Thủ Đức,Số tự động,Máy dầu,VNĐ,ThángNăm,ThángNăm,"Trả góp đều hàng thángTrả góp đều, lãi tính trên dư nợ giảm dần hàng tháng",VNĐ,MPV,,,,,,,,,,
Kia Morning EX 1.25 MT 2016,160 triệu,2016,Xe cũ,Trong nước,135.000 km,Hưng Yên,Khoái Châu,Số sàn,Máy xăng,VNĐ,ThángNăm,ThángNăm,"Trả góp đều hàng thángTrả góp đều, lãi tính trên dư nợ giảm dần hàng tháng",VNĐ,Hatchback,,,,,,,,,,
Toyota Camry 2.5Q 2020,865 triệu,2020,Xe cũ,Trong nước,80.000 km,Hà Nội,Tây Hồ,Số tự động,Máy xăng,VNĐ,ThángNăm,ThángNăm,"Trả góp đều hàng thángTrả góp đều, lãi tính trên dư nợ giảm dần hàng tháng",VNĐ,Sedan,,,,,,,,,,
Toyota Fortuner 2.4G 4x2 AT  2025,1 tỉ 190 triệu,2025,Xe cũ,Trong nước,2.600 km,Tp.HCM,Thủ Đức,Số tự động,Máy dầu,VNĐ,ThángNăm,ThángNăm,"Trả góp đều hàng thángTrả góp đều, lãi tính trên dư nợ giảm dần hàng tháng",VNĐ,SUV,,,,,,,,,,
Mercedes-Benz Maybach S450 4Matic 2022,6 tỉ 999 triệu,2022,Xe cũ,Nhập khẩu,22.222 km,Tp.HCM,Quận 7,Số tự động,Máy xăng,VNĐ,ThángNăm,ThángNăm,"Trả góp đều hàng thángTrả góp đều, lãi tính trên dư nợ giảm dần hàng tháng",VNĐ,Sedan,,,,,,,,,,
Toyota Innova 2.0E 2015,325 triệu,2015,Xe cũ,Nhập khẩu,09 km,Hà Nội,,Số tự động,Máy xăng,VNĐ,ThángNăm,ThángNăm,"Trả góp đều hàng thángTrả góp đều, lãi tính trên dư nợ giảm dần hàng tháng",VNĐ,MPV,,,,,,,,,,
Kia Sorento 2.4AT 2018,540 triệu,2018,Xe cũ,Trong nước,43.000 km,Bình Dương,Thuận An,Số tự động,Máy xăng,VNĐ,ThángNăm,ThángNăm,"Trả góp đều hàng thángTrả góp đều, lãi tính trên dư nợ giảm dần hàng tháng",VNĐ,MPV,,,,,,,,,,
Kia Morning S 1.25 AT 2018,288 triệu,2018,Xe cũ,Trong nước,100.000 km,Hải Phòng,An Lão,Số tự động,Máy xăng,VNĐ,ThángNăm,ThángNăm,"Trả góp đều hàng thángTrả góp đều, lãi tính trên dư nợ giảm dần hàng tháng",VNĐ,Hatchback,,,,,,,,,,
Mazda CX-5 2025,835 triệu,2025,Xe cũ,Trong nước,4.000 km,Hà Nội,Cầu Giấy,Số tự động,Máy xăng,VNĐ,ThángNăm,ThángNăm,"Trả góp đều hàng thángTrả góp đều, lãi tính trên dư nợ giảm dần hàng tháng",VNĐ,SUV,,,,,,,,,,
Audi A8 L 55 TFSI Quattro 2022,3 tỉ 990 triệu,2022,Xe cũ,Nhập khẩu,20.000 km,Hà Nội,Hoàng Mai,Số tự động,Máy xăng,VNĐ,ThángNăm,ThángNăm,"Trả góp đều hàng thángTrả góp đều, lãi tính trên dư nợ giảm dần hàng tháng",VNĐ,Sedan,,,,,,,,,,
Hyundai Accent 1.4 AT 2022,440 triệu,2022,Xe cũ,Trong nước,42.000 km,Hải Phòng,Kiến An,Số tự động,Máy xăng,VNĐ,ThángNăm,ThángNăm,"Trả góp đều hàng thángTrả góp đều, lãi tính trên dư nợ giảm dần hàng tháng",VNĐ,Sedan,,,,,,,,,,
BMW 730Li 2015,1 tỉ 559 triệu,2015,Xe cũ,Trong nước,19.000 km,Tp.HCM,Quận 7,Số tự động,Máy xăng,VNĐ,ThángNăm,ThángNăm,"Trả góp đều hàng thángTrả góp đều, lãi tính trên dư nợ giảm dần hàng tháng",VNĐ,,,,,,,,,,,
Hyundai Grand i10 2015,195 triệu,2015,Xe cũ,Nhập khẩu,140.000 km,Hải Phòng,An Lão,Số sàn,Máy xăng,VNĐ,ThángNăm,ThángNăm,"Trả góp đều hàng thángTrả góp đều, lãi tính trên dư nợ giảm dần hàng tháng",VNĐ,Hatchback,,,,,,,,,,
Hyundai Tucson 2.0 Dầu đặc biệt 2019,675 triệu,2019,Xe cũ,Trong nước,93.000 km,Hà Nội,Nam Từ Liêm,Số tự động,Máy dầu,VNĐ,ThángNăm,ThángNăm,"Trả góp đều hàng thángTrả góp đều, lãi tính trên dư nợ giảm dần hàng tháng",VNĐ,Crossover,,,,,,,,,,
Honda City 2023,535 triệu,2023,Xe cũ,Trong nước,27.000 km,Hải Phòng,Kiến An,Số tự động,Máy xăng,VNĐ,ThángNăm,ThángNăm,"Trả góp đều hàng thángTrả góp đều, lãi tính trên dư nợ giảm dần hàng tháng",VNĐ,Sedan,,,,,,,,,,
Honda CR-V 1.5 L 2019,720 triệu,2019,Xe cũ,Nhập khẩu,89.000 km,Hà Nội,Hoàng Mai,Số tự động,Máy xăng,VNĐ,ThángNăm,ThángNăm,"Trả góp đều hàng thángTrả góp đều, lãi tính trên dư nợ giảm dần hàng tháng",VNĐ,SUV,,,,,,,,,,
Toyota Yaris 1.5G 2019,449 triệu,2019,Xe cũ,Nhập khẩu,45.000 km,Tp.HCM,Bình Thạnh,Số tự động,Máy xăng,VNĐ,ThángNăm,ThángNăm,"Trả góp đều hàng thángTrả góp đều, lãi tính trên dư nợ giảm dần hàng tháng",VNĐ,Hatchback,,,,,,,,,,
VinFast VF6 Plus 2024,640 triệu,2024,Xe cũ,Trong nước,12.000 km,Hà Nội,Hai Bà Trưng,Số tự động,Điện,VNĐ,ThángNăm,ThángNăm,"Trả góp đều hàng thángTrả góp đều, lãi tính trên dư nợ giảm dần hàng tháng",VNĐ,SUV,,,,,,,,,,
Ford Ranger Wildtrak 2.0l bi-turbo 4x4 10 AT 2022,810 triệu,2022,Xe cũ,Trong nước,55.000 km,Tp.HCM,Hóc Môn,Số tự động,Máy dầu,VNĐ,ThángNăm,ThángNăm,"Trả góp đều hàng thángTrả góp đều, lãi tính trên dư nợ giảm dần hàng tháng",VNĐ,Bán tải,,,,,,,,,,
Ford Ranger XLS 2.2L 4x2 MT 2019,420 triệu,2019,Xe cũ,Nhập khẩu,90.000 km,Hà Nội,Cầu Giấy,Số sàn,Máy dầu,VNĐ,ThángNăm,ThángNăm,"Trả góp đều hàng thángTrả góp đều, lãi tính trên dư nợ giảm dần hàng tháng",VNĐ,Bán tải,,,,,,,,,,
Mercedes-Benz GLC 200 V1 2022,1 tỉ 388 triệu,2022,Xe cũ,Trong nước,28.000 km,Tp.HCM,Quận 7,Số tự động,Máy xăng,VNĐ,ThángNăm,ThángNăm,"Trả góp đều hàng thángTrả góp đều, lãi tính trên dư nợ giảm dần hàng tháng",VNĐ,,,,,,,,,,,
Mercedes-Benz S450 4Matic 2022,3 tỉ 899 triệu,2022,Xe cũ,Nhập khẩu,24.000 km,Hà Nội,Long Biên,Số tự động,Máy xăng,VNĐ,ThángNăm,ThángNăm,"Trả góp đều hàng thángTrả góp đều, lãi tính trên dư nợ giảm dần hàng tháng",VNĐ,Sedan,,,,,,,,,,
Mercedes-Benz C200 Exclusive 2019,885 triệu,2019,Xe cũ,Trong nước,65.000 km,Tp.HCM,Hóc Môn,Số tự động,Máy xăng,VNĐ,ThángNăm,ThángNăm,"Trả góp đều hàng thángTrả góp đều, lãi tính trên dư nợ giảm dần hàng tháng",VNĐ,Sedan,,,,,,,,,,
Porsche Macan 2.0 2015,1 tỉ 390 triệu,2015,Xe cũ,Nhập khẩu,55.000 km,Tp.HCM,Quận 7,Số tự động,Máy xăng,VNĐ,ThángNăm,ThángNăm,"Trả góp đều hàng thángTrả góp đều, lãi tính trên dư nợ giảm dần hàng tháng",VNĐ,SUV,,,,,,,,,,
Porsche Cayenne 2021,3 tỉ 890 triệu,2021,Xe cũ,Nhập khẩu,63.000 km,Hà Nội,Cầu Giấy,Số tự động,Máy xăng,VNĐ,ThángNăm,ThángNăm,"Trả góp đều hàng thángTrả góp đều, lãi tính trên dư nợ giảm dần hàng tháng",VNĐ,SUV,,,,,,,,,,
Mazda CX-5 2016,466 triệu,2016,Xe cũ,Trong nước,100.000 km,Hà Nội,Cầu Giấy,Số tự động,Máy xăng,VNĐ,ThángNăm,ThángNăm,"Trả góp đều hàng thángTrả góp đều, lãi tính trên dư nợ giảm dần hàng tháng",VNĐ,SUV,,,,,,,,,,
Toyota Vios 1.5G AT 2021,415 triệu,2021,Xe cũ,Trong nước,39.000 km,Tp.HCM,Bình Thạnh,Số tự động,Máy xăng,VNĐ,ThángNăm,ThángNăm,"Trả góp đều hàng thángTrả góp đều, lãi tính trên dư nợ giảm dần hàng tháng",VNĐ,Sedan,,,,,,,,,,
Hyundai Grand i10 2022,369 triệu,2022,Xe cũ,Trong nước,48.000 km,Hà Nội,Sóc Sơn,Số tự động,Máy xăng,VNĐ,ThángNăm,ThángNăm,"Trả góp đều hàng thángTrả góp đều, lãi tính trên dư nợ giảm dần hàng tháng",VNĐ,Hatchback,,,,,,,,,,
Mazda 3 Sedan 1.5L Luxury 2016,360 triệu,2016,Xe cũ,Nhập khẩu,79.000 km,Phú Thọ,,Số tự động,Máy xăng,VNĐ,ThángNăm,ThángNăm,"Trả góp đều hàng thángTrả góp đều, lãi tính trên dư nợ giảm dần hàng tháng",VNĐ,Sedan,,,,,,,,,,
Mercedes-Benz S400 3.0 V6 2015,1 tỉ 150 triệu,2015,Xe cũ,Trong nước,12 km,Hà Nội,,Số tự động,Máy xăng,VNĐ,ThángNăm,ThángNăm,"Trả góp đều hàng thángTrả góp đều, lãi tính trên dư nợ giảm dần hàng tháng",VNĐ,Sedan,,,,,,,,,,
Volkswagen Viloran Luxury 2023,1 tỉ 999 triệu,2023,Xe cũ,Trong nước,26.000 km,Tp.HCM,Gò Vấp,Số tự động,Máy xăng,VNĐ,ThángNăm,ThángNăm,"Trả góp đều hàng thángTrả góp đều, lãi tính trên dư nợ giảm dần hàng tháng",VNĐ,SUV,,,,,,,,,,
Land Rover Range Rover Evoque evoque 2014,699 triệu,2014,Xe cũ,Nhập khẩu,60.000 km,Hà Nội,Hoàng Mai,Số tự động,Máy xăng,VNĐ,ThángNăm,ThángNăm,"Trả góp đều hàng thángTrả góp đều, lãi tính trên dư nợ giảm dần hàng tháng",VNĐ,SUV,,,,,,,,,,
Honda HR-V G 2024,689 triệu,2024,Xe cũ,Trong nước,2.200 km,Hà Nội,Cầu Giấy,Số tự động,Máy xăng,VNĐ,ThángNăm,ThángNăm,"Trả góp đều hàng thángTrả góp đều, lãi tính trên dư nợ giảm dần hàng tháng",VNĐ,Crossover,,,,,,,,,,
Ford Everest Titanium 2.0L AT 4WD 2023,1 tỉ 290 triệu,2023,Xe cũ,Nhập khẩu,81.000 km,Tp.HCM,Tân Phú,Số tự động,Máy dầu,VNĐ,ThángNăm,ThángNăm,"Trả góp đều hàng thángTrả góp đều, lãi tính trên dư nợ giảm dần hàng tháng",VNĐ,SUV,,,,,,,,,,
Peugeot 2008 GT Line 2022,639 triệu,2022,Xe cũ,Nhập khẩu,40.000 km,Hà Nội,Cầu Giấy,Số tự động,Máy xăng,VNĐ,ThángNăm,ThángNăm,"Trả góp đều hàng thángTrả góp đều, lãi tính trên dư nợ giảm dần hàng tháng",VNĐ,SUV,,,,,,,,,,
Mercedes-Benz GLC 200 4Matic 2022,1 tỉ 618 triệu,2022,Xe cũ,Trong nước,33.000 km,Tp.HCM,Quận 7,Số tự động,Máy xăng,VNĐ,ThángNăm,ThángNăm,"Trả góp đều hàng thángTrả góp đều, lãi tính trên dư nợ giảm dần hàng tháng",VNĐ,,,,,,,,,,,
Mazda 3 Sedan 1.5L Deluxe 2018,445 triệu,2018,Xe cũ,Trong nước,76.000 km,Bình Dương,Thuận An,Số tự động,Máy xăng,VNĐ,ThángNăm,ThángNăm,"Trả góp đều hàng thángTrả góp đều, lãi tính trên dư nợ giảm dần hàng tháng",VNĐ,Sedan,,,,,,,,,,
Hyundai Accent 1.4 MT 2021,340 triệu,2021,Xe cũ,Trong nước,100.000 km,Thanh Hóa,Đông Sơn,Số sàn,Máy xăng,VNĐ,ThángNăm,ThángNăm,"Trả góp đều hàng thángTrả góp đều, lãi tính trên dư nợ giảm dần hàng tháng",VNĐ,Sedan,,,,,,,,,,
Hongqi E-HS9 Flagship 2021,2 tỉ 360 triệu,2021,Xe cũ,Nhập khẩu,01 km,Hà Nội,,Số tự động,Điện,VNĐ,ThángNăm,ThángNăm,"Trả góp đều hàng thángTrả góp đều, lãi tính trên dư nợ giảm dần hàng tháng",VNĐ,SUV,,,,,,,,,,
Kia K3 1.6AT 2015,345 triệu,2015,Xe cũ,Trong nước,9.000 km,Hà Nội,Thanh Xuân,Số tự động,Máy xăng,VNĐ,ThángNăm,ThángNăm,"Trả góp đều hàng thángTrả góp đều, lãi tính trên dư nợ giảm dần hàng tháng",VNĐ,Sedan,,,,,,,,,,
Toyota Corolla Cross 1.8 V  2024,805 triệu,2024,Xe cũ,Trong nước,13.000 km,Tp.HCM,,Số tự động,Máy xăng,VNĐ,ThángNăm,ThángNăm,"Trả góp đều hàng thángTrả góp đều, lãi tính trên dư nợ giảm dần hàng tháng",VNĐ,Crossover,,,,,,,,,,
Toyota Camry 2.5Q 2021,1 tỉ 050 triệu,2021,Xe cũ,Trong nước,66.000 km,Hà Nội,Ba Đình,Số tự động,Máy xăng,VNĐ,ThángNăm,ThángNăm,"Trả góp đều hàng thángTrả góp đều, lãi tính trên dư nợ giảm dần hàng tháng",VNĐ,Sedan,,,,,,,,,,
Toyota Innova 2.0G 2020,580 triệu,2020,Xe cũ,Trong nước,64.000 km,Bắc Ninh,Bắc Ninh,Số tự động,Máy xăng,VNĐ,ThángNăm,ThángNăm,"Trả góp đều hàng thángTrả góp đều, lãi tính trên dư nợ giảm dần hàng tháng",VNĐ,MPV,,,,,,,,,,
Porsche Macan GTS 2016,1 tỉ 868 triệu,2016,Xe cũ,Nhập khẩu,100.000 km,Hà Nội,Cầu Giấy,Số tự động,Máy xăng,VNĐ,ThángNăm,ThángNăm,"Trả góp đều hàng thángTrả góp đều, lãi tính trên dư nợ giảm dần hàng tháng",VNĐ,SUV,,,,,,,,,,
Mazda 3 Sedan 1.5L Luxury 2020,510 triệu,2020,Xe cũ,Trong nước,3.200 km,Hải Phòng,Đồ Sơn,Số tự động,Máy xăng,VNĐ,ThángNăm,ThángNăm,"Trả góp đều hàng thángTrả góp đều, lãi tính trên dư nợ giảm dần hàng tháng",VNĐ,Sedan,,,,,,,,,,
Mazda CX-5 2.5 2WD 2018,615 triệu,2018,Xe cũ,Trong nước,90.000 km,Phú Thọ,Đoan Hùng,Số tự động,Máy xăng,VNĐ,ThángNăm,ThángNăm,"Trả góp đều hàng thángTrả góp đều, lãi tính trên dư nợ giảm dần hàng tháng",VNĐ,SUV,,,,,,,,,,
Lexus LX 570 2020,7 tỉ 150 triệu,2020,Xe cũ,Nhập khẩu,40.000 km,Hà Nội,Bắc Từ Liêm,Số tự động,Máy xăng,VNĐ,ThángNăm,ThángNăm,"Trả góp đều hàng thángTrả góp đều, lãi tính trên dư nợ giảm dần hàng tháng",VNĐ,SUV,,,,,,,,,,
BMW X6 xDrive35i 2009,468 triệu,2009,Xe cũ,Nhập khẩu,87.000 km,Tp.HCM,,Số tự động,Máy xăng,VNĐ,ThángNăm,ThángNăm,"Trả góp đều hàng thángTrả góp đều, lãi tính trên dư nợ giảm dần hàng tháng",VNĐ,SUV,,,,,,,,,,
Honda City 1.5 TOP CVT 2019,398 triệu,2019,Xe cũ,Trong nước,60 km,Thanh Hóa,Đông Sơn,Số tự động,Máy xăng,VNĐ,ThángNăm,ThángNăm,"Trả góp đều hàng thángTrả góp đều, lãi tính trên dư nợ giảm dần hàng tháng",VNĐ,Sedan,,,,,,,,,,
Mitsubishi Xpander 1.5 MT 2020,395 triệu,2020,Xe cũ,Nhập khẩu,68.000 km,Hà Nội,Hoàng Mai,Số sàn,Máy xăng,VNĐ,ThángNăm,ThángNăm,"Trả góp đều hàng thángTrả góp đều, lãi tính trên dư nợ giảm dần hàng tháng",VNĐ,MPV,,,,,,,,,,
Mercedes-Benz C300 AMG 2020,1 tỉ 157 triệu,2020,Xe cũ,Trong nước,88.000 km,Tp.HCM,Bình Tân,Số tự động,Máy xăng,VNĐ,ThángNăm,ThángNăm,"Trả góp đều hàng thángTrả góp đều, lãi tính trên dư nợ giảm dần hàng tháng",VNĐ,Sedan,,,,,,,,,,
BMW 520i 2022,1 tỉ 578 triệu,2022,Xe cũ,Trong nước,22.000 km,Tp.HCM,Quận 7,Số tự động,Máy xăng,VNĐ,ThángNăm,ThángNăm,"Trả góp đều hàng thángTrả góp đều, lãi tính trên dư nợ giảm dần hàng tháng",VNĐ,Sedan,,,,,,,,,,
Hyundai Santa Fe 2.2 Dầu Cao cấp 2020,995 triệu,2020,Xe cũ,Trong nước,60.000 km,Hà Nội,Cầu Giấy,Số tự động,Máy dầu,VNĐ,ThángNăm,ThángNăm,"Trả góp đều hàng thángTrả góp đều, lãi tính trên dư nợ giảm dần hàng tháng",VNĐ,SUV,,,,,,,,,,
Ford Ranger XLS 2.2L 4x2 MT 2020,529 triệu,2020,Xe cũ,Nhập khẩu,93.000 km,Đà Nẵng,Hải Châu,Số tự động,Máy dầu,VNĐ,ThángNăm,ThángNăm,"Trả góp đều hàng thángTrả góp đều, lãi tính trên dư nợ giảm dần hàng tháng",VNĐ,Bán tải,,,,,,,,,,
Mercedes-Benz E300 2023,2 tỉ 340 triệu,2023,Xe cũ,Trong nước,10 km,Bắc Ninh,Từ Sơn,Số tự động,Máy xăng,VNĐ,ThángNăm,ThángNăm,"Trả góp đều hàng thángTrả góp đều, lãi tính trên dư nợ giảm dần hàng tháng",VNĐ,Sedan,,,,,,,,,,
Mercedes-Benz GLC 200 2018,979 triệu,2018,Xe cũ,Trong nước,30.000 km,Tp.HCM,Quận 7,Số tự động,Máy xăng,VNĐ,ThángNăm,ThángNăm,"Trả góp đều hàng thángTrả góp đều, lãi tính trên dư nợ giảm dần hàng tháng",VNĐ,SUV,,,,,,,,,,
Mercedes-Benz E250 AMG 2017,890 triệu,2017,Xe cũ,Trong nước,50.000 km,Hà Nội,Hai Bà Trưng,Số tự động,Máy xăng,VNĐ,ThángNăm,ThángNăm,"Trả góp đều hàng thángTrả góp đều, lãi tính trên dư nợ giảm dần hàng tháng",VNĐ,Sedan,,,,,,,,,,
Hyundai Grand i10 1.2 AT 2020,318 triệu,2020,Xe cũ,Trong nước,78.000 km,Tp.HCM,Thủ Dầu Một,Số tự động,Máy xăng,VNĐ,ThángNăm,ThángNăm,"Trả góp đều hàng thángTrả góp đều, lãi tính trên dư nợ giảm dần hàng tháng",VNĐ,Hatchback,,,,,,,,,,
Mercedes-Benz GLC 300 4Matic Coupe 2020,1 tỉ 799 triệu,2020,Xe cũ,Trong nước,20.000 km,Tp.HCM,Quận 7,Số tự động,Máy xăng,VNĐ,ThángNăm,ThángNăm,"Trả góp đều hàng thángTrả góp đều, lãi tính trên dư nợ giảm dần hàng tháng",VNĐ,,,,,,,,,,,
VinFast VF5 Plus 2023,450 triệu,2023,Xe cũ,Trong nước,30.000 km,Hà Nội,Sóc Sơn,Số tự động,Điện,VNĐ,ThángNăm,ThángNăm,"Trả góp đều hàng thángTrả góp đều, lãi tính trên dư nợ giảm dần hàng tháng",VNĐ,,,,,,,,,,,
Lexus GX 460 2016,2 tỉ 350 triệu,2016,Xe cũ,Nhập khẩu,68.000 km,Tp.HCM,Gò Vấp,Số tự động,Máy xăng,VNĐ,ThángNăm,ThángNăm,"Trả góp đều hàng thángTrả góp đều, lãi tính trên dư nợ giảm dần hàng tháng",VNĐ,SUV,,,,,,,,,,
Toyota Hiace 2.8 MT 2008,145 triệu,2008,Xe cũ,Trong nước,160.000 km,Hà Nội,Hà Đông,Số sàn,Máy xăng,VNĐ,ThángNăm,ThángNăm,"Trả góp đều hàng thángTrả góp đều, lãi tính trên dư nợ giảm dần hàng tháng",VNĐ,,,,,,,,,,,
Hyundai Elantra 2022,499 triệu,2022,Xe cũ,Trong nước,43.000 km,Hà Nội,Cầu Giấy,Số tự động,Máy xăng,VNĐ,ThángNăm,ThángNăm,"Trả góp đều hàng thángTrả góp đều, lãi tính trên dư nợ giảm dần hàng tháng",VNĐ,Sedan,,,,,,,,,,
Mercedes-Benz GLC 300 2023,2 tỉ 398 triệu,2023,Xe cũ,Trong nước,12.000 km,Tp.HCM,Quận 7,Số tự động,Máy xăng,VNĐ,ThángNăm,ThángNăm,"Trả góp đều hàng thángTrả góp đều, lãi tính trên dư nợ giảm dần hàng tháng",VNĐ,SUV,,,,,,,,,,
Mercedes-Benz C300 AMG 2022,1 tỉ 839 triệu,2022,Xe cũ,Nhập khẩu,18.888 km,Tp.HCM,Quận 7,Số tự động,Máy xăng,VNĐ,ThángNăm,ThángNăm,"Trả góp đều hàng thángTrả góp đều, lãi tính trên dư nợ giảm dần hàng tháng",VNĐ,Sedan,,,,,,,,,,
Mitsubishi Triton GLX 2024,620 triệu,2024,Xe cũ,Nhập khẩu,20.000 km,Tp.HCM,Tân Phú,Số tự động,Máy dầu,VNĐ,ThángNăm,ThángNăm,"Trả góp đều hàng thángTrả góp đều, lãi tính trên dư nợ giảm dần hàng tháng",VNĐ,Bán tải,,,,,,,,,,
Hyundai Grand i10 Sedan 1.2 MT 2016,175 triệu,2016,Xe cũ,Nhập khẩu,175 km,Hưng Yên,Khoái Châu,Số sàn,Máy xăng,VNĐ,ThángNăm,ThángNăm,"Trả góp đều hàng thángTrả góp đều, lãi tính trên dư nợ giảm dần hàng tháng",VNĐ,Sedan,,,,,,,,,,
Honda City RS 2022,469 triệu,2022,Xe cũ,Trong nước,38.000 km,Bình Dương,Dĩ An,Số tự động,Máy xăng,VNĐ,ThángNăm,ThángNăm,"Trả góp đều hàng thángTrả góp đều, lãi tính trên dư nợ giảm dần hàng tháng",VNĐ,Sedan,,,,,,,,,,
Kia Carnival 2.2D Signature 2024,1 tỉ 345 triệu,2024,Xe cũ,Trong nước,34.000 km,Tp.HCM,Quận 2,Số tự động,Máy dầu,VNĐ,ThángNăm,ThángNăm,"Trả góp đều hàng thángTrả góp đều, lãi tính trên dư nợ giảm dần hàng tháng",VNĐ,MPV,,,,,,,,,,
Nissan Juke 1.6 CVT 2015,499 triệu,2015,Xe cũ,Nhập khẩu,57.000 km,Bình Dương,Thuận An,Số tự động,Máy xăng,VNĐ,ThángNăm,ThángNăm,"Trả góp đều hàng thángTrả góp đều, lãi tính trên dư nợ giảm dần hàng tháng",VNĐ,Hatchback,,,,,,,,,,
Ford Ranger XLS 2.2 4x2 AT 2016,395 triệu,2016,Xe cũ,Trong nước,78.000 km,Hà Nội,Thanh Xuân,Số tự động,Máy dầu,VNĐ,ThángNăm,ThángNăm,"Trả góp đều hàng thángTrả góp đều, lãi tính trên dư nợ giảm dần hàng tháng",VNĐ,Bán tải,,,,,,,,,,
VinFast LUX SA2.0 Cao cấp 2022,755 triệu,2022,Xe cũ,Trong nước,75.000 km,Hà Nội,Hoàng Mai,Số tự động,Máy xăng,VNĐ,ThángNăm,ThángNăm,"Trả góp đều hàng thángTrả góp đều, lãi tính trên dư nợ giảm dần hàng tháng",VNĐ,SUV,,,,,,,,,,
Mazda CX-5 2.0 Premium 2020,695 triệu,2020,Xe cũ,Trong nước,66.000 km,Hà Nội,Cầu Giấy,Số tự động,Máy xăng,VNĐ,ThángNăm,ThángNăm,"Trả góp đều hàng thángTrả góp đều, lãi tính trên dư nợ giảm dần hàng tháng",VNĐ,SUV,,,,,,,,,,
Mercedes-Benz GLC 200 V1 2022,1 tỉ 438 triệu,2022,Xe cũ,Trong nước,39.000 km,Tp.HCM,Bình Tân,Số tự động,Máy xăng,VNĐ,ThángNăm,ThángNăm,"Trả góp đều hàng thángTrả góp đều, lãi tính trên dư nợ giảm dần hàng tháng",VNĐ,SUV,,,,,,,,,,
VinFast Fadil Tiêu Chuẩn 2022,310 triệu,2022,Xe cũ,Trong nước,60.000 km,Hà Nội,Đông Anh,Số tự động,Máy xăng,VNĐ,ThángNăm,ThángNăm,"Trả góp đều hàng thángTrả góp đều, lãi tính trên dư nợ giảm dần hàng tháng",VNĐ,Hatchback,,,,,,,,,,
VinFast LUX A2.0 2020,500 triệu,2020,Xe cũ,Trong nước,50.000 km,Vĩnh Phúc,Vĩnh Yên,Số tự động,Máy xăng,VNĐ,ThángNăm,ThángNăm,"Trả góp đều hàng thángTrả góp đều, lãi tính trên dư nợ giảm dần hàng tháng",VNĐ,,,,,,,,,,,
VinFast LUX A2.0 Tiêu chuẩn 2021,565 triệu,2021,Xe cũ,Trong nước,50.000 km,Hà Nội,Bắc Từ Liêm,Số tự động,Máy xăng,VNĐ,ThángNăm,ThángNăm,"Trả góp đều hàng thángTrả góp đều, lãi tính trên dư nợ giảm dần hàng tháng",VNĐ,Sedan,,,,,,,,,,
Kia K5 2.0 Premium 2022,695 triệu,2022,Xe cũ,Trong nước,50.000 km,Hà Nội,Cầu Giấy,Số tự động,Máy xăng,VNĐ,ThángNăm,ThángNăm,"Trả góp đều hàng thángTrả góp đều, lãi tính trên dư nợ giảm dần hàng tháng",VNĐ,Sedan,,,,,,,,,,
Ford Everest 2016,645 triệu,2016,Xe cũ,Nhập khẩu,99.000 km,Hà Nội,Cầu Giấy,Số tự động,Máy dầu,VNĐ,ThángNăm,ThángNăm,"Trả góp đều hàng thángTrả góp đều, lãi tính trên dư nợ giảm dần hàng tháng",VNĐ,SUV,,,,,,,,,,
Mazda 3 Sedan 1.5L Deluxe 2022,499 triệu,2022,Xe cũ,Trong nước,42.000 km,Hà Nội,Nam Từ Liêm,Số tự động,Máy xăng,VNĐ,ThángNăm,ThángNăm,"Trả góp đều hàng thángTrả góp đều, lãi tính trên dư nợ giảm dần hàng tháng",VNĐ,Sedan,,,,,,,,,,
Kia Morning SLX 1.0 AT 2009,165 triệu,2009,Xe cũ,Nhập khẩu,65.000 km,Tp.HCM,,Số tự động,Máy xăng,VNĐ,ThángNăm,ThángNăm,"Trả góp đều hàng thángTrả góp đều, lãi tính trên dư nợ giảm dần hàng tháng",VNĐ,Hatchback,,,,,,,,,,
Mercedes-Benz AMG G63 2021,8 tỉ 950 triệu,2021,Xe cũ,Nhập khẩu,30.000 km,Hà Nội,Tây Hồ,Số tự động,Máy xăng,VNĐ,ThángNăm,ThángNăm,"Trả góp đều hàng thángTrả góp đều, lãi tính trên dư nợ giảm dần hàng tháng",VNĐ,SUV,,,,,,,,,,
Toyota Camry 2.5Q 2019,785 triệu,2019,Xe cũ,Trong nước,65.000 km,Tp.HCM,Hóc Môn,Số tự động,Máy xăng,VNĐ,ThángNăm,ThángNăm,"Trả góp đều hàng thángTrả góp đều, lãi tính trên dư nợ giảm dần hàng tháng",VNĐ,Sedan,,,,,,,,,,
Porsche 911 Carrera 2022,6 tỉ 900 triệu,2022,Xe cũ,Nhập khẩu,7.800 km,Hà Nội,Bắc Từ Liêm,Số tự động,Máy xăng,VNĐ,ThángNăm,ThángNăm,"Trả góp đều hàng thángTrả góp đều, lãi tính trên dư nợ giảm dần hàng tháng",VNĐ,Coupe,,,,,,,,,,
Mercedes-Benz E300 AMG 2019,1 tỉ 370 triệu,2019,Xe cũ,Trong nước,33.000 km,Hà Nội,Long Biên,Số tự động,Máy xăng,VNĐ,ThángNăm,ThángNăm,"Trả góp đều hàng thángTrả góp đều, lãi tính trên dư nợ giảm dần hàng tháng",VNĐ,,,,,,,,,,,
Mercedes-Benz C300 AMG 2020,1 tỉ 179 triệu,2020,Xe cũ,Nhập khẩu,49.000 km,Tp.HCM,Quận 7,Số tự động,Máy xăng,VNĐ,ThángNăm,ThángNăm,"Trả góp đều hàng thángTrả góp đều, lãi tính trên dư nợ giảm dần hàng tháng",VNĐ,Sedan,,,,,,,,,,
BYD Seal Advanced 2024,805 triệu,2024,Xe cũ,Nhập khẩu,25.000 km,Hà Nội,Long Biên,Số tự động,Điện,VNĐ,ThángNăm,ThángNăm,"Trả góp đều hàng thángTrả góp đều, lãi tính trên dư nợ giảm dần hàng tháng",VNĐ,Sedan,,,,,,,,,,
Toyota Innova 2.0E 2013,258 triệu,2013,Xe cũ,Trong nước,200.000 km,Hải Phòng,An Lão,Số sàn,Máy xăng,VNĐ,ThángNăm,ThángNăm,"Trả góp đều hàng thángTrả góp đều, lãi tính trên dư nợ giảm dần hàng tháng",VNĐ,,,,,,,,,,,
Hyundai Grand Starex 2.4 MT 2017,555 triệu,2017,Xe cũ,Nhập khẩu,130.000 km,Hà Nội,Cầu Giấy,Số sàn,Máy dầu,VNĐ,ThángNăm,ThángNăm,"Trả góp đều hàng thángTrả góp đều, lãi tính trên dư nợ giảm dần hàng tháng",VNĐ,Van/Minivan,,,,,,,,,,
Hyundai i30 CW 1.6 AT 2011,248 triệu,2011,Xe cũ,Nhập khẩu,160.000 km,Hà Nội,Hoàng Mai,Số tự động,Máy xăng,VNĐ,ThángNăm,ThángNăm,"Trả góp đều hàng thángTrả góp đều, lãi tính trên dư nợ giảm dần hàng tháng",VNĐ,Hatchback,,,,,,,,,,
Suzuki XL7 1.5L 2021,439 triệu,2021,Xe cũ,Nhập khẩu,58.000 km,Đồng Nai,,Số tự động,Máy xăng,VNĐ,ThángNăm,ThángNăm,"Trả góp đều hàng thángTrả góp đều, lãi tính trên dư nợ giảm dần hàng tháng",VNĐ,SUV,,,,,,,,,,
Mercedes-Benz AMG G63 4.0 v8 2022,10 tỉ 200 triệu,2022,Xe cũ,Nhập khẩu,17.000 km,Hà Nội,Tây Hồ,Số tự động,Máy xăng,VNĐ,ThángNăm,ThángNăm,"Trả góp đều hàng thángTrả góp đều, lãi tính trên dư nợ giảm dần hàng tháng",VNĐ,SUV,,,,,,,,,,
Mitsubishi Xpander 1.5 AT  2022,499 triệu,2022,Xe cũ,Trong nước,66.000 km,Hà Nội,Tây Hồ,Số tự động,Máy xăng,VNĐ,ThángNăm,ThángNăm,"Trả góp đều hàng thángTrả góp đều, lãi tính trên dư nợ giảm dần hàng tháng",VNĐ,MPV,,,,,,,,,,
VinFast LUX A2.0 Cao cấp 2021,525 triệu,2021,Xe cũ,Trong nước,80.000 km,Phú Thọ,Đoan Hùng,Số tự động,Máy xăng,VNĐ,ThángNăm,ThángNăm,"Trả góp đều hàng thángTrả góp đều, lãi tính trên dư nợ giảm dần hàng tháng",VNĐ,Sedan,,,,,,,,,,
VinFast LUX A2.0 Cao cấp 2021,498 triệu,2021,Xe cũ,Trong nước,50.000 km,Tp.HCM,Thủ Đức,Số tự động,Máy xăng,VNĐ,ThángNăm,ThángNăm,"Trả góp đều hàng thángTrả góp đều, lãi tính trên dư nợ giảm dần hàng tháng",VNĐ,Sedan,,,,,,,,,,
Mercedes-Benz GLC 300 4Matic Coupe 2020,1 tỉ 690 triệu,2020,Xe cũ,Nhập khẩu,75.000 km,Hà Nội,,Số tự động,Máy xăng,VNĐ,ThángNăm,ThángNăm,"Trả góp đều hàng thángTrả góp đều, lãi tính trên dư nợ giảm dần hàng tháng",VNĐ,SUV,,,,,,,,,,
Mercedes-Benz E300 AMG 2021,1 tỉ 899 triệu,2021,Xe cũ,Trong nước,33.333 km,Tp.HCM,Quận 7,Số tự động,Máy xăng,VNĐ,ThángNăm,ThángNăm,"Trả góp đều hàng thángTrả góp đều, lãi tính trên dư nợ giảm dần hàng tháng",VNĐ,Sedan,,,,,,,,,,
Daewoo Lacetti EX 1.6 2009,75 triệu,2009,Xe cũ,Trong nước,102.000 km,Hà Tĩnh,Hà Tĩnh,Số sàn,Máy xăng,VNĐ,ThángNăm,ThángNăm,"Trả góp đều hàng thángTrả góp đều, lãi tính trên dư nợ giảm dần hàng tháng",VNĐ,Sedan,,,,,,,,,,
Mazda 3 1.5L Sedan 2016,350 triệu,2016,Xe cũ,Trong nước,100.000 km,Hải Phòng,Ngô Quyền,Số tự động,Máy xăng,VNĐ,ThángNăm,ThángNăm,"Trả góp đều hàng thángTrả góp đều, lãi tính trên dư nợ giảm dần hàng tháng",VNĐ,,,,,,,,,,,
Kia Carens SX 2.0 AT 2011,230 triệu,2011,Xe cũ,Trong nước,120.000 km,Hà Nội,Đông Anh,Số tự động,Máy xăng,VNĐ,ThángNăm,ThángNăm,"Trả góp đều hàng thángTrả góp đều, lãi tính trên dư nợ giảm dần hàng tháng",VNĐ,MPV,,,,,,,,,,
Mercedes-Benz Maybach S680 4Matic 2023,12 tỉ 500 triệu,2023,Xe cũ,Nhập khẩu,14.000 km,Hà Nội,Bắc Từ Liêm,Số tự động,Máy xăng,VNĐ,ThángNăm,ThángNăm,"Trả góp đều hàng thángTrả góp đều, lãi tính trên dư nợ giảm dần hàng tháng",VNĐ,Sedan,,,,,,,,,,
Ford EcoSport 2020,439 triệu,2020,Xe cũ,Trong nước,59.000 km,Hà Nội,Cầu Giấy,Số tự động,Máy xăng,VNĐ,ThángNăm,ThángNăm,"Trả góp đều hàng thángTrả góp đều, lãi tính trên dư nợ giảm dần hàng tháng",VNĐ,SUV,,,,,,,,,,
Mitsubishi Triton 2011,248 triệu,2011,Xe cũ,Trong nước,155.000 km,Hà Nội,Hà Đông,Số sàn,Máy xăng,VNĐ,ThángNăm,ThángNăm,"Trả góp đều hàng thángTrả góp đều, lãi tính trên dư nợ giảm dần hàng tháng",VNĐ,Bán tải,,,,,,,,,,
Toyota Fortuner 2016,535 triệu,2016,Xe cũ,Trong nước,90.000 km,Gia Lai,Plei Ku,Số sàn,Máy dầu,VNĐ,ThángNăm,ThángNăm,"Trả góp đều hàng thángTrả góp đều, lãi tính trên dư nợ giảm dần hàng tháng",VNĐ,SUV,,,,,,,,,,
Toyota Land Cruiser Prado VX 2021,2 tỉ 650 triệu,2021,Xe cũ,Nhập khẩu,46.000 km,Hà Nội,Ba Đình,Số tự động,Máy xăng,VNĐ,ThángNăm,ThángNăm,"Trả góp đều hàng thángTrả góp đều, lãi tính trên dư nợ giảm dần hàng tháng",VNĐ,SUV,,,,,,,,,,
Mazda 3 Sedan 1.5L Premium 2022,575 triệu,2022,Xe cũ,Nhập khẩu,46.600 km,Tp.HCM,,Số tự động,Máy xăng,VNĐ,ThángNăm,ThángNăm,"Trả góp đều hàng thángTrả góp đều, lãi tính trên dư nợ giảm dần hàng tháng",VNĐ,Sedan,,,,,,,,,,
Kia Soluto AT Deluxe 2020,319 triệu,2020,Xe cũ,Trong nước,26.000 km,Bình Dương,Dĩ An,Số tự động,Máy xăng,VNĐ,ThángNăm,ThángNăm,"Trả góp đều hàng thángTrả góp đều, lãi tính trên dư nợ giảm dần hàng tháng",VNĐ,Sedan,,,,,,,,,,
Mercedes-Benz GLC 200 4Matic 2021,1 tỉ 280 triệu,2021,Xe cũ,Trong nước,40.000 km,Hà Nội,Tây Hồ,Số tự động,Máy xăng,VNĐ,ThángNăm,ThángNăm,"Trả góp đều hàng thángTrả góp đều, lãi tính trên dư nợ giảm dần hàng tháng",VNĐ,SUV,,,,,,,,,,
Ford EcoSport Titanium 1.5L AT 2016,356 triệu,2016,Xe cũ,Trong nước,80.000 km,Tp.HCM,Tân Phú,Số tự động,Máy xăng,VNĐ,ThángNăm,ThángNăm,"Trả góp đều hàng thángTrả góp đều, lãi tính trên dư nợ giảm dần hàng tháng",VNĐ,SUV,,,,,,,,,,
BMW 740Li Pure Excellence 2019,3 tỉ 090 triệu,2019,Xe cũ,Nhập khẩu,11.000 km,Hà Nội,Ba Đình,Số tự động,Máy xăng,VNĐ,ThángNăm,ThángNăm,"Trả góp đều hàng thángTrả góp đều, lãi tính trên dư nợ giảm dần hàng tháng",VNĐ,Sedan,,,,,,,,,,
Mitsubishi Triton 2018,430 triệu,2018,Xe cũ,Nhập khẩu,120.000 km,Hà Nội,Cầu Giấy,Số tự động,Máy xăng,VNĐ,ThángNăm,ThángNăm,"Trả góp đều hàng thángTrả góp đều, lãi tính trên dư nợ giảm dần hàng tháng",VNĐ,,,,,,,,,,,
Mini Cooper S 3 cửa 2022,1 tỉ 699 triệu,2022,Xe cũ,Nhập khẩu,12.222 km,Tp.HCM,Quận 7,Số tự động,Máy xăng,VNĐ,ThángNăm,ThángNăm,"Trả góp đều hàng thángTrả góp đều, lãi tính trên dư nợ giảm dần hàng tháng",VNĐ,Hatchback,,,,,,,,,,
Audi Q8 55 TFSI Quattro 2020,2 tỉ 879 triệu,2020,Xe cũ,Nhập khẩu,27.000 km,Tp.HCM,Gò Vấp,Số tự động,Máy xăng,VNĐ,ThángNăm,ThángNăm,"Trả góp đều hàng thángTrả góp đều, lãi tính trên dư nợ giảm dần hàng tháng",VNĐ,SUV,,,,,,,,,,
Ford Ranger XLT 2.2 4X4 MT 2009,195 triệu,2009,Xe cũ,Trong nước,160.000 km,Hà Nội,Hà Đông,Số sàn,Máy dầu,VNĐ,ThángNăm,ThángNăm,"Trả góp đều hàng thángTrả góp đều, lãi tính trên dư nợ giảm dần hàng tháng",VNĐ,Bán tải,,,,,,,,,,
VinFast LUX A2.0 Tiêu chuẩn 2020,515 triệu,2020,Xe cũ,Trong nước,50.000 km,Hà Nội,Thanh Xuân,Số tự động,Máy xăng,VNĐ,ThángNăm,ThángNăm,"Trả góp đều hàng thángTrả góp đều, lãi tính trên dư nợ giảm dần hàng tháng",VNĐ,Sedan,,,,,,,,,,
Ford Mustang EcoBoost 2019,1 tỉ 750 triệu,2019,Xe cũ,Nhập khẩu,29.000 km,Tp.HCM,Quận 7,Số tự động,Máy xăng,VNĐ,ThángNăm,ThángNăm,"Trả góp đều hàng thángTrả góp đều, lãi tính trên dư nợ giảm dần hàng tháng",VNĐ,Sport Car,,,,,,,,,,
Ford Transit SVP 2021,580 triệu,2021,Xe cũ,Trong nước,87.000 km,Tp.HCM,Tân Phú,Số sàn,Máy dầu,VNĐ,ThángNăm,ThángNăm,"Trả góp đều hàng thángTrả góp đều, lãi tính trên dư nợ giảm dần hàng tháng",VNĐ,Van/Minivan,,,,,,,,,,
Toyota Innova 2.0G 2006,155 triệu,2006,Xe cũ,Trong nước,256.380 km,Tp.HCM,,Số tự động,Máy xăng,VNĐ,ThángNăm,ThángNăm,"Trả góp đều hàng thángTrả góp đều, lãi tính trên dư nợ giảm dần hàng tháng",VNĐ,MPV,,,,,,,,,,
Mercedes-Benz Maybach S450 4Matic 2020,4 tỉ 398 triệu,2020,Xe cũ,Nhập khẩu,30.000 km,Tp.HCM,Quận 7,Số tự động,Máy xăng,VNĐ,ThángNăm,ThángNăm,"Trả góp đều hàng thángTrả góp đều, lãi tính trên dư nợ giảm dần hàng tháng",VNĐ,Sedan,,,,,,,,,,
Mercedes-Benz C250 Exclusive 2015,659 triệu,2015,Xe cũ,Trong nước,53.000 km,Tp.HCM,Quận 7,Số tự động,Máy xăng,VNĐ,ThángNăm,ThángNăm,"Trả góp đều hàng thángTrả góp đều, lãi tính trên dư nợ giảm dần hàng tháng",VNĐ,,,,,,,,,,,
Ford Explorer 2.3L Ecoboost 2022,1 tỉ 818 triệu,2022,Xe cũ,Trong nước,37.000 km,Tp.HCM,Tân Phú,Số tự động,Máy xăng,VNĐ,ThángNăm,ThángNăm,"Trả góp đều hàng thángTrả góp đều, lãi tính trên dư nợ giảm dần hàng tháng",VNĐ,,,,,,,,,,,
Volkswagen Teramont 2024,2 tỉ 339 triệu,2024,Xe cũ,Nhập khẩu,3.000 km,Tp.HCM,Gò Vấp,Số tự động,Máy xăng,VNĐ,ThángNăm,ThángNăm,"Trả góp đều hàng thángTrả góp đều, lãi tính trên dư nợ giảm dần hàng tháng",VNĐ,SUV,,,,,,,,,,
Hyundai Grand i10 Sedan 1.2 MT 2017,199 triệu,2017,Xe cũ,Nhập khẩu,100.000 km,Hải Phòng,An Lão,Số sàn,Máy xăng,VNĐ,ThángNăm,ThángNăm,"Trả góp đều hàng thángTrả góp đều, lãi tính trên dư nợ giảm dần hàng tháng",VNĐ,Sedan,,,,,,,,,,
Toyota Camry 2.5G 2013,479 triệu,2013,Xe cũ,Trong nước,86.000 km,Bình Dương,Thủ Dầu Một,Số tự động,Máy xăng,VNĐ,ThángNăm,ThángNăm,"Trả góp đều hàng thángTrả góp đều, lãi tính trên dư nợ giảm dần hàng tháng",VNĐ,Sedan,,,,,,,,,,
Mitsubishi Outlander 2.0 CVT Premium 2022,750 triệu,2022,Xe cũ,Trong nước,3.300 km,Hà Nội,Thanh Xuân,Số tự động,Máy xăng,VNĐ,ThángNăm,ThángNăm,"Trả góp đều hàng thángTrả góp đều, lãi tính trên dư nợ giảm dần hàng tháng",VNĐ,SUV,,,,,,,,,,
Mercedes-Benz C300 2017,680 triệu,2017,Xe cũ,Trong nước,75.000 km,Vĩnh Phúc,Vĩnh Yên,Số tự động,Máy xăng,VNĐ,ThángNăm,ThángNăm,"Trả góp đều hàng thángTrả góp đều, lãi tính trên dư nợ giảm dần hàng tháng",VNĐ,,,,,,,,,,,
Mercedes-Benz S450 4Matic 2022,4 tỉ 190 triệu,2022,Xe cũ,Nhập khẩu,10.000 km,Hà Nội,Bắc Từ Liêm,Số tự động,Máy xăng,VNĐ,ThángNăm,ThángNăm,"Trả góp đều hàng thángTrả góp đều, lãi tính trên dư nợ giảm dần hàng tháng",VNĐ,Sedan,,,,,,,,,,
Toyota Hilux 2020,506 triệu,2020,Xe cũ,Trong nước,70.000 km,Hà Nội,Cầu Giấy,Số tự động,Máy dầu,VNĐ,ThángNăm,ThángNăm,"Trả góp đều hàng thángTrả góp đều, lãi tính trên dư nợ giảm dần hàng tháng",VNĐ,Bán tải,,,,,,,,,,
Hyundai Grand i10 1.2 AT 2022,360 triệu,2022,Xe cũ,Trong nước,28.500 km,Bà Rịa Vũng Tàu,,Số tự động,Máy xăng,VNĐ,ThángNăm,ThángNăm,"Trả góp đều hàng thángTrả góp đều, lãi tính trên dư nợ giảm dần hàng tháng",VNĐ,Hatchback,,,,,,,,,,
Toyota Vios 1.5G AT 2022,459 triệu,2022,Xe cũ,Trong nước,80.000 km,Tp.HCM,Quận 8,Số tự động,Máy xăng,VNĐ,ThángNăm,ThángNăm,"Trả góp đều hàng thángTrả góp đều, lãi tính trên dư nợ giảm dần hàng tháng",VNĐ,Sedan,,,,,,,,,,
Peugeot 3008 GT Line 2022,860 triệu,2022,Xe cũ,Trong nước,30.000 km,Long An,Tân An,Số tự động,Máy xăng,VNĐ,ThángNăm,ThángNăm,"Trả góp đều hàng thángTrả góp đều, lãi tính trên dư nợ giảm dần hàng tháng",VNĐ,SUV,,,,,,,,,,
Hyundai Grand i10 Sedan 1.2 MT 2020,242 triệu,2020,Xe cũ,Nhập khẩu,150.000 km,Hải Phòng,,Số sàn,Máy xăng,VNĐ,ThángNăm,ThángNăm,"Trả góp đều hàng thángTrả góp đều, lãi tính trên dư nợ giảm dần hàng tháng",VNĐ,Sedan,,,,,,,,,,
BMW X6 xDrive40i Msport 2021,3 tỉ 138 triệu,2021,Xe cũ,Trong nước,15.000 km,Tp.HCM,Quận 7,Số tự động,Máy xăng,VNĐ,ThángNăm,ThángNăm,"Trả góp đều hàng thángTrả góp đều, lãi tính trên dư nợ giảm dần hàng tháng",VNĐ,,,,,,,,,,,
Citroen DS3 2011,299 triệu,2011,Xe cũ,Nhập khẩu,110.000 km,Bình Dương,Thuận An,Số tự động,Máy xăng,VNĐ,ThángNăm,ThángNăm,"Trả góp đều hàng thángTrả góp đều, lãi tính trên dư nợ giảm dần hàng tháng",VNĐ,Coupe,,,,,,,,,,
Toyota Vios G 2020,405 triệu,2020,Xe cũ,Trong nước,40.000 km,Hà Nội,Cầu Giấy,Số tự động,Máy xăng,VNĐ,ThángNăm,ThángNăm,"Trả góp đều hàng thángTrả góp đều, lãi tính trên dư nợ giảm dần hàng tháng",VNĐ,Sedan,,,,,,,,,,
Lexus NX 350 2023,3 tỉ 099 triệu,2023,Xe cũ,Trong nước,1.900 km,Tp.HCM,Gò Vấp,Số tự động,Máy xăng,VNĐ,ThángNăm,ThángNăm,"Trả góp đều hàng thángTrả góp đều, lãi tính trên dư nợ giảm dần hàng tháng",VNĐ,SUV,,,,,,,,,,
Hyundai Grand Starex 2.5 MT 2016,395 triệu,2016,Xe cũ,Nhập khẩu,120.000 km,Hà Nội,Hà Đông,Số sàn,Máy xăng,VNĐ,ThángNăm,ThángNăm,"Trả góp đều hàng thángTrả góp đều, lãi tính trên dư nợ giảm dần hàng tháng",VNĐ,Van/Minivan,,,,,,,,,,
Mercedes-Benz GLC 300 4Matic 2024,2 tỉ 539 triệu,2024,Xe cũ,Trong nước,4.500 km,Tp.HCM,Quận 7,Số tự động,Máy xăng,VNĐ,ThángNăm,ThángNăm,"Trả góp đều hàng thángTrả góp đều, lãi tính trên dư nợ giảm dần hàng tháng",VNĐ,SUV,,,,,,,,,,
Mazda CX-5 2.0 Luxury 2021,675 triệu,2021,Xe cũ,Trong nước,55.000 km,Hải Phòng,Kiến An,Số tự động,Máy xăng,VNĐ,ThángNăm,ThángNăm,"Trả góp đều hàng thángTrả góp đều, lãi tính trên dư nợ giảm dần hàng tháng",VNĐ,SUV,,,,,,,,,,
Hyundai Tucson 2016,530 triệu,2016,Xe cũ,Trong nước,70.000 km,Tp.HCM,Thủ Đức,Số tự động,Máy xăng,VNĐ,ThángNăm,ThángNăm,"Trả góp đều hàng thángTrả góp đều, lãi tính trên dư nợ giảm dần hàng tháng",VNĐ,,,,,,,,,,,
Nissan X trail 2.5 SV 4WD 2016,490 triệu,2016,Xe cũ,Nhập khẩu,90.000 km,Tp.HCM,Tân Phú,Số tự động,Máy xăng,VNĐ,ThángNăm,ThángNăm,"Trả góp đều hàng thángTrả góp đều, lãi tính trên dư nợ giảm dần hàng tháng",VNĐ,Crossover,,,,,,,,,,
Honda HR-V L 2018,520 triệu,2018,Xe cũ,Nhập khẩu,78.797 km,Bình Dương,Thuận An,Số tự động,Máy xăng,VNĐ,ThángNăm,ThángNăm,"Trả góp đều hàng thángTrả góp đều, lãi tính trên dư nợ giảm dần hàng tháng",VNĐ,SUV,,,,,,,,,,
Mitsubishi Triton 4×4 AT MIVEC 2021,635 triệu,2021,Xe cũ,Nhập khẩu,66.000 km,Hà Nội,Thanh Xuân,Số tự động,Máy dầu,VNĐ,ThángNăm,ThángNăm,"Trả góp đều hàng thángTrả góp đều, lãi tính trên dư nợ giảm dần hàng tháng",VNĐ,Bán tải,,,,,,,,,,
VinFast LUX SA2.0 Tiêu chuẩn 2021,670 triệu,2021,Xe cũ,Trong nước,80.000 km,Hà Nội,Cầu Giấy,Số tự động,Máy xăng,VNĐ,ThángNăm,ThángNăm,"Trả góp đều hàng thángTrả góp đều, lãi tính trên dư nợ giảm dần hàng tháng",VNĐ,SUV,,,,,,,,,,
Hyundai Accent 1.4 MT 2021,325 triệu,2021,Xe cũ,Trong nước,90.000 km,Bình Dương,,Số sàn,Máy xăng,VNĐ,ThángNăm,ThángNăm,"Trả góp đều hàng thángTrả góp đều, lãi tính trên dư nợ giảm dần hàng tháng",VNĐ,Sedan,,,,,,,,,,
Toyota Fortuner 2.4G 4x2 AT  2019,715 triệu,2019,Xe cũ,Trong nước,107.000 km,Tp.HCM,Thủ Đức,Số sàn,Máy dầu,VNĐ,ThángNăm,ThángNăm,"Trả góp đều hàng thángTrả góp đều, lãi tính trên dư nợ giảm dần hàng tháng",VNĐ,SUV,,,,,,,,,,
Mercedes-Benz Maybach S450 4Matic 2018,3 tỉ 400 triệu,2018,Xe cũ,Nhập khẩu,36.000 km,Tp.HCM,Gò Vấp,Số tự động,Máy xăng,VNĐ,ThángNăm,ThángNăm,"Trả góp đều hàng thángTrả góp đều, lãi tính trên dư nợ giảm dần hàng tháng",VNĐ,Sedan,,,,,,,,,,
Toyota Innova 2017,410 triệu,2017,Xe cũ,Trong nước,100.000 km,Hải Phòng,An Lão,Số tự động,Máy xăng,VNĐ,ThángNăm,ThángNăm,"Trả góp đều hàng thángTrả góp đều, lãi tính trên dư nợ giảm dần hàng tháng",VNĐ,,,,,,,,,,,
Toyota Vios 1.5G AT 2020,405 triệu,2020,Xe cũ,Trong nước,75.000 km,Bình Dương,,Số tự động,Máy xăng,VNĐ,ThángNăm,ThángNăm,"Trả góp đều hàng thángTrả góp đều, lãi tính trên dư nợ giảm dần hàng tháng",VNĐ,Sedan,,,,,,,,,,
Hyundai Santa Fe 2.4L Xăng Đặc biệt 2018,690 triệu,2018,Xe cũ,Trong nước,84.000 km,Bình Dương,Thuận An,Số tự động,Máy xăng,VNĐ,ThángNăm,ThángNăm,"Trả góp đều hàng thángTrả góp đều, lãi tính trên dư nợ giảm dần hàng tháng",VNĐ,SUV,,,,,,,,,,
Toyota Wigo 1.2 G AT 2023,383 triệu,2023,Xe cũ,Trong nước,17.000 km,Đồng Nai,Biên Hòa,Số tự động,Máy xăng,VNĐ,ThángNăm,ThángNăm,"Trả góp đều hàng thángTrả góp đều, lãi tính trên dư nợ giảm dần hàng tháng",VNĐ,,,,,,,,,,,
Ford EcoSport Titanium 1.5L AT 2021,485 triệu,2021,Xe cũ,Trong nước,485.000 km,Tp.HCM,Tân Phú,Số tự động,Máy xăng,VNĐ,ThángNăm,ThángNăm,"Trả góp đều hàng thángTrả góp đều, lãi tính trên dư nợ giảm dần hàng tháng",VNĐ,,,,,,,,,,,
Hyundai H 100 Porter 2009,105 triệu,2009,Xe cũ,Trong nước,131.696 km,Tp.HCM,Củ Chi,Số sàn,Máy dầu,VNĐ,ThángNăm,ThángNăm,"Trả góp đều hàng thángTrả góp đều, lãi tính trên dư nợ giảm dần hàng tháng",VNĐ,Xe tải,,,,,,,,,,
Honda CR-V 2.4L TG 2010,295 triệu,2010,Xe cũ,Trong nước,120.000 km,Hà Nội,Cầu Giấy,Số tự động,Máy xăng,VNĐ,ThángNăm,ThángNăm,"Trả góp đều hàng thángTrả góp đều, lãi tính trên dư nợ giảm dần hàng tháng",VNĐ,SUV,,,,,,,,,,
Ford Ranger Wildtrak 2.0L 4x4 AT 2023,845 triệu,2023,Xe cũ,Nhập khẩu,22.000 km,Hà Nội,Cầu Giấy,Số tự động,Máy dầu,VNĐ,ThángNăm,ThángNăm,"Trả góp đều hàng thángTrả góp đều, lãi tính trên dư nợ giảm dần hàng tháng",VNĐ,Bán tải,,,,,,,,,,
Ford Ranger Wildtrak 2.0L 4x4 AT 2023,835 triệu,2023,Xe cũ,Trong nước,40.000 km,Hà Nội,Cầu Giấy,Số tự động,Máy dầu,VNĐ,ThángNăm,ThángNăm,"Trả góp đều hàng thángTrả góp đều, lãi tính trên dư nợ giảm dần hàng tháng",VNĐ,Bán tải,,,,,,,,,,
Mitsubishi Triton GLX 2015,345 triệu,2015,Xe cũ,Nhập khẩu,150.000 km,Hà Nội,,Số tự động,Máy dầu,VNĐ,ThángNăm,ThángNăm,"Trả góp đều hàng thángTrả góp đều, lãi tính trên dư nợ giảm dần hàng tháng",VNĐ,Bán tải,,,,,,,,,,
Ford Fiesta 1.5AT Titanium 2016,290 triệu,2016,Xe cũ,Trong nước,110.000 km,Bình Dương,Thuận An,Số tự động,Máy xăng,VNĐ,ThángNăm,ThángNăm,"Trả góp đều hàng thángTrả góp đều, lãi tính trên dư nợ giảm dần hàng tháng",VNĐ,Sedan,,,,,,,,,,
VinFast Fadil Nâng Cao 2022,329 triệu,2022,Xe cũ,Trong nước,30.000 km,Bình Dương,Dĩ An,Số tự động,Máy xăng,VNĐ,ThángNăm,ThángNăm,"Trả góp đều hàng thángTrả góp đều, lãi tính trên dư nợ giảm dần hàng tháng",VNĐ,Hatchback,,,,,,,,,,
Kia Sorento 2WD 2.2 DATH 2017,568 triệu,2017,Xe cũ,Trong nước,1.100 km,Hà Nội,Thanh Xuân,Số tự động,Máy dầu,VNĐ,ThángNăm,ThángNăm,"Trả góp đều hàng thángTrả góp đều, lãi tính trên dư nợ giảm dần hàng tháng",VNĐ,MPV,,,,,,,,,,
Toyota Vios 1.5G AT 2018,388 triệu,2018,Xe cũ,Trong nước,60.000 km,Hải Phòng,An Lão,Số tự động,Máy xăng,VNĐ,ThángNăm,ThángNăm,"Trả góp đều hàng thángTrả góp đều, lãi tính trên dư nợ giảm dần hàng tháng",VNĐ,Sedan,,,,,,,,,,
Mazda CX-8 Luxury 2022,799 triệu,2022,Xe cũ,Trong nước,48.000 km,Hà Nội,Tây Hồ,Số tự động,Máy xăng,VNĐ,ThángNăm,ThángNăm,"Trả góp đều hàng thángTrả góp đều, lãi tính trên dư nợ giảm dần hàng tháng",VNĐ,SUV,,,,,,,,,,
Honda City 1.5 TOP CVT 2018,368 triệu,2018,Xe cũ,Nhập khẩu,68.000 km,Tp.HCM,,Số tự động,Máy xăng,VNĐ,ThángNăm,ThángNăm,"Trả góp đều hàng thángTrả góp đều, lãi tính trên dư nợ giảm dần hàng tháng",VNĐ,Sedan,,,,,,,,,,
Hyundai Santa Fe 2.2 Dầu Cao cấp 2023,1 tỉ 165 triệu,2023,Xe cũ,Trong nước,39.336 km,Hà Nội,Thanh Xuân,Số tự động,Máy dầu,VNĐ,ThángNăm,ThángNăm,"Trả góp đều hàng thángTrả góp đều, lãi tính trên dư nợ giảm dần hàng tháng",VNĐ,SUV,,,,,,,,,,
Kia K3 2022,575 triệu,2022,Xe cũ,Trong nước,23.000 km,Tp.HCM,Tân Phú,Số tự động,Máy xăng,VNĐ,ThángNăm,ThángNăm,"Trả góp đều hàng thángTrả góp đều, lãi tính trên dư nợ giảm dần hàng tháng",VNĐ,Sedan,,,,,,,,,,
Kia Sportage 2.0D Signature 2022,855 triệu,2022,Xe cũ,Trong nước,50.000 km,Phú Thọ,Đoan Hùng,Số tự động,Máy dầu,VNĐ,ThángNăm,ThángNăm,"Trả góp đều hàng thángTrả góp đều, lãi tính trên dư nợ giảm dần hàng tháng",VNĐ,SUV,,,,,,,,,,
Mercedes-Benz C300 AMG 2020,1 tỉ 099 triệu,2020,Xe cũ,Trong nước,66.000 km,Tp.HCM,Quận 7,Số tự động,Máy xăng,VNĐ,ThángNăm,ThángNăm,"Trả góp đều hàng thángTrả góp đều, lãi tính trên dư nợ giảm dần hàng tháng",VNĐ,Sedan,,,,,,,,,,
Ford Transit Luxury 2014,320 triệu,2014,Xe cũ,Trong nước,200.000 km,Hà Nội,Hai Bà Trưng,Số sàn,Máy dầu,VNĐ,ThángNăm,ThángNăm,"Trả góp đều hàng thángTrả góp đều, lãi tính trên dư nợ giảm dần hàng tháng",VNĐ,Van/Minivan,,,,,,,,,,
Toyota Innova 2.0E 2018,420 triệu,2018,Xe cũ,Nhập khẩu,130.000 km,Hà Nội,,Số tự động,Máy xăng,VNĐ,ThángNăm,ThángNăm,"Trả góp đều hàng thángTrả góp đều, lãi tính trên dư nợ giảm dần hàng tháng",VNĐ,MPV,,,,,,,,,,
Mini John Cooper Works Convertible 2021,2 tỉ 099 triệu,2021,Xe cũ,Nhập khẩu,13.333 km,Tp.HCM,Quận 7,Số tự động,Máy xăng,VNĐ,ThángNăm,ThángNăm,"Trả góp đều hàng thángTrả góp đều, lãi tính trên dư nợ giảm dần hàng tháng",VNĐ,Sedan,,,,,,,,,,
Ford Ranger Raptor 2019,890 triệu,2019,Xe cũ,Nhập khẩu,123.000 km,Tp.HCM,Gò Vấp,Số tự động,Máy dầu,VNĐ,ThángNăm,ThángNăm,"Trả góp đều hàng thángTrả góp đều, lãi tính trên dư nợ giảm dần hàng tháng",VNĐ,Bán tải,,,,,,,,,,
Mercedes-Benz C300 AMG 2015,600 triệu,2015,Xe cũ,Nhập khẩu,70.000 km,Tp.HCM,Quận 7,Số tự động,Máy xăng,VNĐ,ThángNăm,ThángNăm,"Trả góp đều hàng thángTrả góp đều, lãi tính trên dư nợ giảm dần hàng tháng",VNĐ,Sedan,,,,,,,,,,
BMW 320i Sport Line 2023,1 tỉ 369 triệu,2023,Xe cũ,Nhập khẩu,30.000 km,Hà Nội,Ba Đình,Số tự động,Máy xăng,VNĐ,ThángNăm,ThángNăm,"Trả góp đều hàng thángTrả góp đều, lãi tính trên dư nợ giảm dần hàng tháng",VNĐ,Sedan,,,,,,,,,,
Honda CR-V 1.5 L 2018,715 triệu,2018,Xe cũ,Trong nước,80.000 km,Hà Nội,Cầu Giấy,Số tự động,Máy xăng,VNĐ,ThángNăm,ThángNăm,"Trả góp đều hàng thángTrả góp đều, lãi tính trên dư nợ giảm dần hàng tháng",VNĐ,SUV,,,,,,,,,,
Mercedes-Benz E280 2008,195 triệu,2008,Xe cũ,Nhập khẩu,260.000 km,Hà Nội,Thanh Xuân,Số tự động,Máy xăng,VNĐ,ThángNăm,ThángNăm,"Trả góp đều hàng thángTrả góp đều, lãi tính trên dư nợ giảm dần hàng tháng",VNĐ,Sedan,,,,,,,,,,
Hyundai Getz 1.1 MT 2009,130 triệu,2009,Xe cũ,Nhập khẩu,118.000 km,Hải Dương,,Số sàn,Máy xăng,VNĐ,ThángNăm,ThángNăm,"Trả góp đều hàng thángTrả góp đều, lãi tính trên dư nợ giảm dần hàng tháng",VNĐ,Hatchback,,,,,,,,,,
Ford Ranger XLS 2.2 4x2 AT 2022,545 triệu,2022,Xe cũ,Trong nước,101.000 km,Tp.HCM,Bình Chánh,Số tự động,Máy dầu,VNĐ,ThángNăm,ThángNăm,"Trả góp đều hàng thángTrả góp đều, lãi tính trên dư nợ giảm dần hàng tháng",VNĐ,Bán tải,,,,,,,,,,
Nissan X trail 2.0 SL 2WD Premium 2020,618 triệu,2020,Xe cũ,Trong nước,50.000 km,Hà Nội,Cầu Giấy,Số tự động,Máy xăng,VNĐ,ThángNăm,ThángNăm,"Trả góp đều hàng thángTrả góp đều, lãi tính trên dư nợ giảm dần hàng tháng",VNĐ,SUV,,,,,,,,,,
Honda CR-V 1.5 L 2018,720 triệu,2018,Xe cũ,Nhập khẩu,70.000 km,Bình Dương,Thủ Dầu Một,Số tự động,Máy xăng,VNĐ,ThángNăm,ThángNăm,"Trả góp đều hàng thángTrả góp đều, lãi tính trên dư nợ giảm dần hàng tháng",VNĐ,SUV,,,,,,,,,,
Toyota Previa 2010,635 triệu,2010,Xe cũ,Nhập khẩu,50.000 km,Tp.HCM,Quận 10,Số tự động,Máy xăng,VNĐ,ThángNăm,ThángNăm,"Trả góp đều hàng thángTrả góp đều, lãi tính trên dư nợ giảm dần hàng tháng",VNĐ,Van/Minivan,,,,,,,,,,
Mercedes-Benz Maybach S450 2019,3 tỉ 899 triệu,2019,Xe cũ,Nhập khẩu,63.000 km,Hà Nội,Cầu Giấy,Số tự động,Máy xăng,VNĐ,ThángNăm,ThángNăm,"Trả góp đều hàng thángTrả góp đều, lãi tính trên dư nợ giảm dần hàng tháng",VNĐ,Sedan,,,,,,,,,,
VinFast Fadil Tiêu Chuẩn 2019,250 triệu,2019,Xe cũ,Trong nước,190.000 km,Tây Ninh,,Số tự động,Máy xăng,VNĐ,ThángNăm,ThángNăm,"Trả góp đều hàng thángTrả góp đều, lãi tính trên dư nợ giảm dần hàng tháng",VNĐ,Hatchback,,,,,,,,,,
MG 5 1.5L Luxury 2022,415 triệu,2022,Xe cũ,Nhập khẩu,39.899 km,Hà Nội,Hoàng Mai,Số tự động,Máy xăng,VNĐ,ThángNăm,ThángNăm,"Trả góp đều hàng thángTrả góp đều, lãi tính trên dư nợ giảm dần hàng tháng",VNĐ,Sedan,,,,,,,,,,
Kia Cerato 1.6 MT 2019,400 triệu,2019,Xe cũ,Trong nước,92.000 km,Đắk Lắk,,Số sàn,Máy xăng,VNĐ,ThángNăm,ThángNăm,"Trả góp đều hàng thángTrả góp đều, lãi tính trên dư nợ giảm dần hàng tháng",VNĐ,Sedan,,,,,,,,,,
Ford Everest Titanium 2.0L AT 4WD 2022,979 triệu,2022,Xe cũ,Nhập khẩu,38.000 km,Tp.HCM,Bình Thạnh,Số tự động,Máy dầu,VNĐ,ThángNăm,ThángNăm,"Trả góp đều hàng thángTrả góp đều, lãi tính trên dư nợ giảm dần hàng tháng",VNĐ,SUV,,,,,,,,,,
Toyota Fortuner 2.5G 4x2 MT 2022,860 triệu,2022,Xe cũ,Trong nước,62.000 km,Tp.HCM,Quận 12,Số sàn,Máy dầu,VNĐ,ThángNăm,ThángNăm,"Trả góp đều hàng thángTrả góp đều, lãi tính trên dư nợ giảm dần hàng tháng",VNĐ,SUV,,,,,,,,,,
Hyundai Grand Starex 2.4 MT 2011,310 triệu,2011,Xe cũ,Nhập khẩu,10.000 km,Hà Nội,Đông Anh,Số sàn,Máy dầu,VNĐ,ThángNăm,ThángNăm,"Trả góp đều hàng thángTrả góp đều, lãi tính trên dư nợ giảm dần hàng tháng",VNĐ,Van/Minivan,,,,,,,,,,
Mazda 2 Sport 1.5L Premium 2021,455 triệu,2021,Xe cũ,Nhập khẩu,60.000 km,Hải Phòng,Kiến An,Số tự động,Máy xăng,VNĐ,ThángNăm,ThángNăm,"Trả góp đều hàng thángTrả góp đều, lãi tính trên dư nợ giảm dần hàng tháng",VNĐ,Sport Car,,,,,,,,,,
Lexus ES 300h 2021,2 tỉ 590 triệu,2021,Xe cũ,Nhập khẩu,17.000 km,Tp.HCM,Quận 1,Số tự động,Máy xăng,VNĐ,ThángNăm,ThángNăm,"Trả góp đều hàng thángTrả góp đều, lãi tính trên dư nợ giảm dần hàng tháng",VNĐ,,,,,,,,,,,
Kia Sportage 1.6 GDI 2023,900 triệu,2023,Xe cũ,Trong nước,30.200 km,Tp.HCM,Thủ Đức,Số tự động,Máy xăng,VNĐ,ThángNăm,ThángNăm,"Trả góp đều hàng thángTrả góp đều, lãi tính trên dư nợ giảm dần hàng tháng",VNĐ,SUV,,,,,,,,,,
Mercedes-Benz GLE 450 4Matic 2025,3 tỉ 850 triệu,2025,Xe cũ,Nhập khẩu,01 km,Tp.HCM,Quận 7,Số tự động,Máy xăng,VNĐ,ThángNăm,ThángNăm,"Trả góp đều hàng thángTrả góp đều, lãi tính trên dư nợ giảm dần hàng tháng",VNĐ,SUV,,,,,,,,,,
Mercedes-Benz C300 AMG 2021,1 tỉ 220 triệu,2021,Xe cũ,Trong nước,53.000 km,Hà Nội,Cầu Giấy,Số tự động,Máy xăng,VNĐ,ThángNăm,ThángNăm,"Trả góp đều hàng thángTrả góp đều, lãi tính trên dư nợ giảm dần hàng tháng",VNĐ,Sedan,,,,,,,,,,
Ford Everest Titanium 2.0 AT 4x2 2020,875 triệu,2020,Xe cũ,Nhập khẩu,76.000 km,Tp.HCM,Tân Phú,Số tự động,Máy dầu,VNĐ,ThángNăm,ThángNăm,"Trả góp đều hàng thángTrả góp đều, lãi tính trên dư nợ giảm dần hàng tháng",VNĐ,SUV,,,,,,,,,,
BMW X7 xDrive40i Pure Excellence 2022,5 tỉ 189 triệu,2022,Xe cũ,Nhập khẩu,44.444 km,Tp.HCM,Quận 7,Số tự động,Máy xăng,VNĐ,ThángNăm,ThángNăm,"Trả góp đều hàng thángTrả góp đều, lãi tính trên dư nợ giảm dần hàng tháng",VNĐ,SUV,,,,,,,,,,
Toyota Vios 1.5G AT 2019,409 triệu,2019,Xe cũ,Trong nước,60.000 km,Hà Nội,Long Biên,Số tự động,Máy xăng,VNĐ,ThángNăm,ThángNăm,"Trả góp đều hàng thángTrả góp đều, lãi tính trên dư nợ giảm dần hàng tháng",VNĐ,Sedan,,,,,,,,,,
Land Rover Range Rover Supercharged 5.0 2014,2 tỉ 450 triệu,2014,Xe cũ,Nhập khẩu,15 km,Hà Nội,,Số tự động,Máy xăng,VNĐ,ThángNăm,ThángNăm,"Trả góp đều hàng thángTrả góp đều, lãi tính trên dư nợ giảm dần hàng tháng",VNĐ,SUV,,,,,,,,,,
Kia Morning Si 1.25 AT 2016,249 triệu,2016,Xe cũ,Trong nước,89.000 km,Bình Dương,Dĩ An,Số tự động,Máy xăng,VNĐ,ThángNăm,ThángNăm,"Trả góp đều hàng thángTrả góp đều, lãi tính trên dư nợ giảm dần hàng tháng",VNĐ,Hatchback,,,,,,,,,,
Hyundai Grand Starex 2.4 AT 2008,425 triệu,2008,Xe cũ,Nhập khẩu,160.000 km,Hà Nội,Hà Đông,Số tự động,Máy dầu,VNĐ,ThángNăm,ThángNăm,"Trả góp đều hàng thángTrả góp đều, lãi tính trên dư nợ giảm dần hàng tháng",VNĐ,Van/Minivan,,,,,,,,,,
Ford Ranger XLS 2.0L 4x2 AT 2022,599 triệu,2022,Xe cũ,Trong nước,66.000 km,Hà Nội,Cầu Giấy,Số tự động,Máy dầu,VNĐ,ThángNăm,ThángNăm,"Trả góp đều hàng thángTrả góp đều, lãi tính trên dư nợ giảm dần hàng tháng",VNĐ,Bán tải,,,,,,,,,,
Mercedes-Benz S450L Luxury 2017,1 tỉ 890 triệu,2017,Xe cũ,Trong nước,80.000 km,Hà Nội,Hoàng Mai,Số tự động,Máy xăng,VNĐ,ThángNăm,ThángNăm,"Trả góp đều hàng thángTrả góp đều, lãi tính trên dư nợ giảm dần hàng tháng",VNĐ,Sedan,,,,,,,,,,
Kia Carnival Royal 2023,1 tỉ 990 triệu,2023,Xe cũ,Trong nước,22.000 km,Hà Nội,Bắc Từ Liêm,Số tự động,Máy xăng,VNĐ,ThángNăm,ThángNăm,"Trả góp đều hàng thángTrả góp đều, lãi tính trên dư nợ giảm dần hàng tháng",VNĐ,MPV,,,,,,,,,,
Toyota Vios 1.5 G CVT 2015,353 triệu,2015,Xe cũ,Trong nước,210.000 km,Hà Nội,Nam Từ Liêm,Số tự động,Máy xăng,VNĐ,ThángNăm,ThángNăm,"Trả góp đều hàng thángTrả góp đều, lãi tính trên dư nợ giảm dần hàng tháng",VNĐ,Sedan,,,,,,,,,,
Lexus RX 200T 2021,1 tỉ 870 triệu,2021,Xe cũ,Nhập khẩu,100.000 km,Tp.HCM,Quận 1,Số tự động,Máy xăng,VNĐ,ThángNăm,ThángNăm,"Trả góp đều hàng thángTrả góp đều, lãi tính trên dư nợ giảm dần hàng tháng",VNĐ,,,,,,,,,,,
VinFast LUX A2.0 Cao cấp 2019,535 triệu,2019,Xe cũ,Trong nước,67.899 km,Hà Nội,Hoàng Mai,Số tự động,Máy xăng,VNĐ,ThángNăm,ThángNăm,"Trả góp đều hàng thángTrả góp đều, lãi tính trên dư nợ giảm dần hàng tháng",VNĐ,Sedan,,,,,,,,,,
Toyota Land Cruiser Prado GX 2015,1 tỉ 028 triệu,2015,Xe cũ,Nhập khẩu,120.000 km,Hà Nội,Cầu Giấy,Số tự động,Máy xăng,VNĐ,ThángNăm,ThángNăm,"Trả góp đều hàng thángTrả góp đều, lãi tính trên dư nợ giảm dần hàng tháng",VNĐ,SUV,,,,,,,,,,
Kia Forte SLI 1.6 AT 2009,230 triệu,2009,Xe cũ,Nhập khẩu,120.000 km,Hà Nội,Thanh Xuân,Số tự động,Máy xăng,VNĐ,ThángNăm,ThángNăm,"Trả góp đều hàng thángTrả góp đều, lãi tính trên dư nợ giảm dần hàng tháng",VNĐ,Sedan,,,,,,,,,,
Mercedes-Benz AMG G63 2021,10 tỉ 499 triệu,2021,Xe cũ,Nhập khẩu,399 km,Tp.HCM,Quận 7,Số tự động,Máy xăng,VNĐ,ThángNăm,ThángNăm,"Trả góp đều hàng thángTrả góp đều, lãi tính trên dư nợ giảm dần hàng tháng",VNĐ,,,,,,,,,,,
Bentley Bentayga V8 2021,12 tỉ 900 triệu,2021,Xe cũ,Nhập khẩu,7.000 km,Hà Nội,Bắc Từ Liêm,Số tự động,Máy xăng,VNĐ,ThángNăm,ThángNăm,"Trả góp đều hàng thángTrả góp đều, lãi tính trên dư nợ giảm dần hàng tháng",VNĐ,SUV,,,,,,,,,,
Suzuki Swift 1.4 AT 2015,290 triệu,2015,Xe cũ,Trong nước,104.000 km,Hà Nội,,Số tự động,Máy xăng,VNĐ,ThángNăm,ThángNăm,"Trả góp đều hàng thángTrả góp đều, lãi tính trên dư nợ giảm dần hàng tháng",VNĐ,Hatchback,,,,,,,,,,
Nissan Sunny 2016,245 triệu,2016,Xe cũ,Trong nước,90.000 km,Tp.HCM,Quận 10,Số tự động,Máy xăng,VNĐ,ThángNăm,ThángNăm,"Trả góp đều hàng thángTrả góp đều, lãi tính trên dư nợ giảm dần hàng tháng",VNĐ,Sedan,,,,,,,,,,
Kia Carnival 2.2D Signature 2023,1 tỉ 350 triệu,2023,Xe cũ,Trong nước,17.000 km,Bình Dương,,Số tự động,Máy dầu,VNĐ,ThángNăm,ThángNăm,"Trả góp đều hàng thángTrả góp đều, lãi tính trên dư nợ giảm dần hàng tháng",VNĐ,MPV,,,,,,,,,,
VinFast LUX SA2.0 Cao cấp 2020,668 triệu,2020,Xe cũ,Trong nước,69.000 km,Bình Dương,Thủ Dầu Một,Số tự động,Máy xăng,VNĐ,ThángNăm,ThángNăm,"Trả góp đều hàng thángTrả góp đều, lãi tính trên dư nợ giảm dần hàng tháng",VNĐ,SUV,,,,,,,,,,
Ford Territory Titanium X 2024,850 triệu,2024,Xe cũ,Nhập khẩu,34.000 km,Tp.HCM,Gò Vấp,Số tự động,Máy xăng,VNĐ,ThángNăm,ThángNăm,"Trả góp đều hàng thángTrả góp đều, lãi tính trên dư nợ giảm dần hàng tháng",VNĐ,SUV,,,,,,,,,,
Hyundai Elantra 2017,320 triệu,2017,Xe cũ,Trong nước,70.000 km,Tp.HCM,Hóc Môn,Số tự động,Máy xăng,VNĐ,ThángNăm,ThángNăm,"Trả góp đều hàng thángTrả góp đều, lãi tính trên dư nợ giảm dần hàng tháng",VNĐ,,,,,,,,,,,
Porsche Macan 2.0 2022,3 tỉ 679 triệu,2022,Xe cũ,Nhập khẩu,10.600 km,Tp.HCM,Quận 7,Số tự động,Máy xăng,VNĐ,ThángNăm,ThángNăm,"Trả góp đều hàng thángTrả góp đều, lãi tính trên dư nợ giảm dần hàng tháng",VNĐ,SUV,,,,,,,,,,
Mercedes-Benz GLC 300 4Matic 2023,2 tỉ 478 triệu,2023,Xe cũ,Trong nước,12.751 km,Tp.HCM,Bình Tân,Số tự động,Máy xăng,VNĐ,ThángNăm,ThángNăm,"Trả góp đều hàng thángTrả góp đều, lãi tính trên dư nợ giảm dần hàng tháng",VNĐ,SUV,,,,,,,,,,
Toyota Vios 1.5 E CVT 2023,430 triệu,2023,Xe cũ,Trong nước,20 km,Thanh Hóa,Đông Sơn,Số tự động,Máy xăng,VNĐ,ThángNăm,ThángNăm,"Trả góp đều hàng thángTrả góp đều, lãi tính trên dư nợ giảm dần hàng tháng",VNĐ,Sedan,,,,,,,,,,
Ford Ranger Raptor 2023,1 tỉ 180 triệu,2023,Xe cũ,Nhập khẩu,15.000 km,Tp.HCM,Quận 7,Số tự động,Máy dầu,VNĐ,ThángNăm,ThángNăm,"Trả góp đều hàng thángTrả góp đều, lãi tính trên dư nợ giảm dần hàng tháng",VNĐ,Bán tải,,,,,,,,,,
Ford Ranger 2023,875 triệu,2023,Xe cũ,Trong nước,33.000 km,Tp.HCM,Quận 7,Số tự động,Máy dầu,VNĐ,ThángNăm,ThángNăm,"Trả góp đều hàng thángTrả góp đều, lãi tính trên dư nợ giảm dần hàng tháng",VNĐ,Bán tải,,,,,,,,,,
Hyundai Accent 1.4 MT 2020,310 triệu,2020,Xe cũ,Nhập khẩu,140.000 km,Phú Thọ,,Số sàn,Máy xăng,VNĐ,ThángNăm,ThángNăm,"Trả góp đều hàng thángTrả góp đều, lãi tính trên dư nợ giảm dần hàng tháng",VNĐ,Sedan,,,,,,,,,,
Hyundai Grand i10 Sedan 1.2 MT 2018,235 triệu,2018,Xe cũ,Trong nước,130.000 km,Hưng Yên,Khoái Châu,Số sàn,Máy xăng,VNĐ,ThángNăm,ThángNăm,"Trả góp đều hàng thángTrả góp đều, lãi tính trên dư nợ giảm dần hàng tháng",VNĐ,Sedan,,,,,,,,,,
Hyundai Accent 1.4 MT 2015,255 triệu,2015,Xe cũ,Nhập khẩu,140.000 km,Hải Phòng,An Lão,Số sàn,Máy xăng,VNĐ,ThángNăm,ThángNăm,"Trả góp đều hàng thángTrả góp đều, lãi tính trên dư nợ giảm dần hàng tháng",VNĐ,Sedan,,,,,,,,,,
Toyota Fortuner 2020,829 triệu,2020,Xe cũ,Trong nước,102.000 km,Hà Nội,Cầu Giấy,Số tự động,Máy dầu,VNĐ,ThángNăm,ThángNăm,"Trả góp đều hàng thángTrả góp đều, lãi tính trên dư nợ giảm dần hàng tháng",VNĐ,SUV,,,,,,,,,,
Toyota Yaris Cross Xăng 2024,655 triệu,2024,Xe cũ,Nhập khẩu,20.000 km,Hà Nội,Long Biên,Số tự động,Máy xăng,VNĐ,ThángNăm,ThángNăm,"Trả góp đều hàng thángTrả góp đều, lãi tính trên dư nợ giảm dần hàng tháng",VNĐ,Crossover,,,,,,,,,,
Volkswagen Viloran Luxury 2023,2 tỉ 050 triệu,2023,Xe cũ,Nhập khẩu,35.000 km,Hà Nội,Ba Đình,Số tự động,Máy xăng,VNĐ,ThángNăm,ThángNăm,"Trả góp đều hàng thángTrả góp đều, lãi tính trên dư nợ giảm dần hàng tháng",VNĐ,MPV,,,,,,,,,,
Toyota Vios 1.5G AT 2020,415 triệu,2020,Xe cũ,Nhập khẩu,21.846 km,Tp.HCM,Gò Vấp,Số tự động,Máy xăng,VNĐ,ThángNăm,ThángNăm,"Trả góp đều hàng thángTrả góp đều, lãi tính trên dư nợ giảm dần hàng tháng",VNĐ,Sedan,,,,,,,,,,
Kia Carnival 3.5G Signature 2021,1 tỉ 120 triệu,2021,Xe cũ,Trong nước,55.000 km,Tp.HCM,Thủ Đức,Số tự động,Máy xăng,VNĐ,ThángNăm,ThángNăm,"Trả góp đều hàng thángTrả góp đều, lãi tính trên dư nợ giảm dần hàng tháng",VNĐ,MPV,,,,,,,,,,
BMW X6 xDrive30d 2014,990 triệu,2014,Xe cũ,Nhập khẩu,100.000 km,Phú Thọ,Đoan Hùng,Số tự động,Máy dầu,VNĐ,ThángNăm,ThángNăm,"Trả góp đều hàng thángTrả góp đều, lãi tính trên dư nợ giảm dần hàng tháng",VNĐ,SUV,,,,,,,,,,
BMW X6 xDrive40i Msport 2021,3 tỉ 179 triệu,2021,Xe cũ,Nhập khẩu,21.000 km,Tp.HCM,Quận 7,Số tự động,Máy xăng,VNĐ,ThángNăm,ThángNăm,"Trả góp đều hàng thángTrả góp đều, lãi tính trên dư nợ giảm dần hàng tháng",VNĐ,SUV,,,,,,,,,,
Kia Carnival 2.2D Luxury 2023,1 tỉ 155 triệu,2023,Xe cũ,Trong nước,46.000 km,Hà Nội,Long Biên,Số tự động,Máy dầu,VNĐ,ThángNăm,ThángNăm,"Trả góp đều hàng thángTrả góp đều, lãi tính trên dư nợ giảm dần hàng tháng",VNĐ,MPV,,,,,,,,,,
Mercedes-Benz GLC 200 4Matic 2021,1 tỉ 387 triệu,2021,Xe cũ,Trong nước,88.000 km,Tp.HCM,Bình Tân,Số tự động,Máy xăng,VNĐ,ThángNăm,ThángNăm,"Trả góp đều hàng thángTrả góp đều, lãi tính trên dư nợ giảm dần hàng tháng",VNĐ,SUV,,,,,,,,,,
Mercedes-Benz GLC 200 4Matic 2022,1 tỉ 399 triệu,2022,Xe cũ,Trong nước,45.000 km,Tp.HCM,Quận 7,Số tự động,Máy xăng,VNĐ,ThángNăm,ThángNăm,"Trả góp đều hàng thángTrả góp đều, lãi tính trên dư nợ giảm dần hàng tháng",VNĐ,SUV,,,,,,,,,,
Honda Jazz VX 2019,389 triệu,2019,Xe cũ,Nhập khẩu,56.000 km,Hà Nội,Đống Đa,Số tự động,Máy xăng,VNĐ,ThángNăm,ThángNăm,"Trả góp đều hàng thángTrả góp đều, lãi tính trên dư nợ giảm dần hàng tháng",VNĐ,Hatchback,,,,,,,,,,
Toyota Innova 2.0E 2013,255 triệu,2013,Xe cũ,Trong nước,130.000 km,Hà Nội,Thanh Xuân,Số sàn,Máy xăng,VNĐ,ThángNăm,ThángNăm,"Trả góp đều hàng thángTrả góp đều, lãi tính trên dư nợ giảm dần hàng tháng",VNĐ,MPV,,,,,,,,,,
Mercedes-Benz GLC 200 4Matic 2022,1 tỉ 699 triệu,2022,Xe cũ,Trong nước,24.000 km,Hà Nội,Long Biên,Số tự động,Máy xăng,VNĐ,ThángNăm,ThángNăm,"Trả góp đều hàng thángTrả góp đều, lãi tính trên dư nợ giảm dần hàng tháng",VNĐ,,,,,,,,,,,
Mercedes-Benz GLC 300 2023,2 tỉ 388 triệu,2023,Xe cũ,Trong nước,9.000 km,Tp.HCM,Quận 7,Số tự động,Máy xăng,VNĐ,ThángNăm,ThángNăm,"Trả góp đều hàng thángTrả góp đều, lãi tính trên dư nợ giảm dần hàng tháng",VNĐ,,,,,,,,,,,
Ford Focus Titanium 2015,290 triệu,2015,Xe cũ,Nhập khẩu,101.000 km,Tp.HCM,,Số tự động,Máy xăng,VNĐ,ThángNăm,ThángNăm,"Trả góp đều hàng thángTrả góp đều, lãi tính trên dư nợ giảm dần hàng tháng",VNĐ,Sedan,,,,,,,,,,
Mitsubishi Outlander 2.0 CVT 2022,688 triệu,2022,Xe cũ,Trong nước,40.000 km,Đồng Nai,,Số tự động,Máy xăng,VNĐ,ThángNăm,ThángNăm,"Trả góp đều hàng thángTrả góp đều, lãi tính trên dư nợ giảm dần hàng tháng",VNĐ,SUV,,,,,,,,,,
Mitsubishi Xpander Cross 1.5 AT 2022,565 triệu,2022,Xe cũ,Nhập khẩu,60.000 km,Tp.HCM,,Số tự động,Máy xăng,VNĐ,ThángNăm,ThángNăm,"Trả góp đều hàng thángTrả góp đều, lãi tính trên dư nợ giảm dần hàng tháng",VNĐ,MPV,,,,,,,,,,
Mitsubishi Xpander 1.5 AT  2022,500 triệu,2022,Xe cũ,Nhập khẩu,50.000 km,Hà Nội,Thanh Xuân,Số tự động,Máy xăng,VNĐ,ThángNăm,ThángNăm,"Trả góp đều hàng thángTrả góp đều, lãi tính trên dư nợ giảm dần hàng tháng",VNĐ,MPV,,,,,,,,,,
Porsche Macan  2016,1 tỉ 499 triệu,2016,Xe cũ,Nhập khẩu,50.000 km,Hà Nội,Long Biên,Số tự động,Máy xăng,VNĐ,ThángNăm,ThángNăm,"Trả góp đều hàng thángTrả góp đều, lãi tính trên dư nợ giảm dần hàng tháng",VNĐ,SUV,,,,,,,,,,
Mitsubishi Outlander 2.0 CVT 2021,679 triệu,2021,Xe cũ,Nhập khẩu,20.000 km,Tp.HCM,Quận 8,Số tự động,Máy xăng,VNĐ,ThángNăm,ThángNăm,"Trả góp đều hàng thángTrả góp đều, lãi tính trên dư nợ giảm dần hàng tháng",VNĐ,SUV,,,,,,,,,,
Hyundai Accent 2023,415 triệu,2023,Xe cũ,Trong nước,70.000 km,Bình Dương,Dĩ An,Số tự động,Máy xăng,VNĐ,ThángNăm,ThángNăm,"Trả góp đều hàng thángTrả góp đều, lãi tính trên dư nợ giảm dần hàng tháng",VNĐ,Sedan,,,,,,,,,,
Toyota Vios 1.5G AT 2020,420 triệu,2020,Xe cũ,Nhập khẩu,21.800 km,Tp.HCM,Gò Vấp,Số tự động,Máy xăng,VNĐ,ThángNăm,ThángNăm,"Trả góp đều hàng thángTrả góp đều, lãi tính trên dư nợ giảm dần hàng tháng",VNĐ,Sedan,,,,,,,,,,
Nissan Navara 2.5 AT 2018,415 triệu,2018,Xe cũ,Trong nước,120.000 km,Hà Nội,Hà Đông,Số tự động,Máy dầu,VNĐ,ThángNăm,ThángNăm,"Trả góp đều hàng thángTrả góp đều, lãi tính trên dư nợ giảm dần hàng tháng",VNĐ,Bán tải,,,,,,,,,,
Ford Everest Titanium 2.0 AT 4x2 2023,1 tỉ 199 triệu,2023,Xe cũ,Nhập khẩu,13.000 km,Hải Dương,Hải Dương,Số tự động,Máy dầu,VNĐ,ThángNăm,ThángNăm,"Trả góp đều hàng thángTrả góp đều, lãi tính trên dư nợ giảm dần hàng tháng",VNĐ,SUV,,,,,,,,,,
Kia Morning Si 1.25 AT 2016,259 triệu,2016,Xe cũ,Trong nước,80.000 km,Hà Nội,Sóc Sơn,Số tự động,Máy xăng,VNĐ,ThángNăm,ThángNăm,"Trả góp đều hàng thángTrả góp đều, lãi tính trên dư nợ giảm dần hàng tháng",VNĐ,Hatchback,,,,,,,,,,
Toyota Innova 2.0E 2022,615 triệu,2022,Xe cũ,Trong nước,30.000 km,Tp.HCM,Thủ Đức,Số sàn,Máy xăng,VNĐ,ThángNăm,ThángNăm,"Trả góp đều hàng thángTrả góp đều, lãi tính trên dư nợ giảm dần hàng tháng",VNĐ,MPV,,,,,,,,,,
Ford Ranger XLS 2.0L 4x2 AT 2020,495 triệu,2020,Xe cũ,Nhập khẩu,98.000 km,Tp.HCM,Tân Phú,Số tự động,Máy xăng,VNĐ,ThángNăm,ThángNăm,"Trả góp đều hàng thángTrả góp đều, lãi tính trên dư nợ giảm dần hàng tháng",VNĐ,Bán tải,,,,,,,,,,
MG 5 1.5L Luxury 2023,430 triệu,2023,Xe cũ,Nhập khẩu,45.000 km,Hà Nội,Cầu Giấy,Số tự động,Máy xăng,VNĐ,ThángNăm,ThángNăm,"Trả góp đều hàng thángTrả góp đều, lãi tính trên dư nợ giảm dần hàng tháng",VNĐ,SUV,,,,,,,,,,
Porsche Taycan 4S 2021,4 tỉ 300 triệu,2021,Xe cũ,Nhập khẩu,21.000 km,Hà Nội,Bắc Từ Liêm,Số tự động,Điện,VNĐ,ThángNăm,ThángNăm,"Trả góp đều hàng thángTrả góp đều, lãi tính trên dư nợ giảm dần hàng tháng",VNĐ,Sedan,,,,,,,,,,
Mitsubishi Xforce GLX 2024,549 triệu,2024,Xe cũ,Nhập khẩu,34.000 km,Bà Rịa Vũng Tàu,Bà Rịa,Số tự động,Máy xăng,VNĐ,ThángNăm,ThángNăm,"Trả góp đều hàng thángTrả góp đều, lãi tính trên dư nợ giảm dần hàng tháng",VNĐ,SUV,,,,,,,,,,
Ford Transit 2015,300 triệu,2015,Xe cũ,Trong nước,30.000 km,Nghệ An,,Số sàn,Máy dầu,VNĐ,ThángNăm,ThángNăm,"Trả góp đều hàng thángTrả góp đều, lãi tính trên dư nợ giảm dần hàng tháng",VNĐ,Van/Minivan,,,,,,,,,,
Peugeot 2008 GT Line 2021,609 triệu,2021,Xe cũ,Nhập khẩu,38.000 km,Hà Nội,Cầu Giấy,Số tự động,Máy xăng,VNĐ,ThángNăm,ThángNăm,"Trả góp đều hàng thángTrả góp đều, lãi tính trên dư nợ giảm dần hàng tháng",VNĐ,Crossover,,,,,,,,,,
Mercedes-Benz GLC 250 4Matic 2016,839 triệu,2016,Xe cũ,Nhập khẩu,60.000 km,Tp.HCM,Thủ Đức,Số tự động,Máy xăng,VNĐ,ThángNăm,ThángNăm,"Trả góp đều hàng thángTrả góp đều, lãi tính trên dư nợ giảm dần hàng tháng",VNĐ,SUV,,,,,,,,,,
Mercedes-Benz C300 AMG 2022,1 tỉ 839 triệu,2022,Xe cũ,Trong nước,26.000 km,Tp.HCM,Quận 7,Số tự động,Máy xăng,VNĐ,ThángNăm,ThángNăm,"Trả góp đều hàng thángTrả góp đều, lãi tính trên dư nợ giảm dần hàng tháng",VNĐ,Sedan,,,,,,,,,,
Ford Everest Titanium 2.0 AT 4x2 2021,930 triệu,2021,Xe cũ,Trong nước,56.000 km,Tp.HCM,Tân Phú,Số tự động,Máy dầu,VNĐ,ThángNăm,ThángNăm,"Trả góp đều hàng thángTrả góp đều, lãi tính trên dư nợ giảm dần hàng tháng",VNĐ,,,,,,,,,,,
VinFast LUX A2.0 Cao cấp 2021,630 triệu,2021,Xe cũ,Trong nước,50.000 km,Hà Nội,Bắc Từ Liêm,Số tự động,Máy xăng,VNĐ,ThángNăm,ThángNăm,"Trả góp đều hàng thángTrả góp đều, lãi tính trên dư nợ giảm dần hàng tháng",VNĐ,Sedan,,,,,,,,,,
Audi A6 2.0 TFSI 2013,420 triệu,2013,Xe cũ,Nhập khẩu,70.000 km,Tp.HCM,Quận 7,Số tự động,Máy xăng,VNĐ,ThángNăm,ThángNăm,"Trả góp đều hàng thángTrả góp đều, lãi tính trên dư nợ giảm dần hàng tháng",VNĐ,Sedan,,,,,,,,,,
Hyundai Verna 2010,180 triệu,2010,Xe cũ,Nhập khẩu,177.578 km,Hà Nội,Thường Tín,Số tự động,Máy xăng,VNĐ,ThángNăm,ThángNăm,"Trả góp đều hàng thángTrả góp đều, lãi tính trên dư nợ giảm dần hàng tháng",VNĐ,Crossover,,,,,,,,,,
Mercedes-Benz E180 1.5 I4 2020,999 triệu,2020,Xe cũ,Trong nước,55.000 km,Hà Nội,Long Biên,Số tự động,Máy xăng,VNĐ,ThángNăm,ThángNăm,"Trả góp đều hàng thángTrả góp đều, lãi tính trên dư nợ giảm dần hàng tháng",VNĐ,Sedan,,,,,,,,,,
Lexus GX 470 2007,650 triệu,2007,Xe cũ,Nhập khẩu,162.000 km,Hà Nội,Thanh Xuân,Số tự động,Máy xăng,VNĐ,ThángNăm,ThángNăm,"Trả góp đều hàng thángTrả góp đều, lãi tính trên dư nợ giảm dần hàng tháng",VNĐ,,,,,,,,,,,
Toyota Land Cruiser Prado VX 2019,1 tỉ 930 triệu,2019,Xe cũ,Nhập khẩu,85.981 km,Hà Nội,Thanh Xuân,Số tự động,Máy xăng,VNĐ,ThángNăm,ThángNăm,"Trả góp đều hàng thángTrả góp đều, lãi tính trên dư nợ giảm dần hàng tháng",VNĐ,SUV,,,,,,,,,,
Mercedes-Benz GLC 200 4Matic 2021,1 tỉ 389 triệu,2021,Xe cũ,Trong nước,55.000 km,Tp.HCM,Quận 7,Số tự động,Máy xăng,VNĐ,ThángNăm,ThángNăm,"Trả góp đều hàng thángTrả góp đều, lãi tính trên dư nợ giảm dần hàng tháng",VNĐ,,,,,,,,,,,
Mercedes-Benz GLC 300 4Matic 2023,2 tỉ 479 triệu,2023,Xe cũ,Nhập khẩu,12.700 km,Tp.HCM,Quận 7,Số tự động,Hybrid,VNĐ,ThángNăm,ThángNăm,"Trả góp đều hàng thángTrả góp đều, lãi tính trên dư nợ giảm dần hàng tháng",VNĐ,SUV,,,,,,,,,,
Lexus RX 350 2009,879 triệu,2009,Xe cũ,Nhập khẩu,48.280 km,Hà Nội,Cầu Giấy,Số tự động,Máy xăng,VNĐ,ThángNăm,ThángNăm,"Trả góp đều hàng thángTrả góp đều, lãi tính trên dư nợ giảm dần hàng tháng",VNĐ,SUV,,,,,,,,,,
Toyota Vios 1.5E MT 2018,268 triệu,2018,Xe cũ,Trong nước,90.000 km,Bình Dương,Thuận An,Số sàn,Máy xăng,VNĐ,ThángNăm,ThángNăm,"Trả góp đều hàng thángTrả góp đều, lãi tính trên dư nợ giảm dần hàng tháng",VNĐ,Sedan,,,,,,,,,,
Kia Seltos 1.4 Premium 2022,645 triệu,2022,Xe cũ,Trong nước,40.000 km,Hải Phòng,Ngô Quyền,Số tự động,Máy xăng,VNĐ,ThángNăm,ThángNăm,"Trả góp đều hàng thángTrả góp đều, lãi tính trên dư nợ giảm dần hàng tháng",VNĐ,SUV,,,,,,,,,,
Kia Sonet 1.5 Luxury 2023,554 triệu,2023,Xe cũ,Trong nước,16.000 km,Tp.HCM,Tân Phú,Số tự động,Máy xăng,VNĐ,ThángNăm,ThángNăm,"Trả góp đều hàng thángTrả góp đều, lãi tính trên dư nợ giảm dần hàng tháng",VNĐ,SUV,,,,,,,,,,
Ford Transit SVP Bản trung 2019,470 triệu,2019,Xe cũ,Trong nước,80.000 km,Hà Nội,Đông Anh,Số sàn,Máy dầu,VNĐ,ThángNăm,ThángNăm,"Trả góp đều hàng thángTrả góp đều, lãi tính trên dư nợ giảm dần hàng tháng",VNĐ,Van/Minivan,,,,,,,,,,
Suzuki Ertiga 2017,325 triệu,2017,Xe cũ,Nhập khẩu,100.000 km,Bình Dương,Thuận An,Số tự động,Máy xăng,VNĐ,ThángNăm,ThángNăm,"Trả góp đều hàng thángTrả góp đều, lãi tính trên dư nợ giảm dần hàng tháng",VNĐ,,,,,,,,,,,
Chevrolet Cruze LT 1.6 2017,250 triệu,2017,Xe cũ,Trong nước,76.000 km,Tp.HCM,Thủ Đức,Số sàn,Máy xăng,VNĐ,ThángNăm,ThángNăm,"Trả góp đều hàng thángTrả góp đều, lãi tính trên dư nợ giảm dần hàng tháng",VNĐ,Sedan,,,,,,,,,,
Mercedes-Benz S450L 2019,2 tỉ 050 triệu,2019,Xe cũ,Nhập khẩu,28.000 km,Tp.HCM,Gò Vấp,Số tự động,Máy xăng,VNĐ,ThángNăm,ThángNăm,"Trả góp đều hàng thángTrả góp đều, lãi tính trên dư nợ giảm dần hàng tháng",VNĐ,Sedan,,,,,,,,,,
Ford Ranger XLS 2.2 4x2 AT 2021,565 triệu,2021,Xe cũ,Nhập khẩu,99.000 km,Tp.HCM,Tân Phú,Số tự động,Máy dầu,VNĐ,ThángNăm,ThángNăm,"Trả góp đều hàng thángTrả góp đều, lãi tính trên dư nợ giảm dần hàng tháng",VNĐ,Bán tải,,,,,,,,,,
Toyota Camry 2.5Q 2019,888 triệu,2019,Xe cũ,Trong nước,50.000 km,Hà Nội,Nam Từ Liêm,Số tự động,Máy xăng,VNĐ,ThángNăm,ThángNăm,"Trả góp đều hàng thángTrả góp đều, lãi tính trên dư nợ giảm dần hàng tháng",VNĐ,Sedan,,,,,,,,,,
Mercedes-Benz GLC 300 4Matic V1 2022,1 tỉ 888 triệu,2022,Xe cũ,Nhập khẩu,32.000 km,Tp.HCM,Quận 7,Số tự động,Máy xăng,VNĐ,ThángNăm,ThángNăm,"Trả góp đều hàng thángTrả góp đều, lãi tính trên dư nợ giảm dần hàng tháng",VNĐ,SUV,,,,,,,,,,
Nissan Navara E 2018,410 triệu,2018,Xe cũ,,,Ninh Bình,,Số tự động,Máy xăng,VNĐ,ThángNăm,ThángNăm,"Trả góp đều hàng thángTrả góp đều, lãi tính trên dư nợ giảm dần hàng tháng",VNĐ,Bán tải,,,,,,,,,,
Mercedes-Benz C200 Edition C 2014,385 triệu,2014,Xe cũ,Trong nước,110.000 km,Hà Nội,Nam Từ Liêm,Số tự động,Máy xăng,VNĐ,ThángNăm,ThángNăm,"Trả góp đều hàng thángTrả góp đều, lãi tính trên dư nợ giảm dần hàng tháng",VNĐ,Sedan,,,,,,,,,,
Kia Morning Standard MT 2009,130 triệu,2009,Xe cũ,Nhập khẩu,150.000 km,Long An,,Số sàn,Máy xăng,VNĐ,ThángNăm,ThángNăm,"Trả góp đều hàng thángTrả góp đều, lãi tính trên dư nợ giảm dần hàng tháng",VNĐ,Hatchback,,,,,,,,,,
Suzuki XL7 GLX 2022,485 triệu,2022,Xe cũ,Nhập khẩu,42.000 km,Tp.HCM,Thủ Đức,Số tự động,Máy xăng,VNĐ,ThángNăm,ThángNăm,"Trả góp đều hàng thángTrả góp đều, lãi tính trên dư nợ giảm dần hàng tháng",VNĐ,MPV,,,,,,,,,,
Mercedes-Benz GLC 300 4Matic V1 2022,1 tỉ 889 triệu,2022,Xe cũ,Trong nước,32.000 km,Tp.HCM,Quận 7,Số tự động,Máy xăng,VNĐ,ThángNăm,ThángNăm,"Trả góp đều hàng thángTrả góp đều, lãi tính trên dư nợ giảm dần hàng tháng",VNĐ,SUV,,,,,,,,,,
Mercedes-Benz GLC 300 4Matic 2023,2 tỉ 399 triệu,2023,Xe cũ,Trong nước,15.000 km,Hà Nội,Long Biên,Số tự động,Máy xăng,VNĐ,ThángNăm,ThángNăm,"Trả góp đều hàng thángTrả góp đều, lãi tính trên dư nợ giảm dần hàng tháng",VNĐ,SUV,,,,,,,,,,
Hyundai Santa Fe 2.2 Dầu Đặc biệt 2022,1 tỉ 160 triệu,2022,Xe cũ,Trong nước,58.000 km,Phú Thọ,Đoan Hùng,Số tự động,Máy dầu,VNĐ,ThángNăm,ThángNăm,"Trả góp đều hàng thángTrả góp đều, lãi tính trên dư nợ giảm dần hàng tháng",VNĐ,SUV,,,,,,,,,,
Toyota Raize 2022,479 triệu,2022,Xe cũ,Nhập khẩu,20.000 km,Tp.HCM,Quận 8,Số tự động,Máy xăng,VNĐ,ThángNăm,ThángNăm,"Trả góp đều hàng thángTrả góp đều, lãi tính trên dư nợ giảm dần hàng tháng",VNĐ,Crossover,,,,,,,,,,
Mazda 2 Sedan 1.5L Luxury 2022,410 triệu,2022,Xe cũ,Trong nước,50.000 km,Hà Nội,Sóc Sơn,Số tự động,Máy xăng,VNĐ,ThángNăm,ThángNăm,"Trả góp đều hàng thángTrả góp đều, lãi tính trên dư nợ giảm dần hàng tháng",VNĐ,Sedan,,,,,,,,,,
Ford Ranger XLS 2.0L 4x2 AT 2022,575 triệu,2022,Xe cũ,Trong nước,60.000 km,Tp.HCM,Tân Phú,Số tự động,Máy xăng,VNĐ,ThángNăm,ThángNăm,"Trả góp đều hàng thángTrả góp đều, lãi tính trên dư nợ giảm dần hàng tháng",VNĐ,Bán tải,,,,,,,,,,
Mazda 3 2019,468 triệu,2019,Xe cũ,Trong nước,70.000 km,Hà Nội,Cầu Giấy,Số tự động,Máy xăng,VNĐ,ThángNăm,ThángNăm,"Trả góp đều hàng thángTrả góp đều, lãi tính trên dư nợ giảm dần hàng tháng",VNĐ,Hatchback,,,,,,,,,,
Toyota Vios 1.5 G CVT 2021,423 triệu,2021,Xe cũ,Trong nước,67.000 km,Hà Nội,Cầu Giấy,Số tự động,Máy xăng,VNĐ,ThángNăm,ThángNăm,"Trả góp đều hàng thángTrả góp đều, lãi tính trên dư nợ giảm dần hàng tháng",VNĐ,Sedan,,,,,,,,,,
Honda CR-V 1.5 L 2022,910 triệu,2022,Xe cũ,Trong nước,29.109 km,Hà Nội,Thanh Xuân,Số tự động,Máy xăng,VNĐ,ThángNăm,ThángNăm,"Trả góp đều hàng thángTrả góp đều, lãi tính trên dư nợ giảm dần hàng tháng",VNĐ,SUV,,,,,,,,,,
Hyundai i30 CW 1.6 AT 2009,230 triệu,2009,Xe cũ,Nhập khẩu,86.000 km,Hưng Yên,Khoái Châu,Số tự động,Máy xăng,VNĐ,ThángNăm,ThángNăm,"Trả góp đều hàng thángTrả góp đều, lãi tính trên dư nợ giảm dần hàng tháng",VNĐ,Hatchback,,,,,,,,,,
Kia Sorento 2WD 2.4 GAT 2016,435 triệu,2016,Xe cũ,Trong nước,84.000 km,Hà Nội,Cầu Giấy,Số tự động,Máy xăng,VNĐ,ThángNăm,ThángNăm,"Trả góp đều hàng thángTrả góp đều, lãi tính trên dư nợ giảm dần hàng tháng",VNĐ,SUV,,,,,,,,,,
Toyota Vios 1.5E MT 2023,390 triệu,2023,Xe cũ,Trong nước,17.000 km,Tp.HCM,,Số sàn,Máy xăng,VNĐ,ThángNăm,ThángNăm,"Trả góp đều hàng thángTrả góp đều, lãi tính trên dư nợ giảm dần hàng tháng",VNĐ,Sedan,,,,,,,,,,
Ford Ranger Wildtrak 2.0L 4x4 AT 2020,675 triệu,2020,Xe cũ,Trong nước,70.000 km,Hà Nội,Tây Hồ,Số tự động,Máy dầu,VNĐ,ThángNăm,ThángNăm,"Trả góp đều hàng thángTrả góp đều, lãi tính trên dư nợ giảm dần hàng tháng",VNĐ,Bán tải,,,,,,,,,,
Ford Ranger XL 2.5 4X2 MT 2023,590 triệu,2023,Xe cũ,Trong nước,20.000 km,Tp.HCM,Quận 7,Số sàn,Máy dầu,VNĐ,ThángNăm,ThángNăm,"Trả góp đều hàng thángTrả góp đều, lãi tính trên dư nợ giảm dần hàng tháng",VNĐ,Bán tải,,,,,,,,,,
Toyota Innova 2.0E 2018,440 triệu,2018,Xe cũ,Trong nước,100.456 km,Bình Dương,Thuận An,Số sàn,Máy xăng,VNĐ,ThángNăm,ThángNăm,"Trả góp đều hàng thángTrả góp đều, lãi tính trên dư nợ giảm dần hàng tháng",VNĐ,MPV,,,,,,,,,,
MG 5 LUX 2024,460 triệu,2024,Xe cũ,Trong nước,19.000 km,Tp.HCM,Bình Tân,Số tự động,Máy xăng,VNĐ,ThángNăm,ThángNăm,"Trả góp đều hàng thángTrả góp đều, lãi tính trên dư nợ giảm dần hàng tháng",VNĐ,Sedan,,,,,,,,,,
Kia Seltos 1.4 Premium 2021,590 triệu,2021,Xe cũ,Trong nước,58.000 km,Hà Nội,Bắc Từ Liêm,Số tự động,Máy xăng,VNĐ,ThángNăm,ThángNăm,"Trả góp đều hàng thángTrả góp đều, lãi tính trên dư nợ giảm dần hàng tháng",VNĐ,SUV,,,,,,,,,,
Mitsubishi Triton 4×4 AT MIVEC PREMIUM 2021,630 triệu,2021,Xe cũ,Nhập khẩu,80.000 km,Hà Nội,Nam Từ Liêm,Số tự động,Máy dầu,VNĐ,ThángNăm,ThángNăm,"Trả góp đều hàng thángTrả góp đều, lãi tính trên dư nợ giảm dần hàng tháng",VNĐ,Bán tải,,,,,,,,,,
Toyota Hilux 2.4E 4×2 AT 2020,595 triệu,2020,Xe cũ,Nhập khẩu,54.000 km,Đắk Lắk,Buôn Ma Thuột,Số tự động,Máy dầu,VNĐ,ThángNăm,ThángNăm,"Trả góp đều hàng thángTrả góp đều, lãi tính trên dư nợ giảm dần hàng tháng",VNĐ,Bán tải,,,,,,,,,,
Lexus ES 250 F-Sport 2022,2 tỉ 190 triệu,2022,Xe cũ,Nhập khẩu,28.000 km,Tp.HCM,Quận 8,Số tự động,Máy xăng,VNĐ,ThángNăm,ThángNăm,"Trả góp đều hàng thángTrả góp đều, lãi tính trên dư nợ giảm dần hàng tháng",VNĐ,Sedan,,,,,,,,,,
Kia Carens S 2.0 AT 2010,205 triệu,2010,Xe cũ,Trong nước,140.000 km,Hưng Yên,Khoái Châu,Số tự động,Máy xăng,VNĐ,ThángNăm,ThángNăm,"Trả góp đều hàng thángTrả góp đều, lãi tính trên dư nợ giảm dần hàng tháng",VNĐ,MPV,,,,,,,,,,
Lexus LM500h 2024,9 tỉ 099 triệu,2024,Xe cũ,Nhập khẩu,1.000 km,Tp.HCM,Quận 7,Số tự động,Máy xăng,VNĐ,ThángNăm,ThángNăm,"Trả góp đều hàng thángTrả góp đều, lãi tính trên dư nợ giảm dần hàng tháng",VNĐ,,,,,,,,,,,
Kia Sorento 2.2 DAT Premium 2024,1 tỉ 138 triệu,2024,Xe cũ,Trong nước,7.000 km,Hà Nội,Cầu Giấy,Số tự động,Máy dầu,VNĐ,ThángNăm,ThángNăm,"Trả góp đều hàng thángTrả góp đều, lãi tính trên dư nợ giảm dần hàng tháng",VNĐ,SUV,,,,,,,,,,
Mercedes-Benz C200 2001,59 triệu,2001,Xe cũ,Nhập khẩu,110.000 km,Hà Tĩnh,Hà Tĩnh,Số tự động,Máy xăng,VNĐ,ThángNăm,ThángNăm,"Trả góp đều hàng thángTrả góp đều, lãi tính trên dư nợ giảm dần hàng tháng",VNĐ,Sedan,,,,,,,,,,
Mazda CX-8 Premium 2020,739 triệu,2020,Xe cũ,Trong nước,62.000 km,Tp.HCM,Hóc Môn,Số tự động,Máy xăng,VNĐ,ThángNăm,ThángNăm,"Trả góp đều hàng thángTrả góp đều, lãi tính trên dư nợ giảm dần hàng tháng",VNĐ,SUV,,,,,,,,,,
Honda CR-V 1.5 L 2018,638 triệu,2018,Xe cũ,Nhập khẩu,140.000 km,Tp.HCM,,Số tự động,Máy xăng,VNĐ,ThángNăm,ThángNăm,"Trả góp đều hàng thángTrả góp đều, lãi tính trên dư nợ giảm dần hàng tháng",VNĐ,SUV,,,,,,,,,,
Kia Sportage 2.0G Luxury 2015,465 triệu,2015,Xe cũ,Nhập khẩu,93.000 km,Hà Nội,Long Biên,Số tự động,Máy xăng,VNĐ,ThángNăm,ThángNăm,"Trả góp đều hàng thángTrả góp đều, lãi tính trên dư nợ giảm dần hàng tháng",VNĐ,SUV,,,,,,,,,,
Toyota Vios 2020,262 triệu,2020,Xe cũ,Trong nước,100.000 km,Hà Nội,Hà Đông,Số sàn,Máy xăng,VNĐ,ThángNăm,ThángNăm,"Trả góp đều hàng thángTrả góp đều, lãi tính trên dư nợ giảm dần hàng tháng",VNĐ,Sedan,,,,,,,,,,
Mercedes-Benz Maybach S450 4Matic 2018,3 tỉ 400 triệu,2018,Xe cũ,Nhập khẩu,36.000 km,Tp.HCM,Gò Vấp,Số tự động,Máy xăng,VNĐ,ThángNăm,ThángNăm,"Trả góp đều hàng thángTrả góp đều, lãi tính trên dư nợ giảm dần hàng tháng",VNĐ,Sedan,,,,,,,,,,
Toyota Land Cruiser VXS V8 5.7L 2021,4 tỉ 539 triệu,2021,Xe cũ,Nhập khẩu,60.000 km,Hà Nội,Cầu Giấy,Số tự động,Máy xăng,VNĐ,ThángNăm,ThángNăm,"Trả góp đều hàng thángTrả góp đều, lãi tính trên dư nợ giảm dần hàng tháng",VNĐ,SUV,,,,,,,,,,
Land Rover Range Rover Autobiography 3.0L P400 2020,6 tỉ 380 triệu,2020,Xe cũ,Nhập khẩu,40.000 km,Hà Nội,Long Biên,Số tự động,Máy xăng,VNĐ,ThángNăm,ThángNăm,"Trả góp đều hàng thángTrả góp đều, lãi tính trên dư nợ giảm dần hàng tháng",VNĐ,SUV,,,,,,,,,,
BMW 740Li 2020,2 tỉ 700 triệu,2020,Xe cũ,Nhập khẩu,78.000 km,Tp.HCM,Bình Thạnh,Số tự động,Máy xăng,VNĐ,ThángNăm,ThángNăm,"Trả góp đều hàng thángTrả góp đều, lãi tính trên dư nợ giảm dần hàng tháng",VNĐ,Sedan,,,,,,,,,,
Hyundai Tucson 2.0 Đặc biệt 2017,625 triệu,2017,Xe cũ,Nhập khẩu,98.000 km,Hà Nội,Thanh Xuân,Số tự động,Máy xăng,VNĐ,ThángNăm,ThángNăm,"Trả góp đều hàng thángTrả góp đều, lãi tính trên dư nợ giảm dần hàng tháng",VNĐ,SUV,,,,,,,,,,
Hyundai Santa Fe 2011,450 triệu,2011,Xe cũ,Trong nước,150.000 km,Gia Lai,Plei Ku,Số tự động,Máy xăng,VNĐ,ThángNăm,ThángNăm,"Trả góp đều hàng thángTrả góp đều, lãi tính trên dư nợ giảm dần hàng tháng",VNĐ,SUV,,,,,,,,,,
Hyundai Tucson 2.0 Tiêu chuẩn 2019,595 triệu,2019,Xe cũ,Trong nước,60.000 km,Hà Nội,Cầu Giấy,Số tự động,Máy xăng,VNĐ,ThángNăm,ThángNăm,"Trả góp đều hàng thángTrả góp đều, lãi tính trên dư nợ giảm dần hàng tháng",VNĐ,SUV,,,,,,,,,,
BMW X7 xDrive40i Msport 2022,4 tỉ 399 triệu,2022,Xe cũ,Nhập khẩu,32.000 km,Hà Nội,Bắc Từ Liêm,Số tự động,Máy xăng,VNĐ,ThángNăm,ThángNăm,"Trả góp đều hàng thángTrả góp đều, lãi tính trên dư nợ giảm dần hàng tháng",VNĐ,SUV,,,,,,,,,,
Toyota Hiace 2.8 MT 2009,265 triệu,2009,Xe cũ,Trong nước,140.000 km,Hà Nội,Hà Đông,Số sàn,Máy dầu,VNĐ,ThángNăm,ThángNăm,"Trả góp đều hàng thángTrả góp đều, lãi tính trên dư nợ giảm dần hàng tháng",VNĐ,Van/Minivan,,,,,,,,,,
Mercedes-Benz E200 Exclusive V1 2023,1 tỉ 799 triệu,2023,Xe cũ,Trong nước,13.000 km,Hà Nội,Long Biên,Số tự động,Máy xăng,VNĐ,ThángNăm,ThángNăm,"Trả góp đều hàng thángTrả góp đều, lãi tính trên dư nợ giảm dần hàng tháng",VNĐ,,,,,,,,,,,
Kia Sorento 2.4 GATH Premium 2016,435 triệu,2016,Xe cũ,Trong nước,120.000 km,Hà Nội,Nam Từ Liêm,Số tự động,Máy xăng,VNĐ,ThángNăm,ThángNăm,"Trả góp đều hàng thángTrả góp đều, lãi tính trên dư nợ giảm dần hàng tháng",VNĐ,SUV,,,,,,,,,,
Honda CR-V 2.4L TG 2019,755 triệu,2019,Xe cũ,Nhập khẩu,86.000 km,Phú Thọ,Hạ Hòa,Số tự động,Máy xăng,VNĐ,ThángNăm,ThángNăm,"Trả góp đều hàng thángTrả góp đều, lãi tính trên dư nợ giảm dần hàng tháng",VNĐ,SUV,,,,,,,,,,
Mazda CX-5 2.5L Signature Premium AWD 2019,579 triệu,2019,Xe cũ,Trong nước,62.000 km,Long An,,Số tự động,Máy xăng,VNĐ,ThángNăm,ThángNăm,"Trả góp đều hàng thángTrả góp đều, lãi tính trên dư nợ giảm dần hàng tháng",VNĐ,SUV,,,,,,,,,,
Kia Rio 1.4 AT Hatchback 2013,265 triệu,2013,Xe cũ,Nhập khẩu,85.000 km,Tp.HCM,,Số tự động,Máy xăng,VNĐ,ThángNăm,ThángNăm,"Trả góp đều hàng thángTrả góp đều, lãi tính trên dư nợ giảm dần hàng tháng",VNĐ,Hatchback,,,,,,,,,,
Nissan X trail 2.5 SV 4WD Premium 2020,655 triệu,2020,Xe cũ,Trong nước,60.000 km,Hà Nội,Hoàng Mai,Số tự động,Máy xăng,VNĐ,ThángNăm,ThángNăm,"Trả góp đều hàng thángTrả góp đều, lãi tính trên dư nợ giảm dần hàng tháng",VNĐ,SUV,,,,,,,,,,
Mercedes-Benz C200 2.0 AT 2019,829 triệu,2019,Xe cũ,Trong nước,42.000 km,Hà Nội,Cầu Giấy,Số tự động,Máy xăng,VNĐ,ThángNăm,ThángNăm,"Trả góp đều hàng thángTrả góp đều, lãi tính trên dư nợ giảm dần hàng tháng",VNĐ,Sedan,,,,,,,,,,
Mitsubishi Attrage 1.2L MT 2023,315 triệu,2023,Xe cũ,Nhập khẩu,45.000 km,Hà Nội,Thanh Xuân,Số sàn,Máy xăng,VNĐ,ThángNăm,ThángNăm,"Trả góp đều hàng thángTrả góp đều, lãi tính trên dư nợ giảm dần hàng tháng",VNĐ,,,,,,,,,,,
Hyundai Accent 1.4 AT Đặc biệt 2021,435 triệu,2021,Xe cũ,Trong nước,60.000 km,Hà Nội,,Số tự động,Máy xăng,VNĐ,ThángNăm,ThángNăm,"Trả góp đều hàng thángTrả góp đều, lãi tính trên dư nợ giảm dần hàng tháng",VNĐ,Sedan,,,,,,,,,,
Volvo S90 2020,1 tỉ 439 triệu,2020,Xe cũ,Nhập khẩu,33.000 km,Tp.HCM,Quận 7,Số tự động,Máy xăng,VNĐ,ThángNăm,ThángNăm,"Trả góp đều hàng thángTrả góp đều, lãi tính trên dư nợ giảm dần hàng tháng",VNĐ,,,,,,,,,,,
Hyundai Elantra 1.8 MT 2020,398 triệu,2020,Xe cũ,Trong nước,66.000 km,Hải Phòng,An Lão,Số sàn,Máy xăng,VNĐ,ThángNăm,ThángNăm,"Trả góp đều hàng thángTrả góp đều, lãi tính trên dư nợ giảm dần hàng tháng",VNĐ,Sedan,,,,,,,,,,
Mazda 3 Luxury 2023,580 triệu,2023,Xe cũ,Nhập khẩu,25.000 km,Đà Nẵng,,Số tự động,Máy xăng,VNĐ,ThángNăm,ThángNăm,"Trả góp đều hàng thángTrả góp đều, lãi tính trên dư nợ giảm dần hàng tháng",VNĐ,Sedan,,,,,,,,,,
Hyundai Accent 1.4 AT 2014,248 triệu,2014,Xe cũ,Nhập khẩu,115.303 km,Hải Phòng,An Lão,Số tự động,Máy xăng,VNĐ,ThángNăm,ThángNăm,"Trả góp đều hàng thángTrả góp đều, lãi tính trên dư nợ giảm dần hàng tháng",VNĐ,Hatchback,,,,,,,,,,
Toyota Vios 1.5G AT 2019,420 triệu,2019,Xe cũ,Nhập khẩu,50.000 km,Khánh Hòa,,Số tự động,Máy xăng,VNĐ,ThángNăm,ThángNăm,"Trả góp đều hàng thángTrả góp đều, lãi tính trên dư nợ giảm dần hàng tháng",VNĐ,Sedan,,,,,,,,,,
Mercedes-Benz E200 Exclusive 2019,1 tỉ 049 triệu,2019,Xe cũ,Nhập khẩu,64.000 km,Tp.HCM,Quận 7,Số tự động,Máy xăng,VNĐ,ThángNăm,ThángNăm,"Trả góp đều hàng thángTrả góp đều, lãi tính trên dư nợ giảm dần hàng tháng",VNĐ,Sedan,,,,,,,,,,
Hyundai Kona 1.6 Turbo 2019,415 triệu,2019,Xe cũ,Nhập khẩu,70.000 km,Hà Nội,,Số tự động,Máy xăng,VNĐ,ThángNăm,ThángNăm,"Trả góp đều hàng thángTrả góp đều, lãi tính trên dư nợ giảm dần hàng tháng",VNĐ,Crossover,,,,,,,,,,
Land Rover Range Rover Evoque 2.0P HSE Dynamic 2012,499 triệu,2012,Xe cũ,Nhập khẩu,62.000 km,Hà Nội,Nam Từ Liêm,Số tự động,Máy xăng,VNĐ,ThángNăm,ThángNăm,"Trả góp đều hàng thángTrả góp đều, lãi tính trên dư nợ giảm dần hàng tháng",VNĐ,SUV,,,,,,,,,,
Toyota Raize 2024,508 triệu,2024,Xe cũ,Nhập khẩu,4.600 km,Đồng Nai,Biên Hòa,Số tự động,Máy xăng,VNĐ,ThángNăm,ThángNăm,"Trả góp đều hàng thángTrả góp đều, lãi tính trên dư nợ giảm dần hàng tháng",VNĐ,,,,,,,,,,,
Toyota Vios 1.5 E CVT 2021,445 triệu,2021,Xe cũ,Trong nước,44.500 km,Hà Nội,Hoàng Mai,Số tự động,Máy xăng,VNĐ,ThángNăm,ThángNăm,"Trả góp đều hàng thángTrả góp đều, lãi tính trên dư nợ giảm dần hàng tháng",VNĐ,Sedan,,,,,,,,,,
Hyundai Grand i10 Hatchback 1.2 MT Base 2019,220 triệu,2019,Xe cũ,Trong nước,74.000 km,Hà Nội,Thanh Xuân,Số sàn,Máy xăng,VNĐ,ThángNăm,ThángNăm,"Trả góp đều hàng thángTrả góp đều, lãi tính trên dư nợ giảm dần hàng tháng",VNĐ,,,,,,,,,,,
Mercedes-Benz S450 Limited Edition 2020,2 tỉ 450 triệu,2020,Xe cũ,Nhập khẩu,18.000 km,Tp.HCM,Quận 7,Số tự động,Máy xăng,VNĐ,ThángNăm,ThángNăm,"Trả góp đều hàng thángTrả góp đều, lãi tính trên dư nợ giảm dần hàng tháng",VNĐ,Sedan,,,,,,,,,,
Mazda CX-5 2.0 Premium 2016,468 triệu,2016,Xe cũ,Trong nước,75.000 km,Bình Dương,Bến Cát,Số tự động,Máy xăng,VNĐ,ThángNăm,ThángNăm,"Trả góp đều hàng thángTrả góp đều, lãi tính trên dư nợ giảm dần hàng tháng",VNĐ,SUV,,,,,,,,,,
Ford Ranger Wildtrak 3.2 4x4 AT 2017,615 triệu,2017,Xe cũ,Nhập khẩu,73.000 km,Tp.HCM,Tân Phú,Số tự động,Máy dầu,VNĐ,ThángNăm,ThángNăm,"Trả góp đều hàng thángTrả góp đều, lãi tính trên dư nợ giảm dần hàng tháng",VNĐ,Bán tải,,,,,,,,,,
Toyota Veloz Cross CVT Top 2022,555 triệu,2022,Xe cũ,Trong nước,60.000 km,Tp.HCM,Hóc Môn,Số tự động,Máy xăng,VNĐ,ThángNăm,ThángNăm,"Trả góp đều hàng thángTrả góp đều, lãi tính trên dư nợ giảm dần hàng tháng",VNĐ,MPV,,,,,,,,,,
Hyundai Grand i10 Sedan 1.2 MT 2023,279 triệu,2023,Xe cũ,Trong nước,50.000 km,Hải Phòng,An Lão,Số sàn,Máy xăng,VNĐ,ThángNăm,ThángNăm,"Trả góp đều hàng thángTrả góp đều, lãi tính trên dư nợ giảm dần hàng tháng",VNĐ,Sedan,,,,,,,,,,
Mazda 6 2.5 Premium 2015,385 triệu,2015,Xe cũ,Trong nước,140.000 km,Phú Thọ,Đoan Hùng,Số tự động,Máy xăng,VNĐ,ThángNăm,ThángNăm,"Trả góp đều hàng thángTrả góp đều, lãi tính trên dư nợ giảm dần hàng tháng",VNĐ,Sedan,,,,,,,,,,
Kia Seltos 1.4 Premium 2021,605 triệu,2021,Xe cũ,Trong nước,57.000 km,Vĩnh Phúc,Phúc Yên,Số tự động,Máy xăng,VNĐ,ThángNăm,ThángNăm,"Trả góp đều hàng thángTrả góp đều, lãi tính trên dư nợ giảm dần hàng tháng",VNĐ,SUV,,,,,,,,,,
Volvo XC40 R-Design 2019,999 triệu,2019,Xe cũ,Nhập khẩu,31.000 km,Tp.HCM,Quận 7,Số tự động,Máy xăng,VNĐ,ThángNăm,ThángNăm,"Trả góp đều hàng thángTrả góp đều, lãi tính trên dư nợ giảm dần hàng tháng",VNĐ,SUV,,,,,,,,,,
Honda City 1.5 CVT 2018,350 triệu,2018,Xe cũ,Nhập khẩu,75.000 km,Bình Dương,,Số tự động,Máy xăng,VNĐ,ThángNăm,ThángNăm,"Trả góp đều hàng thángTrả góp đều, lãi tính trên dư nợ giảm dần hàng tháng",VNĐ,Sedan,,,,,,,,,,
Mitsubishi Xpander 1.5 MT 2019,385 triệu,2019,Xe cũ,Nhập khẩu,85.000 km,Bình Dương,Bến Cát,Số sàn,Máy xăng,VNĐ,ThángNăm,ThángNăm,"Trả góp đều hàng thángTrả góp đều, lãi tính trên dư nợ giảm dần hàng tháng",VNĐ,MPV,,,,,,,,,,
Hyundai Tucson 2.0 Dầu đặc biệt 2022,850 triệu,2022,Xe cũ,Trong nước,70.000 km,Tp.HCM,Gò Vấp,Số tự động,Máy dầu,VNĐ,ThángNăm,ThángNăm,"Trả góp đều hàng thángTrả góp đều, lãi tính trên dư nợ giảm dần hàng tháng",VNĐ,SUV,,,,,,,,,,
Honda City 1.5 CVT 2019,366 triệu,2019,Xe cũ,Trong nước,60.000 km,Hà Nội,Thanh Xuân,Số tự động,Máy xăng,VNĐ,ThángNăm,ThángNăm,"Trả góp đều hàng thángTrả góp đều, lãi tính trên dư nợ giảm dần hàng tháng",VNĐ,Sedan,,,,,,,,,,
Kia Cerato 1.6 AT Luxury 2020,475 triệu,2020,Xe cũ,Trong nước,50.000 km,Hà Nội,Tây Hồ,Số tự động,Máy xăng,VNĐ,ThángNăm,ThángNăm,"Trả góp đều hàng thángTrả góp đều, lãi tính trên dư nợ giảm dần hàng tháng",VNĐ,Sedan,,,,,,,,,,
Toyota Camry 2.0E 2018,635 triệu,2018,Xe cũ,Trong nước,67.000 km,Hà Nội,Bắc Từ Liêm,Số tự động,Máy xăng,VNĐ,ThángNăm,ThángNăm,"Trả góp đều hàng thángTrả góp đều, lãi tính trên dư nợ giảm dần hàng tháng",VNĐ,Sedan,,,,,,,,,,
Mercedes-Benz S450L Luxury 2019,2 tỉ 390 triệu,2019,Xe cũ,Nhập khẩu,80.000 km,Hà Nội,,Số tự động,Máy xăng,VNĐ,ThángNăm,ThángNăm,"Trả góp đều hàng thángTrả góp đều, lãi tính trên dư nợ giảm dần hàng tháng",VNĐ,Sedan,,,,,,,,,,
Kia Morning AT 2011,188 triệu,2011,Xe cũ,Nhập khẩu,102.000 km,Hà Nội,Nam Từ Liêm,Số tự động,Máy xăng,VNĐ,ThángNăm,ThángNăm,"Trả góp đều hàng thángTrả góp đều, lãi tính trên dư nợ giảm dần hàng tháng",VNĐ,Hatchback,,,,,,,,,,
Peugeot 2008 GT Line 2023,695 triệu,2023,Xe cũ,Nhập khẩu,17.136 km,Hà Nội,,Số tự động,Máy xăng,VNĐ,ThángNăm,ThángNăm,"Trả góp đều hàng thángTrả góp đều, lãi tính trên dư nợ giảm dần hàng tháng",VNĐ,SUV,,,,,,,,,,
Toyota Camry 2.4G 2011,340 triệu,2011,Xe cũ,Trong nước,81.000 km,Bình Dương,Thuận An,Số tự động,Máy xăng,VNĐ,ThángNăm,ThángNăm,"Trả góp đều hàng thángTrả góp đều, lãi tính trên dư nợ giảm dần hàng tháng",VNĐ,Sedan,,,,,,,,,,
Peugeot 2008 2022,595 triệu,2022,Xe cũ,Trong nước,29.000 km,Hải Phòng,Kiến An,Số tự động,Máy xăng,VNĐ,ThángNăm,ThángNăm,"Trả góp đều hàng thángTrả góp đều, lãi tính trên dư nợ giảm dần hàng tháng",VNĐ,SUV,,,,,,,,,,
Ford Ranger Wildtrak 3.2 4x4 AT 2017,555 triệu,2017,Xe cũ,Nhập khẩu,100.000 km,Phú Thọ,Đoan Hùng,Số tự động,Máy dầu,VNĐ,ThángNăm,ThángNăm,"Trả góp đều hàng thángTrả góp đều, lãi tính trên dư nợ giảm dần hàng tháng",VNĐ,Bán tải,,,,,,,,,,
Honda CR-V 2.0 2017,525 triệu,2017,Xe cũ,Trong nước,60.000 km,Hải Phòng,Kiến An,Số tự động,Máy xăng,VNĐ,ThángNăm,ThángNăm,"Trả góp đều hàng thángTrả góp đều, lãi tính trên dư nợ giảm dần hàng tháng",VNĐ,SUV,,,,,,,,,,
Mercedes-Benz GLC 200 4Matic 2021,1 tỉ 450 triệu,2021,Xe cũ,Trong nước,60.000 km,Tp.HCM,Quận 7,Số tự động,Máy xăng,VNĐ,ThángNăm,ThángNăm,"Trả góp đều hàng thángTrả góp đều, lãi tính trên dư nợ giảm dần hàng tháng",VNĐ,SUV,,,,,,,,,,
Mercedes-Benz C180 AMG 2021,939 triệu,2021,Xe cũ,Nhập khẩu,21.000 km,Tp.HCM,Quận 7,Số tự động,Máy xăng,VNĐ,ThángNăm,ThángNăm,"Trả góp đều hàng thángTrả góp đều, lãi tính trên dư nợ giảm dần hàng tháng",VNĐ,Sedan,,,,,,,,,,
Ford Fiesta Titanium 1.0 AT EcoBoost 2013,220 triệu,2013,Xe cũ,Nhập khẩu,80.000 km,Hà Nội,Hoàng Mai,Số tự động,Máy xăng,VNĐ,ThángNăm,ThángNăm,"Trả góp đều hàng thángTrả góp đều, lãi tính trên dư nợ giảm dần hàng tháng",VNĐ,Hatchback,,,,,,,,,,
Nissan Navara 2.5 AT 2017,390 triệu,2017,Xe cũ,Nhập khẩu,150.000 km,Hải Dương,,Số tự động,Máy dầu,VNĐ,ThángNăm,ThángNăm,"Trả góp đều hàng thángTrả góp đều, lãi tính trên dư nợ giảm dần hàng tháng",VNĐ,Bán tải,,,,,,,,,,
Kia Carnival 2.2D Premium 2022,1 tỉ 139 triệu,2022,Xe cũ,Trong nước,65.000 km,Tp.HCM,Quận 8,Số tự động,Máy dầu,VNĐ,ThángNăm,ThángNăm,"Trả góp đều hàng thángTrả góp đều, lãi tính trên dư nợ giảm dần hàng tháng",VNĐ,MPV,,,,,,,,,,
Honda City 1.5 L 2021,420 triệu,2021,Xe cũ,Trong nước,65.000 km,Hà Nội,Thanh Xuân,Số tự động,Máy xăng,VNĐ,ThángNăm,ThángNăm,"Trả góp đều hàng thángTrả góp đều, lãi tính trên dư nợ giảm dần hàng tháng",VNĐ,Sedan,,,,,,,,,,
Honda City 1.5 L 2023,466 triệu,2023,Xe cũ,Trong nước,40.000 km,Hà Nội,Cầu Giấy,Số tự động,Máy xăng,VNĐ,ThángNăm,ThángNăm,"Trả góp đều hàng thángTrả góp đều, lãi tính trên dư nợ giảm dần hàng tháng",VNĐ,,,,,,,,,,,
Mercedes-Benz GLC 300 4Matic V1 2025,2 tỉ 750 triệu,2025,Xe cũ,Trong nước,01 km,Tp.HCM,Quận 7,Số tự động,Máy xăng,VNĐ,ThángNăm,ThángNăm,"Trả góp đều hàng thángTrả góp đều, lãi tính trên dư nợ giảm dần hàng tháng",VNĐ,SUV,,,,,,,,,,
VinFast Fadil Nâng Cao 2021,305 triệu,2021,Xe cũ,Trong nước,48.000 km,Hà Nội,Long Biên,Số tự động,Máy xăng,VNĐ,ThángNăm,ThángNăm,"Trả góp đều hàng thángTrả góp đều, lãi tính trên dư nợ giảm dần hàng tháng",VNĐ,Hatchback,,,,,,,,,,
Ford Ranger XLS 2.0L 4x2 AT 2022,605 triệu,2022,Xe cũ,Trong nước,32.373 km,Tp.HCM,Quận 6,Số tự động,Máy dầu,VNĐ,ThángNăm,ThángNăm,"Trả góp đều hàng thángTrả góp đều, lãi tính trên dư nợ giảm dần hàng tháng",VNĐ,Bán tải,,,,,,,,,,
Suzuki Ertiga 1.5L Sport AT 2016,245 triệu,2016,Xe cũ,Trong nước,80.000 km,Hà Nội,Long Biên,Số tự động,Máy xăng,VNĐ,ThángNăm,ThángNăm,"Trả góp đều hàng thángTrả góp đều, lãi tính trên dư nợ giảm dần hàng tháng",VNĐ,MPV,,,,,,,,,,
Hyundai Tucson 1.6 Turbo HTRAC 2024,955 triệu,2024,Xe cũ,Trong nước,18.000 km,Hà Nội,Cầu Giấy,Số tự động,Máy xăng,VNĐ,ThángNăm,ThángNăm,"Trả góp đều hàng thángTrả góp đều, lãi tính trên dư nợ giảm dần hàng tháng",VNĐ,SUV,,,,,,,,,,
Toyota Vios 1.5 E CVT 2024,480 triệu,2024,Xe cũ,Trong nước,25.000 km,Tp.HCM,,Số tự động,Máy xăng,VNĐ,ThángNăm,ThángNăm,"Trả góp đều hàng thángTrả góp đều, lãi tính trên dư nợ giảm dần hàng tháng",VNĐ,Sedan,,,,,,,,,,
Mazda CX-5 2.0 Premium 2022,730 triệu,2022,Xe cũ,Trong nước,50.836 km,Hà Nội,Thanh Xuân,Số tự động,Máy xăng,VNĐ,ThángNăm,ThángNăm,"Trả góp đều hàng thángTrả góp đều, lãi tính trên dư nợ giảm dần hàng tháng",VNĐ,SUV,,,,,,,,,,
Lexus LX 570 2016,4 tỉ 480 triệu,2016,Xe cũ,Nhập khẩu,265.720 km,Hà Nội,,Số tự động,Máy xăng,VNĐ,ThángNăm,ThángNăm,"Trả góp đều hàng thángTrả góp đều, lãi tính trên dư nợ giảm dần hàng tháng",VNĐ,SUV,,,,,,,,,,
Toyota Fortuner 2013,473 triệu,2013,Xe cũ,Trong nước,110.000 km,Bình Phước,Đồng Phú,Số tự động,Máy dầu,VNĐ,ThángNăm,ThángNăm,"Trả góp đều hàng thángTrả góp đều, lãi tính trên dư nợ giảm dần hàng tháng",VNĐ,SUV,,,,,,,,,,
Hyundai Elantra 1.6 AT 2014,328 triệu,2014,Xe cũ,Trong nước,112.503 km,Hải Phòng,An Lão,Số tự động,Máy xăng,VNĐ,ThángNăm,ThángNăm,"Trả góp đều hàng thángTrả góp đều, lãi tính trên dư nợ giảm dần hàng tháng",VNĐ,,,,,,,,,,,
Hyundai Tucson 1.6 Turbo HTRAC 2021,735 triệu,2021,Xe cũ,Trong nước,61.000 km,Hà Nội,Thanh Xuân,Số tự động,Máy xăng,VNĐ,ThángNăm,ThángNăm,"Trả góp đều hàng thángTrả góp đều, lãi tính trên dư nợ giảm dần hàng tháng",VNĐ,SUV,,,,,,,,,,
Toyota Yaris 1.3E 2015,320 triệu,2015,Xe cũ,Nhập khẩu,60.000 km,Đà Nẵng,,Số tự động,Máy xăng,VNĐ,ThángNăm,ThángNăm,"Trả góp đều hàng thángTrả góp đều, lãi tính trên dư nợ giảm dần hàng tháng",VNĐ,Hatchback,,,,,,,,,,
Mercedes-Benz Maybach S450 4Matic 2023,7 tỉ 200 triệu,2023,Xe cũ,Nhập khẩu,3.900 km,Tp.HCM,Gò Vấp,Số tự động,Máy xăng,VNĐ,ThángNăm,ThángNăm,"Trả góp đều hàng thángTrả góp đều, lãi tính trên dư nợ giảm dần hàng tháng",VNĐ,Sedan,,,,,,,,,,
Toyota Innova 2.0G 2013,345 triệu,2013,Xe cũ,Trong nước,190.000 km,Bình Dương,Dĩ An,Số tự động,Máy xăng,VNĐ,ThángNăm,ThángNăm,"Trả góp đều hàng thángTrả góp đều, lãi tính trên dư nợ giảm dần hàng tháng",VNĐ,MPV,,,,,,,,,,
Toyota Camry 2.5Q 2022,1 tỉ 179 triệu,2022,Xe cũ,Nhập khẩu,14.000 km,Long An,Tân An,Số tự động,Máy xăng,VNĐ,ThángNăm,ThángNăm,"Trả góp đều hàng thángTrả góp đều, lãi tính trên dư nợ giảm dần hàng tháng",VNĐ,Sedan,,,,,,,,,,
Suzuki Blind Van Suzuki Blind Van 2015,135 triệu,2015,Xe cũ,Trong nước,70.000 km,Hà Nội,Hà Đông,Số tự động,Máy xăng,VNĐ,ThángNăm,ThángNăm,"Trả góp đều hàng thángTrả góp đều, lãi tính trên dư nợ giảm dần hàng tháng",VNĐ,Xe tải,,,,,,,,,,
Hyundai Kona 2019,420 triệu,2019,Xe cũ,Trong nước,92.000 km,Hà Nội,Hoàng Mai,Số tự động,Máy xăng,VNĐ,ThángNăm,ThángNăm,"Trả góp đều hàng thángTrả góp đều, lãi tính trên dư nợ giảm dần hàng tháng",VNĐ,SUV,,,,,,,,,,
Ford EcoSport Titanium 1.5L AT 2020,455 triệu,2020,Xe cũ,Trong nước,85.000 km,Bình Dương,Dĩ An,Số tự động,Máy xăng,VNĐ,ThángNăm,ThángNăm,"Trả góp đều hàng thángTrả góp đều, lãi tính trên dư nợ giảm dần hàng tháng",VNĐ,Convertible,,,,,,,,,,
Ford Territory Titanium X 2023,815 triệu,2023,Xe cũ,Nhập khẩu,56.000 km,Hà Nội,Hoàng Mai,Số tự động,Máy xăng,VNĐ,ThángNăm,ThángNăm,"Trả góp đều hàng thángTrả góp đều, lãi tính trên dư nợ giảm dần hàng tháng",VNĐ,SUV,,,,,,,,,,
Porsche Cayenne  2018,2 tỉ 899 triệu,2018,Xe cũ,Nhập khẩu,81.000 km,Tp.HCM,Quận 7,Số tự động,Máy xăng,VNĐ,ThángNăm,ThángNăm,"Trả góp đều hàng thángTrả góp đều, lãi tính trên dư nợ giảm dần hàng tháng",VNĐ,SUV,,,,,,,,,,
BMW X3 xDrive30i Msport 2020,1 tỉ 380 triệu,2020,Xe cũ,Nhập khẩu,50.000 km,Hà Nội,Long Biên,Số tự động,Máy xăng,VNĐ,ThángNăm,ThángNăm,"Trả góp đều hàng thángTrả góp đều, lãi tính trên dư nợ giảm dần hàng tháng",VNĐ,SUV,,,,,,,,,,
Mazda 2 2018,372 triệu,2018,Xe cũ,Trong nước,30.000 km,Tp.HCM,Quận 10,Số tự động,Máy xăng,VNĐ,ThángNăm,ThángNăm,"Trả góp đều hàng thángTrả góp đều, lãi tính trên dư nợ giảm dần hàng tháng",VNĐ,Hatchback,,,,,,,,,,
Ford Everest 2.0L ST5 10AT 4x4 Titanium 2022,995 triệu,2022,Xe cũ,Nhập khẩu,56.000 km,Tp.HCM,Quận 7,Số tự động,Máy dầu,VNĐ,ThángNăm,ThángNăm,"Trả góp đều hàng thángTrả góp đều, lãi tính trên dư nợ giảm dần hàng tháng",VNĐ,SUV,,,,,,,,,,
Kia Sorento 2WD 2.2 DATH 2018,645 triệu,2018,Xe cũ,Trong nước,90.000 km,Bình Dương,Thuận An,Số tự động,Máy dầu,VNĐ,ThángNăm,ThángNăm,"Trả góp đều hàng thángTrả góp đều, lãi tính trên dư nợ giảm dần hàng tháng",VNĐ,SUV,,,,,,,,,,
Audi A7 55 TFSI Quattro 2021,2 tỉ 680 triệu,2021,Xe cũ,Nhập khẩu,24.000 km,Hà Nội,Bắc Từ Liêm,Số tự động,Máy xăng,VNĐ,ThángNăm,ThángNăm,"Trả góp đều hàng thángTrả góp đều, lãi tính trên dư nợ giảm dần hàng tháng",VNĐ,Sedan,,,,,,,,,,
Mazda 3 Sedan 1.5L Luxury 2024,619 triệu,2024,Xe cũ,Trong nước,5.000 km,Hải Phòng,,Số tự động,Máy xăng,VNĐ,ThángNăm,ThángNăm,"Trả góp đều hàng thángTrả góp đều, lãi tính trên dư nợ giảm dần hàng tháng",VNĐ,Sedan,,,,,,,,,,
VinFast LUX A2.0 Cao cấp 2021,646 triệu,2021,Xe cũ,Trong nước,69.000 km,Bình Dương,,Số tự động,Máy xăng,VNĐ,ThángNăm,ThángNăm,"Trả góp đều hàng thángTrả góp đều, lãi tính trên dư nợ giảm dần hàng tháng",VNĐ,Sedan,,,,,,,,,,
Hyundai Tucson 2020,716 triệu,2020,Xe cũ,Trong nước,78.000 km,Hà Nội,Cầu Giấy,Số tự động,Máy dầu,VNĐ,ThángNăm,ThángNăm,"Trả góp đều hàng thángTrả góp đều, lãi tính trên dư nợ giảm dần hàng tháng",VNĐ,,,,,,,,,,,
Hyundai Kona 2.0 AT Tiêu chuẩn 2018,465 triệu,2018,Xe cũ,Trong nước,79.000 km,Quảng Bình,,Số tự động,Máy xăng,VNĐ,ThángNăm,ThángNăm,"Trả góp đều hàng thángTrả góp đều, lãi tính trên dư nợ giảm dần hàng tháng",VNĐ,SUV,,,,,,,,,,
Toyota Vios 1.5 E CVT 2024,465 triệu,2024,Xe cũ,Trong nước,1.800 km,Hà Nội,Cầu Giấy,Số tự động,Máy xăng,VNĐ,ThángNăm,ThángNăm,"Trả góp đều hàng thángTrả góp đều, lãi tính trên dư nợ giảm dần hàng tháng",VNĐ,Sedan,,,,,,,,,,
Toyota Camry 2.5Q 2018,760 triệu,2018,Xe cũ,Trong nước,74.000 km,Tp.HCM,Thủ Đức,Số tự động,Máy xăng,VNĐ,ThángNăm,ThángNăm,"Trả góp đều hàng thángTrả góp đều, lãi tính trên dư nợ giảm dần hàng tháng",VNĐ,Sedan,,,,,,,,,,
Ford Mondeo 2009,190 triệu,2009,Xe cũ,Nhập khẩu,129.434 km,Đà Nẵng,,Số tự động,Máy xăng,VNĐ,ThángNăm,ThángNăm,"Trả góp đều hàng thángTrả góp đều, lãi tính trên dư nợ giảm dần hàng tháng",VNĐ,Sedan,,,,,,,,,,
Hyundai Accent 1.4 AT 2022,465 triệu,2022,Xe cũ,Trong nước,39.000 km,Thái Bình,Thái Bình,Số tự động,Máy xăng,VNĐ,ThángNăm,ThángNăm,"Trả góp đều hàng thángTrả góp đều, lãi tính trên dư nợ giảm dần hàng tháng",VNĐ,Sedan,,,,,,,,,,
Hyundai Kona 1.6 Turbo 2018,460 triệu,2018,Xe cũ,Trong nước,90.000 km,Hà Nội,Nam Từ Liêm,Số tự động,Máy xăng,VNĐ,ThángNăm,ThángNăm,"Trả góp đều hàng thángTrả góp đều, lãi tính trên dư nợ giảm dần hàng tháng",VNĐ,Crossover,,,,,,,,,,
VinFast LUX A2.0 Tiêu chuẩn 2021,555 triệu,2021,Xe cũ,Trong nước,26.000 km,Tp.HCM,Quận 2,Số tự động,Máy xăng,VNĐ,ThángNăm,ThángNăm,"Trả góp đều hàng thángTrả góp đều, lãi tính trên dư nợ giảm dần hàng tháng",VNĐ,Sedan,,,,,,,,,,
Peugeot 5008 GT 2024,1 tỉ 039 triệu,2024,Xe cũ,Trong nước,8.000 km,Tp.HCM,Gò Vấp,Số tự động,Máy xăng,VNĐ,ThángNăm,ThángNăm,"Trả góp đều hàng thángTrả góp đều, lãi tính trên dư nợ giảm dần hàng tháng",VNĐ,SUV,,,,,,,,,,
Kia Sportage 2.0G Signature 2023,860 triệu,2023,Xe cũ,Trong nước,18.000 km,Hà Nội,Cầu Giấy,Số tự động,Máy xăng,VNĐ,ThángNăm,ThángNăm,"Trả góp đều hàng thángTrả góp đều, lãi tính trên dư nợ giảm dần hàng tháng",VNĐ,SUV,,,,,,,,,,
Hyundai Grand i10 2014,126 triệu,2014,Xe cũ,Nhập khẩu,78.000 km,Nghệ An,Vinh,Số sàn,Máy xăng,VNĐ,ThángNăm,ThángNăm,"Trả góp đều hàng thángTrả góp đều, lãi tính trên dư nợ giảm dần hàng tháng",VNĐ,Hatchback,,,,,,,,,,
Toyota Fortuner 2.7 V 4X4 AT 2014,465 triệu,2014,Xe cũ,Nhập khẩu,147.479 km,Tp.HCM,Gò Vấp,Số tự động,Máy xăng,VNĐ,ThángNăm,ThángNăm,"Trả góp đều hàng thángTrả góp đều, lãi tính trên dư nợ giảm dần hàng tháng",VNĐ,SUV,,,,,,,,,,
Mercedes-Benz GLC 300 4Matic 2022,1 tỉ 888 triệu,2022,Xe cũ,Trong nước,30.000 km,Tp.HCM,Quận 7,Số tự động,Máy xăng,VNĐ,ThángNăm,ThángNăm,"Trả góp đều hàng thángTrả góp đều, lãi tính trên dư nợ giảm dần hàng tháng",VNĐ,,,,,,,,,,,
Mercedes-Benz GLC 300 4Matic V1 2022,1 tỉ 850 triệu,2022,Xe cũ,Trong nước,37.000 km,Hà Nội,Long Biên,Số tự động,Máy xăng,VNĐ,ThángNăm,ThángNăm,"Trả góp đều hàng thángTrả góp đều, lãi tính trên dư nợ giảm dần hàng tháng",VNĐ,SUV,,,,,,,,,,
Nissan Navara 2.5 MT 2015,310 triệu,2015,Xe cũ,Nhập khẩu,10.000 km,Hà Nội,Đông Anh,Số sàn,Máy dầu,VNĐ,ThángNăm,ThángNăm,"Trả góp đều hàng thángTrả góp đều, lãi tính trên dư nợ giảm dần hàng tháng",VNĐ,Bán tải,,,,,,,,,,
Mazda 3 Sedan 1.5L Luxury 2022,565 triệu,2022,Xe cũ,Trong nước,65.000 km,Hà Nội,Thanh Xuân,Số tự động,Máy xăng,VNĐ,ThángNăm,ThángNăm,"Trả góp đều hàng thángTrả góp đều, lãi tính trên dư nợ giảm dần hàng tháng",VNĐ,,,,,,,,,,,
Hyundai Santa Fe 2.4L Xăng Đặc biệt 2016,660 triệu,2016,Xe cũ,Trong nước,98.000 km,Hà Nội,Cầu Giấy,Số tự động,Máy xăng,VNĐ,ThángNăm,ThángNăm,"Trả góp đều hàng thángTrả góp đều, lãi tính trên dư nợ giảm dần hàng tháng",VNĐ,SUV,,,,,,,,,,
Lexus RX 350 Luxury 2023,4 tỉ 250 triệu,2023,Xe cũ,Nhập khẩu,10.555 km,Hà Nội,Nam Từ Liêm,Số tự động,Máy xăng,VNĐ,ThángNăm,ThángNăm,"Trả góp đều hàng thángTrả góp đều, lãi tính trên dư nợ giảm dần hàng tháng",VNĐ,SUV,,,,,,,,,,
Honda CR-V 2.0 2010,300 triệu,2010,Xe cũ,Nhập khẩu,130.000 km,Hà Nội,,Số tự động,Máy xăng,VNĐ,ThángNăm,ThángNăm,"Trả góp đều hàng thángTrả góp đều, lãi tính trên dư nợ giảm dần hàng tháng",VNĐ,SUV,,,,,,,,,,
Chevrolet Vivant CDX-AT 2011,115 triệu,2011,Xe cũ,Trong nước,300.000 km,Hà Nội,,Số tự động,Máy xăng,VNĐ,ThángNăm,ThángNăm,"Trả góp đều hàng thángTrả góp đều, lãi tính trên dư nợ giảm dần hàng tháng",VNĐ,MPV,,,,,,,,,,
Mercedes-Benz GLC 200 4Matic 2023,1 tỉ 918 triệu,2023,Xe cũ,Nhập khẩu,17.000 km,Tp.HCM,Quận 7,Số tự động,Hybrid,VNĐ,ThángNăm,ThángNăm,"Trả góp đều hàng thángTrả góp đều, lãi tính trên dư nợ giảm dần hàng tháng",VNĐ,SUV,,,,,,,,,,
Mercedes-Benz S450 4Matic 2018,1 tỉ 890 triệu,2018,Xe cũ,Nhập khẩu,60.000 km,Hà Nội,Tây Hồ,Số tự động,Máy xăng,VNĐ,ThángNăm,ThángNăm,"Trả góp đều hàng thángTrả góp đều, lãi tính trên dư nợ giảm dần hàng tháng",VNĐ,Sedan,,,,,,,,,,
Hyundai Elantra 2.0 AT Cao cấp 2019,435 triệu,2019,Xe cũ,Trong nước,65.000 km,Hà Nội,Long Biên,Số tự động,Máy xăng,VNĐ,ThángNăm,ThángNăm,"Trả góp đều hàng thángTrả góp đều, lãi tính trên dư nợ giảm dần hàng tháng",VNĐ,Sedan,,,,,,,,,,
Mazda CX-5 2.0 Luxury 2021,675 triệu,2021,Xe cũ,Trong nước,65.819 km,Hà Nội,Thanh Xuân,Số tự động,Máy xăng,VNĐ,ThángNăm,ThángNăm,"Trả góp đều hàng thángTrả góp đều, lãi tính trên dư nợ giảm dần hàng tháng",VNĐ,SUV,,,,,,,,,,
Kia Carens S 2.0 AT 2010,205 triệu,2010,Xe cũ,Trong nước,140.000 km,Hưng Yên,Khoái Châu,Số tự động,Máy xăng,VNĐ,ThángNăm,ThángNăm,"Trả góp đều hàng thángTrả góp đều, lãi tính trên dư nợ giảm dần hàng tháng",VNĐ,MPV,,,,,,,,,,
Toyota Veloz Cross 1.5 CVT TOP 2022,525 triệu,2022,Xe cũ,Nhập khẩu,60.000 km,Tp.HCM,Hóc Môn,Số tự động,Máy xăng,VNĐ,ThángNăm,ThángNăm,"Trả góp đều hàng thángTrả góp đều, lãi tính trên dư nợ giảm dần hàng tháng",VNĐ,SUV,,,,,,,,,,
Mitsubishi Xpander Cross 1.5 AT 2021,485 triệu,2021,Xe cũ,Nhập khẩu,110.000 km,Hải Phòng,,Số tự động,Máy xăng,VNĐ,ThángNăm,ThángNăm,"Trả góp đều hàng thángTrả góp đều, lãi tính trên dư nợ giảm dần hàng tháng",VNĐ,Crossover,,,,,,,,,,
Toyota Yaris 1.3G 2015,360 triệu,2015,Xe cũ,Trong nước,100.000 km,Hòa Bình,Lương Sơn,Số tự động,Máy xăng,VNĐ,ThángNăm,ThángNăm,"Trả góp đều hàng thángTrả góp đều, lãi tính trên dư nợ giảm dần hàng tháng",VNĐ,,,,,,,,,,,
Kia K3 1.6AT 2015,345 triệu,2015,Xe cũ,Trong nước,9.000 km,Hà Nội,Thanh Xuân,Số tự động,Máy xăng,VNĐ,ThángNăm,ThángNăm,"Trả góp đều hàng thángTrả góp đều, lãi tính trên dư nợ giảm dần hàng tháng",VNĐ,Sedan,,,,,,,,,,
Mitsubishi Outlander 2.0 CVT 2022,639 triệu,2022,Xe cũ,Trong nước,45.000 km,Tp.HCM,,Số tự động,Máy xăng,VNĐ,ThángNăm,ThángNăm,"Trả góp đều hàng thángTrả góp đều, lãi tính trên dư nợ giảm dần hàng tháng",VNĐ,SUV,,,,,,,,,,
Kia Sonet 1.5 Premium 2022,550 triệu,2022,Xe cũ,Trong nước,86.000 km,Bình Dương,Thuận An,Số tự động,Máy xăng,VNĐ,ThángNăm,ThángNăm,"Trả góp đều hàng thángTrả góp đều, lãi tính trên dư nợ giảm dần hàng tháng",VNĐ,Crossover,,,,,,,,,,
Kia Morning MT 2019,180 triệu,2019,Xe cũ,Trong nước,68.000 km,Tp.HCM,,Số sàn,Máy xăng,VNĐ,ThángNăm,ThángNăm,"Trả góp đều hàng thángTrả góp đều, lãi tính trên dư nợ giảm dần hàng tháng",VNĐ,Hatchback,,,,,,,,,,
Mazda BT-50 Standard 4x4 2.2 MT 2013,320 triệu,2013,Xe cũ,Nhập khẩu,1.240 km,Kon Tum,Đăk Hà,Số sàn,Máy dầu,VNĐ,ThángNăm,ThángNăm,"Trả góp đều hàng thángTrả góp đều, lãi tính trên dư nợ giảm dần hàng tháng",VNĐ,Bán tải,,,,,,,,,,
Porsche Macan  2015,1 tỉ 489 triệu,2015,Xe cũ,Nhập khẩu,88.888 km,Tp.HCM,Quận 7,Số tự động,Máy xăng,VNĐ,ThángNăm,ThángNăm,"Trả góp đều hàng thángTrả góp đều, lãi tính trên dư nợ giảm dần hàng tháng",VNĐ,SUV,,,,,,,,,,
Ford Ranger 2019,525 triệu,2019,Xe cũ,Trong nước,80.000 km,Hà Nội,Nam Từ Liêm,Số tự động,Máy xăng,VNĐ,ThángNăm,ThángNăm,"Trả góp đều hàng thángTrả góp đều, lãi tính trên dư nợ giảm dần hàng tháng",VNĐ,,,,,,,,,,,
Hyundai Grand i10 Sedan 1.2 AT 2020,310 triệu,2020,Xe cũ,Trong nước,84.000 km,Thanh Hóa,,Số tự động,Máy xăng,VNĐ,ThángNăm,ThángNăm,"Trả góp đều hàng thángTrả góp đều, lãi tính trên dư nợ giảm dần hàng tháng",VNĐ,Sedan,,,,,,,,,,
Maserati Levante 3.0L S V6 2017,1 tỉ 800 triệu,2017,Xe cũ,Nhập khẩu,10.000 km,Tp.HCM,Thủ Đức,Số tự động,Máy xăng,VNĐ,ThángNăm,ThángNăm,"Trả góp đều hàng thángTrả góp đều, lãi tính trên dư nợ giảm dần hàng tháng",VNĐ,SUV,,,,,,,,,,
Mitsubishi Xpander 1.5 AT  2022,499 triệu,2022,Xe cũ,Nhập khẩu,66.000 km,Hà Nội,Long Biên,Số tự động,Máy xăng,VNĐ,ThángNăm,ThángNăm,"Trả góp đều hàng thángTrả góp đều, lãi tính trên dư nợ giảm dần hàng tháng",VNĐ,MPV,,,,,,,,,,
Ford Everest Titanium 2.0L AT 4WD 2019,865 triệu,2019,Xe cũ,Nhập khẩu,80.000 km,Tp.HCM,Tân Bình,Số tự động,Máy dầu,VNĐ,ThángNăm,ThángNăm,"Trả góp đều hàng thángTrả góp đều, lãi tính trên dư nợ giảm dần hàng tháng",VNĐ,SUV,,,,,,,,,,
Ford EcoSport Titanium 1.5L AT 2021,465 triệu,2021,Xe cũ,Trong nước,41.000 km,Hà Nội,Thanh Xuân,Số tự động,Máy xăng,VNĐ,ThángNăm,ThángNăm,"Trả góp đều hàng thángTrả góp đều, lãi tính trên dư nợ giảm dần hàng tháng",VNĐ,SUV,,,,,,,,,,
Toyota Vios 2010,108 triệu,2010,Xe cũ,,,Hà Nội,,Số sàn,Máy xăng,VNĐ,ThángNăm,ThángNăm,"Trả góp đều hàng thángTrả góp đều, lãi tính trên dư nợ giảm dần hàng tháng",VNĐ,Sedan,,,,,,,,,,
Toyota Yaris 2011,260 triệu,2011,Xe cũ,Nhập khẩu,90.000 km,Hà Nội,Hoàng Mai,Số tự động,Máy xăng,VNĐ,ThángNăm,ThángNăm,"Trả góp đều hàng thángTrả góp đều, lãi tính trên dư nợ giảm dần hàng tháng",VNĐ,Hatchback,,,,,,,,,,
Hyundai Tucson 1.6 Turbo HTRAC 2022,820 triệu,2022,Xe cũ,Trong nước,10.000 km,Tp.HCM,Quận 10,Số tự động,Máy xăng,VNĐ,ThángNăm,ThángNăm,"Trả góp đều hàng thángTrả góp đều, lãi tính trên dư nợ giảm dần hàng tháng",VNĐ,Crossover,,,,,,,,,,
Honda Civic 1.5 G 2022,650 triệu,2022,Xe cũ,Nhập khẩu,28.000 km,Hà Nội,,Số tự động,Máy xăng,VNĐ,ThángNăm,ThángNăm,"Trả góp đều hàng thángTrả góp đều, lãi tính trên dư nợ giảm dần hàng tháng",VNĐ,Sedan,,,,,,,,,,
Toyota Fortuner 2.7V 2021,896 triệu,2021,Xe cũ,Nhập khẩu,39.000 km,Hà Nội,Hoàng Mai,Số tự động,Máy xăng,VNĐ,ThángNăm,ThángNăm,"Trả góp đều hàng thángTrả góp đều, lãi tính trên dư nợ giảm dần hàng tháng",VNĐ,SUV,,,,,,,,,,
Toyota Fortuner 2019,840 triệu,2019,Xe cũ,Trong nước,47.000 km,Hà Nội,Nam Từ Liêm,Số tự động,Máy dầu,VNĐ,ThángNăm,ThángNăm,"Trả góp đều hàng thángTrả góp đều, lãi tính trên dư nợ giảm dần hàng tháng",VNĐ,SUV,,,,,,,,,,
Ford EcoSport Titanium 1.5L AT 2020,475 triệu,2020,Xe cũ,Trong nước,29.000 km,Tp.HCM,,Số tự động,Máy xăng,VNĐ,ThángNăm,ThángNăm,"Trả góp đều hàng thángTrả góp đều, lãi tính trên dư nợ giảm dần hàng tháng",VNĐ,SUV,,,,,,,,,,
Ford Ranger 2017,458 triệu,2017,Xe cũ,Trong nước,111.000 km,Hà Nội,Cầu Giấy,Số tự động,Máy dầu,VNĐ,ThángNăm,ThángNăm,"Trả góp đều hàng thángTrả góp đều, lãi tính trên dư nợ giảm dần hàng tháng",VNĐ,Bán tải,,,,,,,,,,
Hyundai Santa Fe 2022,970 triệu,2022,Xe cũ,Trong nước,63.000 km,Hà Nội,Thanh Xuân,Số tự động,Máy dầu,VNĐ,ThángNăm,ThángNăm,"Trả góp đều hàng thángTrả góp đều, lãi tính trên dư nợ giảm dần hàng tháng",VNĐ,SUV,,,,,,,,,,
Mercedes-Benz GLC 200 4Matic 2021,1 tỉ 457 triệu,2021,Xe cũ,Trong nước,35.000 km,Tp.HCM,Bình Tân,Số tự động,Máy xăng,VNĐ,ThángNăm,ThángNăm,"Trả góp đều hàng thángTrả góp đều, lãi tính trên dư nợ giảm dần hàng tháng",VNĐ,SUV,,,,,,,,,,
Kia K140 2016,245 triệu,2016,Xe cũ,Trong nước,10.000 km,Hà Nội,Đông Anh,Số sàn,Máy dầu,VNĐ,ThángNăm,ThángNăm,"Trả góp đều hàng thángTrả góp đều, lãi tính trên dư nợ giảm dần hàng tháng",VNĐ,Xe tải,,,,,,,,,,
Kia Carnival Royal 2022,1 tỉ 895 triệu,2022,Xe cũ,Trong nước,25.000 km,Hà Nội,Long Biên,Số tự động,Máy xăng,VNĐ,ThángNăm,ThángNăm,"Trả góp đều hàng thángTrả góp đều, lãi tính trên dư nợ giảm dần hàng tháng",VNĐ,MPV,,,,,,,,,,
Honda City 2014,280 triệu,2014,Xe cũ,Trong nước,82.000 km,Hà Nội,,Số tự động,Máy xăng,VNĐ,ThángNăm,ThángNăm,"Trả góp đều hàng thángTrả góp đều, lãi tính trên dư nợ giảm dần hàng tháng",VNĐ,Sedan,,,,,,,,,,
VinFast LUX SA2.0 Cao cấp 2020,640 triệu,2020,Xe cũ,Trong nước,37.000 km,Tp.HCM,,Số tự động,Máy xăng,VNĐ,ThángNăm,ThángNăm,"Trả góp đều hàng thángTrả góp đều, lãi tính trên dư nợ giảm dần hàng tháng",VNĐ,SUV,,,,,,,,,,
Toyota Fortuner 2.7 V 4X2 AT 2017,685 triệu,2017,Xe cũ,Nhập khẩu,60.000 km,Tp.HCM,Thủ Đức,Số tự động,Máy xăng,VNĐ,ThángNăm,ThángNăm,"Trả góp đều hàng thángTrả góp đều, lãi tính trên dư nợ giảm dần hàng tháng",VNĐ,SUV,,,,,,,,,,
Honda CR-V 2.4L TG 2010,310 triệu,2010,Xe cũ,Nhập khẩu,170.000 km,Bình Dương,Thuận An,Số tự động,Máy xăng,VNĐ,ThángNăm,ThángNăm,"Trả góp đều hàng thángTrả góp đều, lãi tính trên dư nợ giảm dần hàng tháng",VNĐ,SUV,,,,,,,,,,
Nissan X trail 2.5 SV 4WD 2006,195 triệu,2006,Xe cũ,Nhập khẩu,130.000 km,Hà Nội,Bắc Từ Liêm,Số tự động,Máy xăng,VNĐ,ThángNăm,ThángNăm,"Trả góp đều hàng thángTrả góp đều, lãi tính trên dư nợ giảm dần hàng tháng",VNĐ,SUV,,,,,,,,,,
BMW 735i Pure Excellence 2023,4 tỉ 599 triệu,2023,Xe cũ,Nhập khẩu,19.000 km,Hà Nội,Cầu Giấy,Số tự động,Máy xăng,VNĐ,ThángNăm,ThángNăm,"Trả góp đều hàng thángTrả góp đều, lãi tính trên dư nợ giảm dần hàng tháng",VNĐ,Sedan,,,,,,,,,,
Kia Cerato 1.6 AT Luxury 2020,474 triệu,2020,Xe cũ,Trong nước,58.000 km,Hà Nội,Long Biên,Số tự động,Máy xăng,VNĐ,ThángNăm,ThángNăm,"Trả góp đều hàng thángTrả góp đều, lãi tính trên dư nợ giảm dần hàng tháng",VNĐ,Sedan,,,,,,,,,,
Mitsubishi Outlander 2.0 CVT 2022,690 triệu,2022,Xe cũ,Trong nước,30.000 km,Hà Nội,Cầu Giấy,Số tự động,Máy xăng,VNĐ,ThángNăm,ThángNăm,"Trả góp đều hàng thángTrả góp đều, lãi tính trên dư nợ giảm dần hàng tháng",VNĐ,SUV,,,,,,,,,,
Kia Carnival 2.2D Premium 2024,1 tỉ 330 triệu,2024,Xe cũ,Trong nước,12.000 km,Hà Nội,Thanh Xuân,Số tự động,Máy dầu,VNĐ,ThángNăm,ThángNăm,"Trả góp đều hàng thángTrả góp đều, lãi tính trên dư nợ giảm dần hàng tháng",VNĐ,MPV,,,,,,,,,,
Kia K3 1.6 Luxury 2021,505 triệu,2021,Xe cũ,Nhập khẩu,40.000 km,Hưng Yên,Mỹ Đức,Số tự động,Máy xăng,VNĐ,ThángNăm,ThángNăm,"Trả góp đều hàng thángTrả góp đều, lãi tính trên dư nợ giảm dần hàng tháng",VNĐ,Sedan,,,,,,,,,,
Mercedes-Benz C300 AMG 2021,1 tỉ 100 triệu,2021,Xe cũ,Trong nước,54.000 km,Bắc Ninh,Quế Võ,Số tự động,Máy xăng,VNĐ,ThángNăm,ThángNăm,"Trả góp đều hàng thángTrả góp đều, lãi tính trên dư nợ giảm dần hàng tháng",VNĐ,Sedan,,,,,,,,,,
Nissan Sunny 1.5 XV 2013,240 triệu,2013,Xe cũ,Trong nước,76.000 km,Tp.HCM,,Số tự động,Máy xăng,VNĐ,ThángNăm,ThángNăm,"Trả góp đều hàng thángTrả góp đều, lãi tính trên dư nợ giảm dần hàng tháng",VNĐ,Sedan,,,,,,,,,,
Mercedes-Benz GLC 300 4Matic 2016,850 triệu,2016,Xe cũ,Nhập khẩu,150.000 km,Bắc Ninh,Bắc Ninh,Số tự động,Máy xăng,VNĐ,ThángNăm,ThángNăm,"Trả góp đều hàng thángTrả góp đều, lãi tính trên dư nợ giảm dần hàng tháng",VNĐ,SUV,,,,,,,,,,
Mitsubishi Attrage CVT Premium 2022,368 triệu,2022,Xe cũ,Nhập khẩu,76.000 km,Bà Rịa Vũng Tàu,Bà Rịa,Số tự động,Máy xăng,VNĐ,ThángNăm,ThángNăm,"Trả góp đều hàng thángTrả góp đều, lãi tính trên dư nợ giảm dần hàng tháng",VNĐ,Sedan,,,,,,,,,,
Honda CR-V 2.4L TG 2016,535 triệu,2016,Xe cũ,Trong nước,100.000 km,Bắc Ninh,Quế Võ,Số tự động,Máy xăng,VNĐ,ThángNăm,ThángNăm,"Trả góp đều hàng thángTrả góp đều, lãi tính trên dư nợ giảm dần hàng tháng",VNĐ,SUV,,,,,,,,,,
Mercedes-Benz GLC 300 4Matic 2022,1 tỉ 699 triệu,2022,Xe cũ,Trong nước,19.000 km,Tp.HCM,Gò Vấp,Số tự động,Máy xăng,VNĐ,ThángNăm,ThángNăm,"Trả góp đều hàng thángTrả góp đều, lãi tính trên dư nợ giảm dần hàng tháng",VNĐ,SUV,,,,,,,,,,
Land Rover Range Rover Autobiography LWB 3.0 2019,5 tỉ 680 triệu,2019,Xe cũ,Nhập khẩu,50.000 km,Hà Nội,Bắc Từ Liêm,Số tự động,Máy xăng,VNĐ,ThángNăm,ThángNăm,"Trả góp đều hàng thángTrả góp đều, lãi tính trên dư nợ giảm dần hàng tháng",VNĐ,SUV,,,,,,,,,,
Honda City 1.5 L 2021,390 triệu,2021,Xe cũ,Trong nước,19.000 km,Tp.HCM,Nhà Bè,Số tự động,Máy xăng,VNĐ,ThángNăm,ThángNăm,"Trả góp đều hàng thángTrả góp đều, lãi tính trên dư nợ giảm dần hàng tháng",VNĐ,Sedan,,,,,,,,,,
BMW X5 2022,3 tỉ 088 triệu,2022,Xe cũ,Trong nước,10.000 km,Tp.HCM,Quận 7,Số tự động,Máy xăng,VNĐ,ThángNăm,ThángNăm,"Trả góp đều hàng thángTrả góp đều, lãi tính trên dư nợ giảm dần hàng tháng",VNĐ,,,,,,,,,,,
Hyundai Grand i10 2017,265 triệu,2017,Xe cũ,Trong nước,80.000 km,Vĩnh Phúc,Vĩnh Yên,Số tự động,Máy xăng,VNĐ,ThángNăm,ThángNăm,"Trả góp đều hàng thángTrả góp đều, lãi tính trên dư nợ giảm dần hàng tháng",VNĐ,,,,,,,,,,,
Mercedes-Benz GLC 200 4Matic 2023,1 tỉ 939 triệu,2023,Xe cũ,Trong nước,17.000 km,Tp.HCM,Quận 7,Số tự động,Máy xăng,VNĐ,ThángNăm,ThángNăm,"Trả góp đều hàng thángTrả góp đều, lãi tính trên dư nợ giảm dần hàng tháng",VNĐ,,,,,,,,,,,
Hyundai Stargazer 1.5 AT Đặc biệt 2024,528 triệu,2024,Xe cũ,Trong nước,2.000 km,Tp.HCM,Bình Thạnh,Số tự động,Máy xăng,VNĐ,ThángNăm,ThángNăm,"Trả góp đều hàng thángTrả góp đều, lãi tính trên dư nợ giảm dần hàng tháng",VNĐ,MPV,,,,,,,,,,
Volvo S90 ultimate 2022,1 tỉ 839 triệu,2022,Xe cũ,Nhập khẩu,23.000 km,Hà Nội,Long Biên,Số tự động,Máy xăng,VNĐ,ThángNăm,ThángNăm,"Trả góp đều hàng thángTrả góp đều, lãi tính trên dư nợ giảm dần hàng tháng",VNĐ,Sedan,,,,,,,,,,
Honda CR-V 1.5 E 2021,740 triệu,2021,Xe cũ,Trong nước,30.000 km,Hà Nội,Cầu Giấy,Số tự động,Máy xăng,VNĐ,ThángNăm,ThángNăm,"Trả góp đều hàng thángTrả góp đều, lãi tính trên dư nợ giảm dần hàng tháng",VNĐ,SUV,,,,,,,,,,
Toyota Innova 2.0G 2008,185 triệu,2008,Xe cũ,Trong nước,178.000 km,Bạc Liêu,,Số sàn,Máy xăng,VNĐ,ThángNăm,ThángNăm,"Trả góp đều hàng thángTrả góp đều, lãi tính trên dư nợ giảm dần hàng tháng",VNĐ,MPV,,,,,,,,,,
Mercedes-Benz G63 4.0 V8 2019,7 tỉ 439 triệu,2019,Xe cũ,Nhập khẩu,65.000 km,Hà Nội,Cầu Giấy,Số tự động,Máy xăng,VNĐ,ThángNăm,ThángNăm,"Trả góp đều hàng thángTrả góp đều, lãi tính trên dư nợ giảm dần hàng tháng",VNĐ,SUV,,,,,,,,,,
Kia K3 2.0 Premium 2022,558 triệu,2022,Xe cũ,Trong nước,48.000 km,Tp.HCM,Tân Phú,Số tự động,Máy xăng,VNĐ,ThángNăm,ThángNăm,"Trả góp đều hàng thángTrả góp đều, lãi tính trên dư nợ giảm dần hàng tháng",VNĐ,Sedan,,,,,,,,,,
Mercedes-Benz C250 Exclusive 2015,619 triệu,2015,Xe cũ,Trong nước,54.000 km,Tp.HCM,Quận 7,Số tự động,Máy xăng,VNĐ,ThángNăm,ThángNăm,"Trả góp đều hàng thángTrả góp đều, lãi tính trên dư nợ giảm dần hàng tháng",VNĐ,,,,,,,,,,,
Kia K3 1.6 Luxury 2022,555 triệu,2022,Xe cũ,Trong nước,27.000 km,Vĩnh Phúc,Phúc Yên,Số tự động,Máy xăng,VNĐ,ThángNăm,ThángNăm,"Trả góp đều hàng thángTrả góp đều, lãi tính trên dư nợ giảm dần hàng tháng",VNĐ,Sedan,,,,,,,,,,
Mitsubishi Outlander 2.0 CVT Premium 2023,795 triệu,2023,Xe cũ,Nhập khẩu,31.000 km,Tp.HCM,Quận 8,Số tự động,Máy xăng,VNĐ,ThángNăm,ThángNăm,"Trả góp đều hàng thángTrả góp đều, lãi tính trên dư nợ giảm dần hàng tháng",VNĐ,SUV,,,,,,,,,,
Cadillac Escalade PREMIUM 2021,10 tỉ 900 triệu,2021,Xe cũ,Nhập khẩu,30.000 km,Hà Nội,Bắc Từ Liêm,Số tự động,Máy xăng,VNĐ,ThángNăm,ThángNăm,"Trả góp đều hàng thángTrả góp đều, lãi tính trên dư nợ giảm dần hàng tháng",VNĐ,SUV,,,,,,,,,,
Mitsubishi Triton 4×4 AT 2013,315 triệu,2013,Xe cũ,Nhập khẩu,160.000 km,Hà Nội,Hà Đông,Số tự động,Máy dầu,VNĐ,ThángNăm,ThángNăm,"Trả góp đều hàng thángTrả góp đều, lãi tính trên dư nợ giảm dần hàng tháng",VNĐ,Bán tải,,,,,,,,,,
Toyota Innova Cross Hybrid 2023,985 triệu,2023,Xe cũ,Trong nước,14.000 km,Tp.HCM,Thủ Đức,Số tự động,Hybrid,VNĐ,ThángNăm,ThángNăm,"Trả góp đều hàng thángTrả góp đều, lãi tính trên dư nợ giảm dần hàng tháng",VNĐ,MPV,,,,,,,,,,
Toyota Hilux 2.4E 4×2 AT 2018,490 triệu,2018,Xe cũ,Nhập khẩu,189.700 km,Tp.HCM,,Số tự động,Máy dầu,VNĐ,ThángNăm,ThángNăm,"Trả góp đều hàng thángTrả góp đều, lãi tính trên dư nợ giảm dần hàng tháng",VNĐ,Bán tải,,,,,,,,,,
Mercedes-Benz C300 AMG 2025,2 tỉ 035 triệu,2025,Xe cũ,Trong nước,01 km,Hải Phòng,Hồng Bàng,Số tự động,Máy xăng,VNĐ,ThángNăm,ThángNăm,"Trả góp đều hàng thángTrả góp đều, lãi tính trên dư nợ giảm dần hàng tháng",VNĐ,Sedan,,,,,,,,,,
BMW 520i 2022,1 tỉ 578 triệu,2022,Xe cũ,Trong nước,22.000 km,Tp.HCM,Quận 7,Số tự động,Máy xăng,VNĐ,ThángNăm,ThángNăm,"Trả góp đều hàng thángTrả góp đều, lãi tính trên dư nợ giảm dần hàng tháng",VNĐ,,,,,,,,,,,
Ford Ranger XLS 2.2 4x2 MT 2018,485 triệu,2018,Xe cũ,Nhập khẩu,60.000 km,Tp.HCM,Tân Phú,Số sàn,Máy dầu,VNĐ,ThángNăm,ThángNăm,"Trả góp đều hàng thángTrả góp đều, lãi tính trên dư nợ giảm dần hàng tháng",VNĐ,Bán tải,,,,,,,,,,
Toyota Wigo 1.2 G AT 2018,250 triệu,2018,Xe cũ,Nhập khẩu,106.000 km,Hà Nội,,Số tự động,Máy xăng,VNĐ,ThángNăm,ThángNăm,"Trả góp đều hàng thángTrả góp đều, lãi tính trên dư nợ giảm dần hàng tháng",VNĐ,Hatchback,,,,,,,,,,
Honda CR-V 2.4L TG 2010,285 triệu,2010,Xe cũ,Nhập khẩu,100.000 km,Hà Nội,Đông Anh,Số tự động,Máy xăng,VNĐ,ThángNăm,ThángNăm,"Trả góp đều hàng thángTrả góp đều, lãi tính trên dư nợ giảm dần hàng tháng",VNĐ,SUV,,,,,,,,,,
Bentley Mulsanne 6.8 V8 2014,7 tỉ 900 triệu,2014,Xe cũ,Nhập khẩu,53.000 km,Hà Nội,Hoàng Mai,Số tự động,Máy xăng,VNĐ,ThángNăm,ThángNăm,"Trả góp đều hàng thángTrả góp đều, lãi tính trên dư nợ giảm dần hàng tháng",VNĐ,Sedan,,,,,,,,,,
Toyota Fortuner 2012,357 triệu,2012,Xe cũ,Trong nước,99.000 km,Tp.HCM,Gò Vấp,Số tự động,Máy xăng,VNĐ,ThángNăm,ThángNăm,"Trả góp đều hàng thángTrả góp đều, lãi tính trên dư nợ giảm dần hàng tháng",VNĐ,SUV,,,,,,,,,,
Mercedes-Benz GLC 300 4Matic 2019,1 tỉ 099 triệu,2019,Xe cũ,Trong nước,43.000 km,Tp.HCM,Quận 7,Số tự động,Máy xăng,VNĐ,ThángNăm,ThángNăm,"Trả góp đều hàng thángTrả góp đều, lãi tính trên dư nợ giảm dần hàng tháng",VNĐ,,,,,,,,,,,
Hyundai Accent 1.4 AT Đặc biệt 2018,365 triệu,2018,Xe cũ,Trong nước,80.000 km,Hải Phòng,An Lão,Số tự động,Máy xăng,VNĐ,ThángNăm,ThángNăm,"Trả góp đều hàng thángTrả góp đều, lãi tính trên dư nợ giảm dần hàng tháng",VNĐ,Sedan,,,,,,,,,,
Nissan Almera CVT 2022,380 triệu,2022,Xe cũ,Nhập khẩu,60.000 km,Hà Nội,Cầu Giấy,Số tự động,Máy xăng,VNĐ,ThángNăm,ThángNăm,"Trả góp đều hàng thángTrả góp đều, lãi tính trên dư nợ giảm dần hàng tháng",VNĐ,Sedan,,,,,,,,,,
Toyota Hiace 2005,100 triệu,2005,Xe cũ,Trong nước,100.120 km,Hà Nội,Hà Đông,Số sàn,Máy dầu,VNĐ,ThángNăm,ThángNăm,"Trả góp đều hàng thángTrả góp đều, lãi tính trên dư nợ giảm dần hàng tháng",VNĐ,,,,,,,,,,,
Kia Optima 2.0 AT 2013,430 triệu,2013,Xe cũ,Nhập khẩu,72.000 km,Bình Dương,Thuận An,Số tự động,Máy xăng,VNĐ,ThángNăm,ThángNăm,"Trả góp đều hàng thángTrả góp đều, lãi tính trên dư nợ giảm dần hàng tháng",VNĐ,Sedan,,,,,,,,,,
Mitsubishi Xpander 1.5 MT 2020,395 triệu,2020,Xe cũ,Nhập khẩu,81.289 km,Hà Nội,Hoàng Mai,Số sàn,Máy xăng,VNĐ,ThángNăm,ThángNăm,"Trả góp đều hàng thángTrả góp đều, lãi tính trên dư nợ giảm dần hàng tháng",VNĐ,SUV,,,,,,,,,,
Toyota Fortuner 2009,279 triệu,2009,Xe cũ,Trong nước,100.000 km,Hải Phòng,An Lão,Số tự động,Máy xăng,VNĐ,ThángNăm,ThángNăm,"Trả góp đều hàng thángTrả góp đều, lãi tính trên dư nợ giảm dần hàng tháng",VNĐ,,,,,,,,,,,
Mercedes-Benz E200 2018,950 triệu,2018,Xe cũ,Trong nước,79.000 km,Hà Nội,Cầu Giấy,Số tự động,Máy xăng,VNĐ,ThángNăm,ThángNăm,"Trả góp đều hàng thángTrả góp đều, lãi tính trên dư nợ giảm dần hàng tháng",VNĐ,Sedan,,,,,,,,,,
Mercedes-Benz S450 4Matic Luxury 2019,2 tỉ 395 triệu,2019,Xe cũ,Nhập khẩu,50.000 km,Hà Nội,Cầu Giấy,Số tự động,Máy xăng,VNĐ,ThángNăm,ThángNăm,"Trả góp đều hàng thángTrả góp đều, lãi tính trên dư nợ giảm dần hàng tháng",VNĐ,Sedan,,,,,,,,,,
Mercedes-Benz GLC 300 4Matic V1 2022,1 tỉ 939 triệu,2022,Xe cũ,Nhập khẩu,8.000 km,Tp.HCM,Quận 7,Số tự động,Máy xăng,VNĐ,ThángNăm,ThángNăm,"Trả góp đều hàng thángTrả góp đều, lãi tính trên dư nợ giảm dần hàng tháng",VNĐ,SUV,,,,,,,,,,
Porsche Cayenne  2014,1 tỉ 239 triệu,2014,Xe cũ,Nhập khẩu,93.000 km,Tp.HCM,Quận 7,Số tự động,Máy xăng,VNĐ,ThángNăm,ThángNăm,"Trả góp đều hàng thángTrả góp đều, lãi tính trên dư nợ giảm dần hàng tháng",VNĐ,SUV,,,,,,,,,,
Mercedes-Benz GLC 200 2019,999 triệu,2019,Xe cũ,Trong nước,60.000 km,Hà Nội,Ba Đình,Số tự động,Máy xăng,VNĐ,ThángNăm,ThángNăm,"Trả góp đều hàng thángTrả góp đều, lãi tính trên dư nợ giảm dần hàng tháng",VNĐ,SUV,,,,,,,,,,
Toyota Fortuner 2.8V 4X4 AT 2019,925 triệu,2019,Xe cũ,Trong nước,87.000 km,Hà Nội,Nam Từ Liêm,Số tự động,Máy dầu,VNĐ,ThángNăm,ThángNăm,"Trả góp đều hàng thángTrả góp đều, lãi tính trên dư nợ giảm dần hàng tháng",VNĐ,SUV,,,,,,,,,,
Ford EcoSport Titanium 1.5L AT 2019,430 triệu,2019,Xe cũ,Trong nước,80.000 km,Hà Nội,Cầu Giấy,Số tự động,Máy xăng,VNĐ,ThángNăm,ThángNăm,"Trả góp đều hàng thángTrả góp đều, lãi tính trên dư nợ giảm dần hàng tháng",VNĐ,Hatchback,,,,,,,,,,
Toyota Camry 2.5Q 2012,455 triệu,2012,Xe cũ,Trong nước,95.000 km,Tp.HCM,Hóc Môn,Số tự động,Máy xăng,VNĐ,ThángNăm,ThángNăm,"Trả góp đều hàng thángTrả góp đều, lãi tính trên dư nợ giảm dần hàng tháng",VNĐ,Sedan,,,,,,,,,,
Suzuki Swift GLX 1.2 CVT 2020,445 triệu,2020,Xe cũ,Nhập khẩu,50.000 km,Hà Nội,Long Biên,Số tự động,Máy xăng,VNĐ,ThángNăm,ThángNăm,"Trả góp đều hàng thángTrả góp đều, lãi tính trên dư nợ giảm dần hàng tháng",VNĐ,Hatchback,,,,,,,,,,
Chevrolet Colorado  2016,330 triệu,2016,Xe cũ,Nhập khẩu,130.000 km,Hà Nội,Hà Đông,Số tự động,Máy dầu,VNĐ,ThángNăm,ThángNăm,"Trả góp đều hàng thángTrả góp đều, lãi tính trên dư nợ giảm dần hàng tháng",VNĐ,Bán tải,,,,,,,,,,
Kia Rio 2015,305 triệu,2015,Xe cũ,,70.000 km,Thái Bình,,Số tự động,Máy xăng,VNĐ,ThángNăm,ThángNăm,"Trả góp đều hàng thángTrả góp đều, lãi tính trên dư nợ giảm dần hàng tháng",VNĐ,,,,,,,,,,,
