Name,Year,Tình trạng,Origin,Fuel_Type,Body_Type,Brand,price_num,age,mileage_num
Mercedes-Benz GLC 200 4Matic 2021,2021,Xe cũ,Trong nước,Máy xăng,Other,Mercedes-Benz,1389000000,4,55555
Kia Sonet 1.5 Premium 2024,2024,Xe cũ,Trong nước,Máy xăng,Crossover,Kia,585000000,1,1000
Ford Everest Titanium 2.0L AT 4WD 2019,2019,Xe cũ,Nhập khẩu,Máy xăng,SUV,Ford,810000000,6,4
Mercedes-Benz GLC 300 4Matic 2016,2016,Xe cũ,Nhập khẩu,Máy xăng,SUV,Mercedes-Benz,885000000,9,90000
Mazda 6 2.0 AT 2017,2017,Xe cũ,Trong nước,Máy xăng,Sedan,Mazda,440000000,8,57225
Mitsubishi Attrage CVT 2021,2021,Xe cũ,Nhập khẩu,Máy xăng,Sedan,Mitsubishi,309000000,4,73000
Kia Cerato 1.6 AT Deluxe 2016,2016,Xe cũ,Trong nước,Máy xăng,Sedan,Kia,379000000,9,100000
Mazda CX-5 2015,2015,Xe cũ,Trong nước,Máy xăng,SUV,Mazda,435000000,10,59000
Kia Cerato 1.6 AT Deluxe 2020,2020,Xe cũ,Trong nước,Máy xăng,Sedan,Kia,455000000,5,65000
Ford Ranger XLS 2.2L 4x2 MT 2015,2015,Xe cũ,Nhập khẩu,Máy dầu,Bán tải,Ford,328000000,10,899000
Mazda 3 1.5 Hatchback 2016,2016,Xe cũ,Trong nước,Máy xăng,Sedan,Mazda,390000000,9,68000
Toyota Vios 1.5G AT 2016,2016,Xe cũ,Trong nước,Máy xăng,Sedan,Toyota,360000000,9,90000
Nissan Kicks V 2023,2023,Xe cũ,Nhập khẩu,Hybrid,SUV,Nissan,660000000,2,8000
Kia Carnival 2.2D Signature 2022,2022,Xe cũ,Trong nước,Máy xăng,MPV,Kia,1269000000,3,39000
Toyota Innova 2.0E 2017,2017,Xe cũ,Trong nước,Máy xăng,MPV,Toyota,385000000,8,78000
Hyundai Accent 1.4 AT Đặc biệt 2011,2011,Xe cũ,Nhập khẩu,Máy xăng,Sedan,Hyundai,258000000,14,130000
Mazda 3 1.6 AT 2017,2017,Xe cũ,Trong nước,Máy xăng,Sedan,Mazda,365000000,8,95000
Toyota Camry 2.4G 2012,2012,Xe cũ,Trong nước,Máy xăng,Sedan,Toyota,360000000,13,120000
Suzuki Vitara 1.6 AT 2016,2016,Xe cũ,Nhập khẩu,Máy xăng,SUV,Suzuki,309000000,9,90000
VinFast Fadil Cao cấp 2022,2022,Xe cũ,Trong nước,Máy xăng,Hatchback,VinFast,319000000,3,62000
Chevrolet Cruze LT 1.8 2010,2010,Xe cũ,Nhập khẩu,Máy xăng,Sedan,Chevrolet,179000000,15,120000
Chevrolet Captiva ltz 2.4 at 2015,2015,Xe cũ,Trong nước,Máy xăng,SUV,Chevrolet,368000000,10,56000
Mercedes-Benz GLC 200 V1 2021,2021,Xe cũ,Trong nước,Máy xăng,SUV,Mercedes-Benz,1399000000,4,56000
Kia Morning Van 1.0 AT 2016,2016,Xe cũ,Nhập khẩu,Máy xăng,Hatchback,Kia,208000000,9,85000
Mitsubishi Xpander 1.5 MT 2023,2023,Xe cũ,Nhập khẩu,Máy xăng,MPV,Mitsubishi,466000000,2,38000
Honda HR-V RS 2023,2023,Xe cũ,Trong nước,Máy xăng,Crossover,Honda,765000000,2,5000
Kia K3 1.6AT 2014,2014,Xe cũ,Trong nước,Máy xăng,Sedan,Kia,335000000,11,120000
Suzuki Ertiga Hybrid Ertiga AT 2022,2022,Xe cũ,Nhập khẩu,Hybrid,SUV,Suzuki,455000000,3,50000
VinFast LUX A2.0 Nâng cao 2022,2022,Xe cũ,Trong nước,Máy xăng,Sedan,VinFast,605000000,3,73000
Toyota Fortuner 2.4 MT 4x2 2014,2014,Xe cũ,Trong nước,Máy dầu,SUV,Toyota,515000000,11,150000
Hyundai Grand i10 2014,2014,Xe cũ,Nhập khẩu,Máy xăng,Hatchback,Hyundai,119000000,11,110000
Toyota Raize 2022,2022,Xe cũ,Nhập khẩu,Máy xăng,Crossover,Toyota,465000000,3,52000
Chevrolet Orlando LS 1.8 2017,2017,Xe cũ,Nhập khẩu,Máy xăng,MPV,Chevrolet,255000000,8,97000
Mercedes-Benz GLC 200 4Matic 2021,2021,Xe cũ,Nhập khẩu,Máy xăng,SUV,Mercedes-Benz,1559000000,4,27500
Hyundai Tucson 2.0 Đặc biệt 2020,2020,Xe cũ,Trong nước,Máy xăng,SUV,Hyundai,680000000,5,53187
Mercedes-Benz E180 V1 2022,2022,Xe cũ,Trong nước,Máy xăng,Sedan,Mercedes-Benz,1545000000,3,5888
Kia Soluto AT Deluxe 2023,2023,Xe cũ,Trong nước,Máy xăng,Sedan,Kia,304000000,2,74537
VinFast LUX A2.0 Tiêu chuẩn 2022,2022,Xe cũ,Trong nước,Máy xăng,Sedan,VinFast,573000000,3,46000
Hyundai Grand Starex 2.4 MT 2017,2017,Xe cũ,Nhập khẩu,Máy dầu,Van/Minivan,Hyundai,465000000,8,10000
BMW 330i M Sport 2023,2023,Xe cũ,Trong nước,Máy xăng,Sedan,BMW,1799000000,2,5000
Toyota Corolla 1.6 XLi 2009,2009,Xe cũ,Nhập khẩu,Máy xăng,Sedan,Toyota,279000000,16,120000
Kia Sedona 3.3 Platinum G 2018,2018,Xe cũ,Trong nước,Máy xăng,MPV,Kia,650000000,7,8000
Toyota Corolla Altis 2.0V  2014,2014,Xe cũ,Trong nước,Máy xăng,Sedan,Toyota,386000000,11,125729
Mazda CX-5 2.0 Premium 2017,2017,Xe cũ,Trong nước,Máy xăng,Crossover,Mazda,495000000,8,100000
BMW 520i Luxury Line 2022,2022,Xe cũ,Nhập khẩu,Máy xăng,Sedan,BMW,1330000000,3,40000
Ford Transit 2024,2024,Xe cũ,Trong nước,Máy dầu,Van/Minivan,Ford,1150000000,1,4600
Hyundai Santa Fe SLX 2010,2010,Xe cũ,Trong nước,Máy dầu,SUV,Hyundai,410000000,15,10000
Mercedes-Benz E200 Sport 2019,2019,Xe cũ,Trong nước,Máy xăng,Other,Mercedes-Benz,1188000000,6,39999
Mercedes-Benz GLC 200 4Matic 2018,2018,Xe cũ,Trong nước,Máy xăng,SUV,Mercedes-Benz,880000000,7,86000
Hyundai Accent 1.4 AT 2019,2019,Xe cũ,Trong nước,Máy xăng,Sedan,Hyundai,352000000,6,77000
BMW 330i M Sport 2021,2021,Xe cũ,Nhập khẩu,Máy xăng,Sedan,BMW,1399000000,4,26000
Hyundai Accent 1.4 AT Đặc biệt 2022,2022,Xe cũ,Trong nước,Máy xăng,Sedan,Hyundai,459000000,3,50000
Mazda 6 2.5L Signature Premium 2022,2022,Xe cũ,Trong nước,Máy xăng,Sedan,Mazda,750000000,3,48843
Kia Sorento Hybrid 1.6L Signature 2020,2020,Xe cũ,Nhập khẩu,Hybrid,SUV,Kia,820000000,5,60000
Mercedes-Benz S450L 4Matic 2018,2018,Xe cũ,Trong nước,Máy xăng,Sedan,Mercedes-Benz,1890000000,7,98000
Kia Seltos 1.4T Premium 2023,2023,Xe cũ,Trong nước,Máy xăng,SUV,Kia,665000000,2,14000
Nissan Navara NP300 EL 4x2 AT 2017,2017,Xe cũ,Nhập khẩu,Máy dầu,Bán tải,Nissan,385000000,8,88000
Mercedes-Benz E200 2019,2019,Xe cũ,Trong nước,Máy xăng,Sedan,Mercedes-Benz,999000000,6,65000
Ford Territory 1.5L Titanium 2024,2024,Xe cũ,Trong nước,Máy xăng,SUV,Ford,789000000,1,29000
Kia Sonet 1.5 Premium 2022,2022,Xe cũ,Trong nước,Máy xăng,SUV,Kia,518000000,3,67000
Toyota Vios 1.5E MT 2023,2023,Xe cũ,Trong nước,Máy xăng,Sedan,Toyota,385000000,2,37000
Chevrolet Spark LS 2016,2016,Xe cũ,Nhập khẩu,Máy xăng,Hatchback,Chevrolet,139000000,9,145000
Mercedes-Benz GLC 250 4Matic 2018,2018,Xe cũ,Trong nước,Máy xăng,SUV,Mercedes-Benz,1069000000,7,100000
Ford Everest 2019,2019,Xe cũ,Nhập khẩu,Máy xăng,SUV,Ford,645000000,6,110000
Nissan Sunny XV 1.5 AT 2018,2018,Xe cũ,Trong nước,Máy xăng,Sedan,Nissan,305000000,7,100000
Ford Escape 2012,2012,Xe cũ,Trong nước,Máy xăng,SUV,Ford,270000000,13,120000
Mitsubishi Jolie 2.0 MT 2005,2005,Xe cũ,Trong nước,Máy xăng,SUV,Mitsubishi,127000000,20,89000
Toyota Vios 1.5G AT 2019,2019,Xe cũ,Trong nước,Máy xăng,Sedan,Toyota,388000000,6,70000
Hyundai Santa Fe Calligraphy 2.5 7 chỗ 2024,2024,Xe cũ,Trong nước,Máy xăng,SUV,Hyundai,1245000000,1,17000
Chevrolet Cruze LT 2016,2016,Xe cũ,Nhập khẩu,Máy xăng,Sedan,Chevrolet,165000000,9,174855
Hyundai Grand i10 Sedan 1.2 AT 2019,2019,Xe cũ,Trong nước,Máy xăng,Sedan,Hyundai,302000000,6,70000
Mazda 6 2.5L Signature Premium 2021,2021,Xe cũ,Trong nước,Máy xăng,Other,Mazda,598000000,4,29000
Lexus NX 200T 2015,2015,Xe cũ,Nhập khẩu,Máy xăng,SUV,Lexus,990000000,10,98000
Mazda 2 Sport 1.5L Premium 2016,2016,Xe cũ,Trong nước,Máy xăng,Hatchback,Mazda,345000000,9,70000
Hyundai Elantra 1.6 AT Đặc biệt 2021,2021,Xe cũ,Trong nước,Máy xăng,Sedan,Hyundai,510000000,4,27000
Kia Seltos 1.6 Premium 2021,2021,Xe cũ,Nhập khẩu,Máy xăng,SUV,Kia,567000000,4,58000
Toyota Yaris Cross Xăng 2023,2023,Xe cũ,Nhập khẩu,Máy xăng,Crossover,Toyota,645000000,2,10000
Hyundai Santa Fe 2.5 Xăng Cao cấp 2022,2022,Xe cũ,Trong nước,Máy xăng,SUV,Hyundai,1060000000,3,66963
Ford Ranger XLS 2.2 4x2 MT 2016,2016,Xe cũ,Nhập khẩu,Máy dầu,Bán tải,Ford,398000000,9,80000
Hyundai i20 1.4 AT 2011,2011,Xe cũ,Nhập khẩu,Máy xăng,Hatchback,Hyundai,200000000,14,108000
VinFast LUX A2.0 Tiêu chuẩn 2022,2022,Xe cũ,Trong nước,Máy xăng,Sedan,VinFast,555000000,3,69000
Ford Ranger Wildtrak 3.2 4x4 AT 2016,2016,Xe cũ,Nhập khẩu,Máy dầu,Bán tải,Ford,520000000,9,100000
Ford Escape XLT 3.0L 2004,2004,Xe cũ,Nhập khẩu,Máy xăng,SUV,Ford,98000000,21,140000
Mercedes-Benz GLC 200 4Matic 2023,2023,Xe cũ,Trong nước,Máy xăng,SUV,Mercedes-Benz,1957000000,2,4600
Toyota Innova 2.0E 2018,2018,Xe cũ,Trong nước,Máy xăng,MPV,Toyota,395000000,7,150000
Mazda CX-5 2.5 AWD 2019,2019,Xe cũ,Trong nước,Máy xăng,SUV,Mazda,625000000,6,69000
Toyota Vios 1.5 G CVT 2018,2018,Xe cũ,Trong nước,Máy xăng,Sedan,Toyota,365000000,7,80000
Ford EcoSport Titanium 1.5L AT 2018,2018,Xe cũ,Trong nước,Máy xăng,SUV,Ford,399000000,7,6600
Mitsubishi Lancer Gala 2004,2004,Xe cũ,Nhập khẩu,Máy xăng,Sedan,Mitsubishi,138000000,21,250000
Hyundai Tucson 2.0 Đặc biệt 2021,2021,Xe cũ,Trong nước,Máy xăng,SUV,Hyundai,699000000,4,60000
Hyundai Santa Fe 2.4L Xăng Cao cấp 2016,2016,Xe cũ,Trong nước,Máy xăng,SUV,Hyundai,569000000,9,85689
Chevrolet Captiva ltz 2.4 at 2011,2011,Xe cũ,Trong nước,Máy xăng,SUV,Chevrolet,258000000,14,130000
Ford Everest Titanium 2.0 AT 4x2 2021,2021,Xe cũ,Nhập khẩu,Máy dầu,SUV,Ford,930000000,4,56000
Hyundai Grand i10 1.0 AT 2015,2015,Xe cũ,Trong nước,Máy xăng,Other,Hyundai,238000000,10,75284
Ford EcoSport Titanium 1.5L AT 2016,2016,Xe cũ,Trong nước,Máy xăng,SUV,Ford,315000000,9,84000
Suzuki Swift 1.4 AT 2017,2017,Xe cũ,Nhập khẩu,Máy xăng,Hatchback,Suzuki,328000000,8,50000
Mercedes-Benz E200 Exclusive 2020,2020,Xe cũ,Trong nước,Máy xăng,Sedan,Mercedes-Benz,1059000000,5,50000
Peugeot 2008 GT Line 2022,2022,Xe cũ,Nhập khẩu,Máy xăng,Crossover,Peugeot,588000000,3,38
Toyota Sienna Limited 3.5 AT AWD 2016,2016,Xe cũ,Nhập khẩu,Máy xăng,MPV,Toyota,1750000000,9,76000
Kia Carens 2015,2015,Xe cũ,Other,Máy xăng,Other,Kia,205000000,10,60000
Mazda 6 2.0L Luxury 2020,2020,Xe cũ,Trong nước,Máy xăng,Sedan,Mazda,550000000,5,50000
Hyundai Tucson 2021,2021,Xe cũ,Trong nước,Máy xăng,SUV,Hyundai,699000000,4,60000
Ford EcoSport Titanium 1.5L AT 2015,2015,Xe cũ,Trong nước,Máy xăng,SUV,Ford,299000000,10,120000
Chevrolet Spark LTZ 2008,2008,Xe cũ,Trong nước,Máy xăng,Hatchback,Chevrolet,38000000,17,110000
Honda City 1.5 CVT 2016,2016,Xe cũ,Trong nước,Máy xăng,Sedan,Honda,330000000,9,12400
Hyundai Grand i10 2019,2019,Xe cũ,Trong nước,Máy xăng,Sedan,Hyundai,320000000,6,30000
Kia Sedona 2020,2020,Xe cũ,Trong nước,Máy dầu,MPV,Kia,845000000,5,70000
Toyota Vios 1.5E MT 2023,2023,Xe cũ,Trong nước,Máy xăng,Sedan,Toyota,385000000,2,37000
Mercedes-Benz C200 2.0 AT 2015,2015,Xe cũ,Nhập khẩu,Máy xăng,Sedan,Mercedes-Benz,535000000,10,90000
Nissan X trail 2018,2018,Xe cũ,Trong nước,Máy xăng,SUV,Nissan,465000000,7,110000
Hyundai Grand i10 Sedan 1.2 AT 2016,2016,Xe cũ,Trong nước,Máy xăng,Hatchback,Hyundai,280000000,9,90000
Hyundai Santa Fe 2016,2016,Xe cũ,Trong nước,Máy xăng,SUV,Hyundai,575000000,9,98000
Toyota Avanza 1.5 AT 2023,2023,Xe cũ,Trong nước,Máy xăng,Other,Toyota,495000000,2,68000
Hyundai Grand i10 Sedan 1.2 MT 2016,2016,Xe cũ,Nhập khẩu,Máy xăng,Sedan,Hyundai,175000000,9,175
Kia Sorento 2.4AT 2013,2013,Xe cũ,Trong nước,Máy xăng,SUV,Kia,365000000,12,88000
Honda City 1.5 MT 2016,2016,Xe cũ,Trong nước,Máy xăng,Sedan,Honda,255000000,9,92000
Toyota Vios 1.5E MT 2010,2010,Xe cũ,Trong nước,Máy xăng,Sedan,Toyota,158000000,15,200000
Mitsubishi Xpander 1.5 AT  2019,2019,Xe cũ,Nhập khẩu,Máy xăng,MPV,Mitsubishi,428000000,6,80000
Toyota Corolla Cross 1.8 V  2023,2023,Xe cũ,Nhập khẩu,Máy xăng,Crossover,Toyota,765000000,2,1000
Subaru WRX 4D 2.4 CVT EyeSight 2022,2022,Xe cũ,Nhập khẩu,Máy xăng,Sedan,Subaru,1439000000,3,9000
Toyota Fortuner 2.7 V 4X2 AT 2014,2014,Xe cũ,Trong nước,Máy xăng,SUV,Toyota,405000000,11,120000
Ford Mustang EcoBoost 2019,2019,Xe cũ,Nhập khẩu,Máy xăng,Sedan,Ford,1750000000,6,29000
Nissan Navara VL 2022,2022,Xe cũ,Nhập khẩu,Máy dầu,Bán tải,Nissan,725000000,3,80000
Ford Ranger 2017,2017,Xe cũ,Nhập khẩu,Máy dầu,Bán tải,Ford,575000000,8,90000
Mitsubishi Xpander 2025,2025,Xe cũ,Trong nước,Máy xăng,Crossover,Mitsubishi,535000000,0,200000
Toyota Vios 1.5G AT 2023,2023,Xe cũ,Trong nước,Máy xăng,Other,Toyota,470000000,2,70000
Kia Cerato 1.6 MT 2017,2017,Xe cũ,Trong nước,Máy xăng,Other,Kia,325000000,8,83901
Mercedes-Benz C200 2017,2017,Xe cũ,Trong nước,Máy xăng,Other,Mercedes-Benz,739000000,8,53000
Audi Q5 2.0 TFSI Quattro 2017,2017,Xe cũ,Nhập khẩu,Máy xăng,SUV,Audi,995000000,8,140000
Suzuki Blind Van Suzuki Blind Van 2020,2020,Xe cũ,Trong nước,Máy xăng,Van/Minivan,Suzuki,180000000,5,580628
Mercedes-Benz C300 AMG 2022,2022,Xe cũ,Nhập khẩu,Máy xăng,Other,Mercedes-Benz,1578000000,3,24000
Chevrolet Spark LT 2012,2012,Xe cũ,Trong nước,Máy xăng,Hatchback,Chevrolet,55000000,13,98000
Kia Sedona 2.2 Luxury 2020,2020,Xe cũ,Trong nước,Máy dầu,MPV,Kia,820000000,5,50000
Ford Transit Tiêu chuẩn 2023,2023,Xe cũ,Trong nước,Máy dầu,Van/Minivan,Ford,698000000,2,39000
Kia Sorento 2.4AT 2017,2017,Xe cũ,Trong nước,Máy xăng,SUV,Kia,465000000,8,88000
Mitsubishi Zinger GLS 2008,2008,Xe cũ,Trong nước,Máy xăng,MPV,Mitsubishi,155000000,17,154242
Ford Ranger XLT 2.0L 4x4 AT Limited 2022,2022,Xe cũ,Trong nước,Máy dầu,Bán tải,Ford,689000000,3,35300
Chevrolet Cruze LT 2016,2016,Xe cũ,Nhập khẩu,Máy xăng,Sedan,Chevrolet,240000000,9,97000
Mazda 2 Luxury 2019,2019,Xe cũ,Nhập khẩu,Máy xăng,Sedan,Mazda,379000000,6,38000
Toyota Innova 2.0E 2016,2016,Xe cũ,Trong nước,Máy xăng,MPV,Toyota,380000000,9,110000
Hyundai Accent 1.4 AT Đặc biệt 2019,2019,Xe cũ,Trong nước,Máy xăng,Sedan,Hyundai,415000000,6,58000
Kia Carens EX 2.0 MT 2015,2015,Xe cũ,Trong nước,Máy xăng,SUV,Kia,220000000,10,130000
Mazda CX-5 2.5L Luxury 2017,2017,Xe cũ,Trong nước,Máy xăng,SUV,Mazda,515000000,8,96896
Toyota Fortuner 2.7 V 4X2 AT 2016,2016,Xe cũ,Trong nước,Máy xăng,SUV,Toyota,519000000,9,145000
Mitsubishi Xpander 1.5 MT 2021,2021,Xe cũ,Trong nước,Máy xăng,MPV,Mitsubishi,455000000,4,120000
Honda City RS 2023,2023,Xe cũ,Trong nước,Máy xăng,Sedan,Honda,479000000,2,1200
Toyota Land Cruiser Prado TX-L 2017,2017,Xe cũ,Nhập khẩu,Máy xăng,SUV,Toyota,1250000000,8,86000
Mazda CX-5 2.0 AWD 2015,2015,Xe cũ,Nhập khẩu,Máy xăng,Other,Mazda,435000000,10,110000
Toyota Vios 1.5 G CVT 2016,2016,Xe cũ,Trong nước,Máy xăng,Sedan,Toyota,360000000,9,90000
Ford Transit SVP 2019,2019,Xe cũ,Trong nước,Máy dầu,Van/Minivan,Ford,480000000,6,222327
Honda City 1.5 CVT 2017,2017,Xe cũ,Trong nước,Máy xăng,Sedan,Honda,370000000,8,90000
Mercedes-Benz C180 AMG 2021,2021,Xe cũ,Trong nước,Máy xăng,Sedan,Mercedes-Benz,957000000,4,9999
Nissan Navara EL Premium R 2018,2018,Xe cũ,Nhập khẩu,Máy dầu,Bán tải,Nissan,445000000,7,50000
Hyundai Accent 1.4 MT 2022,2022,Xe cũ,Trong nước,Máy xăng,Other,Hyundai,340000000,3,46000
VinFast VF8 Eco 2024,2024,Xe cũ,Trong nước,Điện,SUV,VinFast,858000000,1,20000
Mazda CX-8 Luxury 2022,2022,Xe cũ,Trong nước,Máy xăng,SUV,Mazda,799000000,3,48000
Hyundai Starex 2.5 MT 2015,2015,Xe cũ,Nhập khẩu,Máy dầu,Van/Minivan,Hyundai,425000000,10,120000
Toyota Vios 1.5G AT 2019,2019,Xe cũ,Trong nước,Máy xăng,Sedan,Toyota,395000000,6,77459
VinFast Fadil Tiêu Chuẩn 2021,2021,Xe cũ,Trong nước,Máy xăng,Hatchback,VinFast,298000000,4,299
Mercedes-Benz GLC 200 4Matic 2022,2022,Xe cũ,Trong nước,Máy xăng,SUV,Mercedes-Benz,1593000000,3,33000
Mercedes-Benz GLC 200 4Matic 2019,2019,Xe cũ,Nhập khẩu,Máy xăng,SUV,Mercedes-Benz,1100000000,6,45000
Toyota Fortuner 2.8V 4X4 AT 2018,2018,Xe cũ,Trong nước,Máy dầu,SUV,Toyota,785000000,7,110000
Ford EcoSport Titanium 1.5L AT 2020,2020,Xe cũ,Trong nước,Máy xăng,SUV,Ford,479000000,5,33455
Toyota Fortuner 2.4 MT 4x2 2018,2018,Xe cũ,Trong nước,Máy dầu,SUV,Toyota,695000000,7,83000
Mazda CX-5 2.0 Premium 2020,2020,Xe cũ,Trong nước,Máy xăng,SUV,Mazda,688000000,5,41000
Kia Morning AT 2011,2011,Xe cũ,Nhập khẩu,Máy xăng,Hatchback,Kia,219000000,14,133000
Honda CR-V 1.5 L 2018,2018,Xe cũ,Trong nước,Máy xăng,SUV,Honda,668000000,7,103098
Mercedes-Benz GLC 200 4Matic 2022,2022,Xe cũ,Trong nước,Máy xăng,SUV,Mercedes-Benz,1399000000,3,40000
Ford Everest 2.0L ST5 6AT 2WD Titanium 2018,2018,Xe cũ,Nhập khẩu,Máy dầu,SUV,Ford,830000000,7,77000
Kia Carnival 2021,2021,Xe cũ,Trong nước,Máy xăng,MPV,Kia,1090000000,4,56000
Mercedes-Benz C200 2.0 AT 2016,2016,Xe cũ,Trong nước,Máy xăng,Sedan,Mercedes-Benz,638000000,9,106000
Mitsubishi Xpander 1.5 MT 2022,2022,Xe cũ,Nhập khẩu,Máy xăng,MPV,Mitsubishi,459000000,3,145000
Mercedes-Benz GLC 300 4Matic 2017,2017,Xe cũ,Nhập khẩu,Máy xăng,SUV,Mercedes-Benz,960000000,8,50000
Toyota Innova 2.0E 2019,2019,Xe cũ,Nhập khẩu,Máy xăng,MPV,Toyota,415000000,6,260000
Kia Cerato 2.0 AT Premium 2019,2019,Xe cũ,Trong nước,Máy xăng,Sedan,Kia,475000000,6,68000
VinFast LUX A2.0 Tiêu chuẩn 2022,2022,Xe cũ,Trong nước,Máy xăng,Sedan,VinFast,579000000,3,45000
Kia Cerato 1.6 AT Luxury 2021,2021,Xe cũ,Trong nước,Máy xăng,Sedan,Kia,508000000,4,21000
Ford Everest Titanium 2.0 AT 4x2 2019,2019,Xe cũ,Nhập khẩu,Máy dầu,SUV,Ford,850000000,6,76000
Kia Seltos 1.6 Premium 2021,2021,Xe cũ,Trong nước,Máy xăng,Van/Minivan,Kia,545000000,4,39000
Toyota Innova 2.0E 2015,2015,Xe cũ,Nhập khẩu,Máy xăng,MPV,Toyota,295000000,10,400000
Mitsubishi Attrage 1.2L AT 2015,2015,Xe cũ,Nhập khẩu,Máy xăng,Sedan,Mitsubishi,235000000,10,150000
Mercedes-Benz C300 AMG 2022,2022,Xe cũ,Trong nước,Máy xăng,Sedan,Mercedes-Benz,1839000000,3,26666
Land Rover Range Rover Evoque 2.0 R-Dynamic SE 2014,2014,Xe cũ,Nhập khẩu,Máy xăng,SUV,Land,690000000,11,75000
VinFast VF8 Plus 2022,2022,Xe cũ,Trong nước,Điện,SUV,VinFast,745000000,3,30000
Mazda 2 Sedan 1.5L Deluxe 2017,2017,Xe cũ,Trong nước,Máy xăng,Sedan,Mazda,350000000,8,80000
Kia Sonet 1.5 Premium 2024,2024,Xe cũ,Trong nước,Máy xăng,Crossover,Kia,598000000,1,19000
VinFast LUX A2.0 Cao cấp 2022,2022,Xe cũ,Trong nước,Máy xăng,Sedan,VinFast,654000000,3,20000
Hyundai Accent 1.4 AT 2018,2018,Xe cũ,Trong nước,Máy xăng,Sedan,Hyundai,355000000,7,80
Hyundai Creta 1.5L Đặc biệt 2024,2024,Xe cũ,Trong nước,Máy xăng,SUV,Hyundai,615000000,1,10000
Mercedes-Benz C250 AMG 2015,2015,Xe cũ,Nhập khẩu,Máy xăng,Sedan,Mercedes-Benz,580000000,10,70000
Hyundai Starex 2.4 MT 2008,2008,Xe cũ,Nhập khẩu,Máy dầu,Xe tải,Hyundai,225000000,17,160000
Hyundai Grand i10 2018,2018,Xe cũ,Trong nước,Máy xăng,Sedan,Hyundai,325000000,7,25000
Ford Ranger Wildtrak 3.2 4x4 AT 2016,2016,Xe cũ,Nhập khẩu,Máy dầu,Bán tải,Ford,520000000,9,100000
Hyundai Santa Fe 2.2 Dầu Cao cấp 2021,2021,Xe cũ,Trong nước,Máy dầu,SUV,Hyundai,1080000000,4,58583
Kia K3 1.6AT 2016,2016,Xe cũ,Trong nước,Máy xăng,Sedan,Kia,355000000,9,100000
Honda City 1.5 TOP CVT 2019,2019,Xe cũ,Trong nước,Máy xăng,Sedan,Honda,395000000,6,89000
Hyundai Tucson 2.0 Đặc biệt 2009,2009,Xe cũ,Nhập khẩu,Máy xăng,SUV,Hyundai,215000000,16,156899
Toyota Corolla Altis 2014,2014,Xe cũ,Trong nước,Máy xăng,Other,Toyota,430000000,11,180000
Ford Ranger XLS 2.2 4x2 MT 2018,2018,Xe cũ,Nhập khẩu,Máy dầu,Bán tải,Ford,479000000,7,110000
Kia Carnival 2.2D Signature 2021,2021,Xe cũ,Trong nước,Máy dầu,Van/Minivan,Kia,1099000000,4,88000
Mitsubishi Xpander 1.5 MT 2021,2021,Xe cũ,Trong nước,Máy xăng,MPV,Mitsubishi,429000000,4,27000
Mitsubishi Outlander 2.0 CVT Premium 2023,2023,Xe cũ,Trong nước,Máy xăng,SUV,Mitsubishi,830000000,2,1
Toyota Yaris 1.5G 2022,2022,Xe cũ,Nhập khẩu,Máy xăng,Hatchback,Toyota,566000000,3,27000
Ford Ranger XLS 2.0L 4x2 AT 2023,2023,Xe cũ,Trong nước,Máy xăng,Bán tải,Ford,639000000,2,36000
VinFast VF5 Plus 2023,2023,Xe cũ,Trong nước,Điện,SUV,VinFast,480000000,2,13000
Toyota Veloz 2022,2022,Xe cũ,Trong nước,Máy xăng,MPV,Toyota,536000000,3,48000
Mazda 6 2.0 AT 2017,2017,Xe cũ,Trong nước,Máy xăng,Sedan,Mazda,450000000,8,100000
Hyundai Elantra Sport 1.6 2020,2020,Xe cũ,Trong nước,Máy xăng,Sedan,Hyundai,509000000,5,61000
Toyota Yaris 1.3G 2015,2015,Xe cũ,Nhập khẩu,Máy xăng,Hatchback,Toyota,365000000,10,170000
VinFast LUX SA2.0 2022,2022,Xe cũ,Trong nước,Máy xăng,SUV,VinFast,529000000,3,40000
Ford Everest Titanium 2.0L AT 4WD 2021,2021,Xe cũ,Nhập khẩu,Máy dầu,SUV,Ford,965000000,4,68000
Toyota Vios 1.5G AT 2023,2023,Xe cũ,Trong nước,Máy xăng,Sedan,Toyota,499000000,2,46000
Chevrolet Cruze LT 1.6 2017,2017,Xe cũ,Trong nước,Máy xăng,Sedan,Chevrolet,255000000,8,130000
Toyota Veloz Cross 1.5 CVT 2022,2022,Xe cũ,Trong nước,Máy xăng,MPV,Toyota,538000000,3,25000
Subaru Outback 2.5i-S 2016,2016,Xe cũ,Nhập khẩu,Máy xăng,Hatchback,Subaru,675000000,9,80000
Mazda 3 1.5L Sedan 2022,2022,Xe cũ,Trong nước,Máy xăng,Sedan,Mazda,545000000,3,33000
Mercedes-Benz GLC 250 4Matic 2016,2016,Xe cũ,Trong nước,Máy xăng,SUV,Mercedes-Benz,839000000,9,60000
BMW X3 sDrive20i 2024,2024,Xe cũ,Nhập khẩu,Máy xăng,SUV,BMW,1999000000,1,16000
Mercedes-Benz GLC 200 2021,2021,Xe cũ,Trong nước,Máy xăng,SUV,Mercedes-Benz,1398000000,4,39000
Kia Sportage 1.6 T Signature X-line AWD 2024,2024,Xe cũ,Trong nước,Máy xăng,SUV,Kia,979000000,1,12000
VinFast Fadil Tiêu Chuẩn 2021,2021,Xe cũ,Trong nước,Máy xăng,Hatchback,VinFast,298000000,4,31000
Lexus ES 350 2015,2015,Xe cũ,Nhập khẩu,Máy xăng,Sedan,Lexus,1050000000,10,72000
Ford Fiesta S 1.6 AT 2011,2011,Xe cũ,Nhập khẩu,Máy xăng,Hatchback,Ford,199000000,14,159000
Ford Ranger Wildtrak 2.0L 4x4 AT 2023,2023,Xe cũ,Trong nước,Máy dầu,Bán tải,Ford,850000000,2,37900
Ford Ranger Raptor 2022,2022,Xe cũ,Nhập khẩu,Máy dầu,Bán tải,Ford,950000000,3,71000
Mazda 3 Sedan 1.5L Luxury 2022,2022,Xe cũ,Trong nước,Máy xăng,Sedan,Mazda,548000000,3,39000
Mercedes-Benz GLC 200 V1 2022,2022,Xe cũ,Trong nước,Máy xăng,SUV,Mercedes-Benz,1679000000,3,28000
Toyota Corolla Altis 1.8G MT 2009,2009,Xe cũ,Trong nước,Máy xăng,Sedan,Toyota,225000000,16,250000
Hyundai i30 CW 1.6 AT 2009,2009,Xe cũ,Nhập khẩu,Máy xăng,Hatchback,Hyundai,230000000,16,86000
Hyundai Grand i10 2014,2014,Xe cũ,Nhập khẩu,Máy xăng,Hatchback,Hyundai,119000000,11,111000
Toyota RAV4 LE 2007,2007,Xe cũ,Nhập khẩu,Máy xăng,SUV,Toyota,245000000,18,120000
Kia Seltos 1.4 Premium 2021,2021,Xe cũ,Trong nước,Máy xăng,SUV,Kia,568000000,4,51000
Hyundai Grand i10 2014,2014,Xe cũ,Trong nước,Máy xăng,Hatchback,Hyundai,145000000,11,131955
Mercedes-Benz GLC 200 4Matic 2020,2020,Xe cũ,Trong nước,Máy xăng,SUV,Mercedes-Benz,1215000000,5,56000
Ford Focus 1.5L EcoBoost Trend Hatchback 2018,2018,Xe cũ,Trong nước,Máy xăng,Sedan,Ford,379000000,7,80000
Mazda 3 Sedan 1.5L Deluxe 2024,2024,Xe cũ,Trong nước,Máy xăng,Sedan,Mazda,555000000,1,24000
Mercedes-Benz C200 2014,2014,Xe cũ,Trong nước,Máy xăng,Sedan,Mercedes-Benz,580000000,11,76000
Mazda CX-5 2.5 2017,2017,Xe cũ,Nhập khẩu,Máy xăng,SUV,Mazda,525000000,8,12000
Hyundai Elantra   2.0 AT 2019,2019,Xe cũ,Trong nước,Máy xăng,Sedan,Hyundai,445000000,6,70000
Kia Morning Si 1.25 MT 2015,2015,Xe cũ,Nhập khẩu,Máy xăng,Hatchback,Kia,160000000,10,54000
BMW 520i M Sport 2022,2022,Xe cũ,Trong nước,Máy xăng,Other,BMW,1778000000,3,32000
Kia Ray 2012,2012,Xe cũ,Nhập khẩu,Máy xăng,MPV,Kia,430000000,13,63000
Mitsubishi Outlander 2.0 CVT 2021,2021,Xe cũ,Trong nước,Máy xăng,SUV,Mitsubishi,670000000,4,40000
Mercedes-Benz S450 4Matic Luxury 2017,2017,Xe cũ,Nhập khẩu,Máy xăng,Sedan,Mercedes-Benz,1890000000,8,60000
Toyota Vios 1.5E MT 2016,2016,Xe cũ,Trong nước,Máy xăng,Sedan,Toyota,255000000,9,88000
Nissan Almera CVT Cao cấp 2021,2021,Xe cũ,Nhập khẩu,Máy xăng,Sedan,Nissan,420000000,4,70900
Ford Escape XLT 2.3 AT 4x4 2012,2012,Xe cũ,Nhập khẩu,Máy xăng,SUV,Ford,323000000,13,125000
Hyundai Grand i10 2014,2014,Xe cũ,Nhập khẩu,Máy xăng,Hatchback,Hyundai,119000000,11,110000
Mercedes-Benz GLC 300 4Matic 2018,2018,Xe cũ,Trong nước,Máy xăng,SUV,Mercedes-Benz,1080000000,7,60000
Ford Ranger 2016,2016,Xe cũ,Nhập khẩu,Máy dầu,Bán tải,Ford,455000000,9,121000
Ford Escape XLT 2.3 AT 4x4 2004,2004,Xe cũ,Trong nước,Máy xăng,SUV,Ford,145000000,21,190000
Honda CR-V 1.5 G 2020,2020,Xe cũ,Trong nước,Máy xăng,SUV,Honda,760000000,5,65000
Mazda 3 1.6 AT 2017,2017,Xe cũ,Trong nước,Máy xăng,Sedan,Mazda,408000000,8,80000
MG 5 LUX 2023,2023,Xe cũ,Nhập khẩu,Máy xăng,SUV,MG,485000000,2,8000
Hyundai Santa Fe 2.2 Dầu Cao cấp 2022,2022,Xe cũ,Trong nước,Máy xăng,SUV,Hyundai,1168000000,3,60000
Mazda 3 Sedan 1.5L Luxury 2024,2024,Xe cũ,Trong nước,Máy xăng,Sedan,Mazda,609000000,1,10000
Honda City 1.5 L 2022,2022,Xe cũ,Trong nước,Máy xăng,Sedan,Honda,445000000,3,70000
Ford Ranger XLS 2.2 4x2 AT 2017,2017,Xe cũ,Trong nước,Máy dầu,Bán tải,Ford,430000000,8,100000
Chevrolet Cruze LTZ 1.8 2016,2016,Xe cũ,Trong nước,Máy xăng,Sedan,Chevrolet,240000000,9,100
Kia Morning SLX 1.0 AT 2009,2009,Xe cũ,Nhập khẩu,Máy xăng,Hatchback,Kia,133000000,16,16000
Ford Ranger Wildtrak 2.0L 4x4 AT 2017,2017,Xe cũ,Trong nước,Máy xăng,Other,Ford,580000000,8,75000
Mercedes-Benz C200 Exclusive 2020,2020,Xe cũ,Nhập khẩu,Máy xăng,Sedan,Mercedes-Benz,990000000,5,40000
Mercedes-Benz C200 Avantgarde Plus 2022,2022,Xe cũ,Trong nước,Máy xăng,Sedan,Mercedes-Benz,1399000000,3,10000
Kia K3 1.6MT 2015,2015,Xe cũ,Trong nước,Máy xăng,Sedan,Kia,338000000,10,140000
Kia Carens EX 2.0 MT 2009,2009,Xe cũ,Trong nước,Máy xăng,Crossover,Kia,179000000,16,70000
Mercedes-Benz GLB 200 AMG 2021,2021,Xe cũ,Nhập khẩu,Máy xăng,SUV,Mercedes-Benz,1369000000,4,55000
Toyota Vios 1.5 G CVT 2022,2022,Xe cũ,Trong nước,Máy xăng,Sedan,Toyota,445000000,3,61000
Hyundai Tucson 1.6 Turbo HTRAC 2024,2024,Xe cũ,Trong nước,Máy xăng,SUV,Hyundai,919000000,1,32000
Hyundai Grand i10 Hatchback 1.2 AT 2019,2019,Xe cũ,Trong nước,Máy xăng,Hatchback,Hyundai,308000000,6,50000
Ford Ranger Wildtrak 2.2 4x2 AT 2014,2014,Xe cũ,Trong nước,Máy dầu,Bán tải,Ford,340000000,11,140000
MG ZS 1.5 2WD LUX+ 2024,2024,Xe cũ,Nhập khẩu,Máy xăng,SUV,MG,499000000,1,19000
Honda HR-V L 2022,2022,Xe cũ,Nhập khẩu,Máy xăng,SUV,Honda,670000000,3,50000
Kia Morning S 1.25 AT 2018,2018,Xe cũ,Trong nước,Máy xăng,Hatchback,Kia,295000000,7,68000
Kia Seltos 1.4 Premium 2023,2023,Xe cũ,Trong nước,Máy xăng,SUV,Kia,660000000,2,32000
Mercedes-Benz GLC 200 4Matic 2023,2023,Xe cũ,Trong nước,Máy xăng,SUV,Mercedes-Benz,1939000000,2,17000
Ford Ranger XLS 2.2 4x2 AT 2020,2020,Xe cũ,Nhập khẩu,Máy dầu,Bán tải,Ford,510000000,5,60000
Ford Escape XLT 2.3 AT 4x4 2009,2009,Xe cũ,Trong nước,Máy xăng,SUV,Ford,220000000,16,40000
Mercedes-Benz C200 Exclusive 2019,2019,Xe cũ,Trong nước,Máy xăng,Sedan,Mercedes-Benz,820000000,6,45000
Hyundai Custin 2.0T-GDi Cao cấp 2024,2024,Xe cũ,Trong nước,Máy xăng,MPV,Hyundai,919000000,1,19000
VinFast Fadil Nâng Cao 2020,2020,Xe cũ,Trong nước,Máy xăng,Hatchback,VinFast,300000000,5,60000
Mercedes-Benz V250 AMG 2020,2020,Xe cũ,Nhập khẩu,Máy xăng,Van/Minivan,Mercedes-Benz,1550000000,5,82000
Mercedes-Benz E250 2023,2023,Xe cũ,Nhập khẩu,Máy xăng,Sedan,Mercedes-Benz,870000000,2,45000
Toyota Land Cruiser VX 4.6 V8 2013,2013,Xe cũ,Nhập khẩu,Máy xăng,SUV,Toyota,1790000000,12,130000
Ford Everest Titanium 2.0 AT 4x2 2021,2021,Xe cũ,Nhập khẩu,Máy dầu,SUV,Ford,915000000,4,56000
Mazda 2 1.5AT 2020,2020,Xe cũ,Trong nước,Máy xăng,Sedan,Mazda,415000000,5,51000
Peugeot 2008 GT Line 2022,2022,Xe cũ,Trong nước,Máy xăng,Crossover,Peugeot,675000000,3,18000
Hyundai Tucson đặc biệt 2019,2019,Xe cũ,Trong nước,Máy xăng,SUV,Hyundai,620000000,6,51000
Mercedes-Benz C200 2.0 AT 2016,2016,Xe cũ,Nhập khẩu,Máy xăng,Sedan,Mercedes-Benz,585000000,9,70000
Kia Morning 1.25 MT 2019,2019,Xe cũ,Trong nước,Máy xăng,Hatchback,Kia,188000000,6,85000
MG HS 1.5T Lux 2024,2024,Xe cũ,Trong nước,Máy xăng,SUV,MG,619000000,1,19000
Mazda 3 2.0L Sedan 2017,2017,Xe cũ,Trong nước,Máy xăng,Sedan,Mazda,396000000,8,60000
Nissan Navara EL Premium R 2018,2018,Xe cũ,Nhập khẩu,Máy dầu,Bán tải,Nissan,425000000,7,86000
BYD Seal Performance 2024,2024,Xe cũ,Nhập khẩu,Điện,Sedan,BYD,999000000,1,3000
Hyundai Tucson 2.0 Tiêu chuẩn 2019,2019,Xe cũ,Trong nước,Máy xăng,SUV,Hyundai,595000000,6,60000
Hyundai Grand Starex 2.4 MT 2010,2010,Xe cũ,Nhập khẩu,Máy xăng,Van/Minivan,Hyundai,270000000,15,290000
VinFast Fadil Tiêu Chuẩn 2021,2021,Xe cũ,Trong nước,Máy xăng,Other,VinFast,300000000,4,60000
Mercedes-Benz GLC 300 4Matic 2019,2019,Xe cũ,Nhập khẩu,Máy xăng,SUV,Mercedes-Benz,1099000000,6,83000
Mini Cooper S 3 cửa 2018,2018,Xe cũ,Nhập khẩu,Máy xăng,Hatchback,Mini,1199000000,7,26000
Kia Seltos 1.4T Premium 2023,2023,Xe cũ,Trong nước,Máy xăng,SUV,Kia,650000000,2,24000
BMW X6 xDrive30i Msport 2008,2008,Xe cũ,Nhập khẩu,Máy xăng,SUV,BMW,395000000,17,110000
Volvo S90 Ultimate AWD 2020,2020,Xe cũ,Nhập khẩu,Máy xăng,Sedan,Volvo,1439000000,5,21000
Hyundai Tucson 1.6 Turbo HTRAC 2018,2018,Xe cũ,Trong nước,Máy xăng,SUV,Hyundai,616000000,7,62000
Mercedes-Benz C300 AMG 2022,2022,Xe cũ,Trong nước,Máy xăng,Sedan,Mercedes-Benz,1650000000,3,9000
Hyundai Tucson 1.6 Turbo HTRAC 2018,2018,Xe cũ,Trong nước,Máy xăng,SUV,Hyundai,590000000,7,86000
Mitsubishi Outlander 2.0 CVT 2022,2022,Xe cũ,Trong nước,Máy xăng,SUV,Mitsubishi,688000000,3,39000
Suzuki Vitara 2.0L AT 4X4 2003,2003,Xe cũ,Nhập khẩu,Máy xăng,SUV,Suzuki,135000000,22,178000
Volkswagen Polo 2017,2017,Xe cũ,Nhập khẩu,Máy xăng,Other,Volkswagen,310000000,8,60000
Hyundai Accent 1.4 AT Tiêu chuẩn 2024,2024,Xe cũ,Trong nước,Máy xăng,Sedan,Hyundai,459000000,1,20000
Kia Seltos 1.4T Deluxe 2021,2021,Xe cũ,Trong nước,Máy xăng,SUV,Kia,535000000,4,50000
Hyundai Accent 1.4 AT 2023,2023,Xe cũ,Trong nước,Máy xăng,Sedan,Hyundai,468000000,2,11725
VinFast VF 3 2025,2025,Xe cũ,Trong nước,Điện,Hatchback,VinFast,240000000,0,900
Toyota Corolla Cross 1.8 V  2021,2021,Xe cũ,Trong nước,Máy xăng,SUV,Toyota,705000000,4,38000
Isuzu D-Max LS 2.5 4x4 MT 2016,2016,Xe cũ,Nhập khẩu,Máy dầu,Bán tải,Isuzu,365000000,9,68000
Toyota Vios 2016,2016,Xe cũ,Trong nước,Máy xăng,Sedan,Toyota,355000000,9,100000
Toyota Hilux 2.4G 4x2 AT 2021,2021,Xe cũ,Nhập khẩu,Máy dầu,Bán tải,Toyota,635000000,4,75000
Isuzu Hi Lander 2.5AT 2005,2005,Xe cũ,Trong nước,Máy dầu,SUV,Isuzu,155000000,20,250000
Mercedes-Benz E180 V1 2022,2022,Xe cũ,Trong nước,Máy xăng,Sedan,Mercedes-Benz,1559000000,3,5999
Toyota Corolla Altis 1.8G CVT 2019,2019,Xe cũ,Trong nước,Máy xăng,Sedan,Toyota,519000000,6,80000
Toyota Vios 1.5G AT 2016,2016,Xe cũ,Trong nước,Máy xăng,Sedan,Toyota,370000000,9,84000
Honda Civic 1.5 G 2018,2018,Xe cũ,Nhập khẩu,Máy xăng,Sedan,Honda,519000000,7,57000
Mazda CX-5 2.5 AWD 2018,2018,Xe cũ,Trong nước,Máy xăng,SUV,Mazda,580000000,7,60000
Toyota Fortuner 2.4G 4x2 AT  2020,2020,Xe cũ,Nhập khẩu,Máy xăng,Other,Toyota,879000000,5,97000
Mercedes-Benz C200 Exclusive 2019,2019,Xe cũ,Trong nước,Máy xăng,Other,Mercedes-Benz,919000000,6,15000
Kia Cerato 2018,2018,Xe cũ,Trong nước,Máy xăng,Sport Car,Kia,310000000,7,85000
Hyundai Genesis 2010,2010,Xe cũ,Trong nước,Máy xăng,Sedan,Hyundai,350000000,15,98000
Kia Morning Luxury 2020,2020,Xe cũ,Trong nước,Máy xăng,Hatchback,Kia,299000000,5,60000
Toyota Innova 2.0E 2020,2020,Xe cũ,Nhập khẩu,Máy xăng,MPV,Toyota,450000000,5,100000
Kia Morning 1.25 MT 2019,2019,Xe cũ,Trong nước,Máy xăng,Hatchback,Kia,190000000,6,91000
Mazda CX-5 2.0 Premium 2021,2021,Xe cũ,Trong nước,Máy xăng,SUV,Mazda,699000000,4,60000
Volvo S90 Inscription 2020,2020,Xe cũ,Nhập khẩu,Máy xăng,Sedan,Volvo,1499000000,5,33800
VinFast VF e34 Tiêu chuẩn 2022,2022,Xe cũ,Trong nước,Máy xăng,Other,VinFast,510000000,3,20000
Hyundai Santa Fe 2.4L Xăng Đặc biệt 2015,2015,Xe cũ,Trong nước,Máy xăng,SUV,Hyundai,568000000,10,120000
Hyundai Accent 1.4 AT 2022,2022,Xe cũ,Trong nước,Máy xăng,Sedan,Hyundai,385000000,3,69800
Toyota Hilux 2.4E 4×2 AT 2018,2018,Xe cũ,Nhập khẩu,Máy dầu,Bán tải,Toyota,485000000,7,189000
Kia Cerato 1.6 AT Luxury 2019,2019,Xe cũ,Trong nước,Máy xăng,Sedan,Kia,450000000,6,70000
Toyota Innova 2.0G 2011,2011,Xe cũ,Trong nước,Máy xăng,MPV,Toyota,245000000,14,130000
Hyundai Elantra   2.0 AT 2019,2019,Xe cũ,Trong nước,Máy xăng,Sedan,Hyundai,435000000,6,65000
Honda City RS 2023,2023,Xe cũ,Trong nước,Máy xăng,Sedan,Honda,495000000,2,30000
Mercedes-Benz C200 Avantgarde 2022,2022,Xe cũ,Trong nước,Máy xăng,Sedan,Mercedes-Benz,1239000000,3,48000
Kia Seltos 1.4 Premium 2022,2022,Xe cũ,Trong nước,Máy xăng,SUV,Kia,629000000,3,41000
Mazda 3 1.5 Hatchback 2019,2019,Xe cũ,Trong nước,Máy xăng,Hatchback,Mazda,515000000,6,32000
Kia Cerato 1.6 MT 2018,2018,Xe cũ,Trong nước,Máy xăng,Sedan,Kia,295000000,7,80000
Nissan Kicks 2022,2022,Xe cũ,Nhập khẩu,Hybrid,Crossover,Nissan,586000000,3,20000
Kia Morning 1.25 MT 2014,2014,Xe cũ,Trong nước,Máy xăng,Hatchback,Kia,95000000,11,110000
Suzuki Swift 2014,2014,Xe cũ,Nhập khẩu,Máy xăng,Hatchback,Suzuki,265000000,11,86000
Mitsubishi Triton 4×2 AT MIVEC 2021,2021,Xe cũ,Nhập khẩu,Máy dầu,Bán tải,Mitsubishi,525000000,4,78000
Hyundai Accent 1.4 AT 2019,2019,Xe cũ,Trong nước,Máy xăng,Sedan,Hyundai,388000000,6,90000
Toyota Zace 2001,2001,Xe cũ,Trong nước,Máy xăng,SUV,Toyota,85000000,24,10000
Mercedes-Benz GLC 250 4Matic 2017,2017,Xe cũ,Nhập khẩu,Máy xăng,SUV,Mercedes-Benz,820000000,8,94000
Mercedes-Benz GLC 200 4Matic 2021,2021,Xe cũ,Trong nước,Máy xăng,SUV,Mercedes-Benz,1557000000,4,28000
Mitsubishi Xpander 1.5 AT  2019,2019,Xe cũ,Nhập khẩu,Máy xăng,MPV,Mitsubishi,455000000,6,59000
Hyundai Santa Fe 2.5 Xăng Cao cấp 2024,2024,Xe cũ,Trong nước,Máy xăng,SUV,Hyundai,1260000000,1,10000
Chevrolet Spark 1.2 mt 2018,2018,Xe cũ,Trong nước,Máy xăng,Hatchback,Chevrolet,144000000,7,92000
Nissan X trail 2.5 SV 4WD Premium 2018,2018,Xe cũ,Nhập khẩu,Máy xăng,SUV,Nissan,540000000,7,86000
Audi Q3 2024,2024,Xe cũ,Nhập khẩu,Máy xăng,SUV,Audi,1738000000,1,5000
Hyundai Grand i10 Sedan 1.2 AT 2018,2018,Xe cũ,Trong nước,Máy xăng,Sedan,Hyundai,325000000,7,25000
Hyundai Porter II 2016,2016,Xe cũ,Nhập khẩu,Máy dầu,Xe tải,Hyundai,375000000,9,60000
BMW 520i Luxury Line 2020,2020,Xe cũ,Nhập khẩu,Máy xăng,Sedan,BMW,1399000000,5,48888
Ford Everest 2.0L ST5 6AT 2WD Titanium 2022,2022,Xe cũ,Nhập khẩu,Máy dầu,SUV,Ford,1115000000,3,96000
Kia Morning S 1.25 AT 2018,2018,Xe cũ,Trong nước,Máy xăng,Hatchback,Kia,268000000,7,52000
Hyundai Grand i10 Hatchback 1.2 MT Base 2021,2021,Xe cũ,Trong nước,Máy xăng,Hatchback,Hyundai,268000000,4,68130
Ford Ranger XLS 2.2L 4x2 MT 2015,2015,Xe cũ,Nhập khẩu,Máy dầu,Bán tải,Ford,328000000,10,89000
Hyundai Avante 1.6 AT 2015,2015,Xe cũ,Nhập khẩu,Máy xăng,Sedan,Hyundai,265000000,10,115000
Suzuki Blind Van Suzuki Blind Van 2023,2023,Xe cũ,Trong nước,Máy xăng,Van/Minivan,Suzuki,260000000,2,3000
Suzuki XL7 1.5L 2021,2021,Xe cũ,Nhập khẩu,Máy xăng,MPV,Suzuki,458000000,4,80000
Toyota Corolla Altis 1.8 HEV 2023,2023,Xe cũ,Trong nước,Hybrid,Sedan,Toyota,775000000,2,40000
VinFast LUX A2.0 Cao cấp 2021,2021,Xe cũ,Trong nước,Máy xăng,Other,VinFast,505000000,4,50000
Mercedes-Benz GLC 200 4Matic 2021,2021,Xe cũ,Trong nước,Máy xăng,SUV,Mercedes-Benz,1439000000,4,37000
Mercedes-Benz GLC 200 V1 2022,2022,Xe cũ,Nhập khẩu,Máy xăng,SUV,Mercedes-Benz,1439000000,3,39000
Kia Carnival 2.2D Signature 2023,2023,Xe cũ,Trong nước,Máy dầu,MPV,Kia,1280000000,2,34000
Mazda 3 2017,2017,Xe cũ,Trong nước,Máy xăng,Sedan,Mazda,396000000,8,100000
Toyota Hilux 2.4G 4x2 AT 2021,2021,Xe cũ,Nhập khẩu,Máy dầu,Bán tải,Toyota,655000000,4,50000
Toyota Camry 2.5Q 2022,2022,Xe cũ,Nhập khẩu,Máy xăng,Sedan,Toyota,1179000000,3,10000
Honda Jazz VX 2018,2018,Xe cũ,Nhập khẩu,Máy xăng,Hatchback,Honda,305000000,7,60000
Ford Everest 2.0L ST5 6AT 2WD Titanium 2018,2018,Xe cũ,Nhập khẩu,Máy dầu,SUV,Ford,818000000,7,66000
Hyundai Grand i10 Hatchback 1.2 AT 2020,2020,Xe cũ,Trong nước,Máy xăng,Hatchback,Hyundai,333000000,5,52000
Lexus LS 600 2010,2010,Xe cũ,Nhập khẩu,Máy xăng,Sedan,Lexus,850000000,15,100000
Chevrolet Spark LT 2008,2008,Xe cũ,Trong nước,Máy xăng,Hatchback,Chevrolet,38000000,17,98900
Toyota Vios 1.5G AT 2020,2020,Xe cũ,Trong nước,Máy xăng,Sedan,Toyota,425000000,5,39000
Mercedes-Benz C300 AMG 2013,2013,Xe cũ,Trong nước,Máy xăng,Sedan,Mercedes-Benz,379000000,12,100000
Mercedes-Benz E200 Exclusive 2021,2021,Xe cũ,Trong nước,Máy xăng,Sedan,Mercedes-Benz,1499000000,4,48000
Kia Carens 2015,2015,Xe cũ,Trong nước,Máy xăng,Other,Kia,240000000,10,100000
BMW 520i Luxury Line 2022,2022,Xe cũ,Nhập khẩu,Máy xăng,Sedan,BMW,1579000000,3,23000
Ford Explorer 2.3L Ecoboost 2019,2019,Xe cũ,Nhập khẩu,Máy xăng,SUV,Ford,1110000000,6,80000
Toyota Innova 2.0E 2013,2013,Xe cũ,Trong nước,Máy xăng,MPV,Toyota,265000000,12,138000
Toyota Innova 2.0E 2019,2019,Xe cũ,Trong nước,Máy xăng,MPV,Toyota,445000000,6,84000
Hyundai Sonata 2.0L-6AT 2009,2009,Xe cũ,Nhập khẩu,Máy xăng,Sedan,Hyundai,219000000,16,120000
BMW 320i Sport Line 2024,2024,Xe cũ,Trong nước,Máy xăng,Sedan,BMW,1478000000,1,7000
Mercedes-Benz Sprinter 2007,2007,Xe cũ,Nhập khẩu,Máy dầu,Van/Minivan,Mercedes-Benz,159000000,18,57000
VinFast VF 3 2025,2025,Xe cũ,Trong nước,Điện,SUV,VinFast,268000000,0,6600
Ford Everest Titanium 2.0L AT 4WD 2022,2022,Xe cũ,Trong nước,Máy dầu,Other,Ford,1315000000,3,55000
Toyota Hiace Super Wagon 2.7 2011,2011,Xe cũ,Trong nước,Máy xăng,Van/Minivan,Toyota,285000000,14,10000
Hyundai i20 1.4 AT 2015,2015,Xe cũ,Nhập khẩu,Máy xăng,Hatchback,Hyundai,328000000,10,110000
Hyundai Accent 1.4 MT 2020,2020,Xe cũ,Trong nước,Máy xăng,Sedan,Hyundai,325000000,5,70000
Ford Everest Titanium 2.0L AT 4WD 2018,2018,Xe cũ,Nhập khẩu,Máy dầu,SUV,Ford,865000000,7,89000
Hyundai Tucson 2.0 Đặc biệt 2015,2015,Xe cũ,Nhập khẩu,Máy xăng,Crossover,Hyundai,535000000,10,84000
Mazda BT-50 Luxury 4x2 2.2 AT 2021,2021,Xe cũ,Nhập khẩu,Máy dầu,Bán tải,Mazda,490000000,4,42000
Mercedes-Benz C200 Exclusive 2018,2018,Xe cũ,Trong nước,Máy xăng,Sedan,Mercedes-Benz,695000000,7,57000
MG 5 1.5L Luxury 2022,2022,Xe cũ,Nhập khẩu,Máy xăng,Sedan,MG,399000000,3,34000
Nissan X trail 2.5 SV 4WD 2019,2019,Xe cũ,Nhập khẩu,Máy xăng,SUV,Nissan,599000000,6,64000
Hyundai Tucson 1.6 Đặc biệt 2016,2016,Xe cũ,Nhập khẩu,Máy xăng,Other,Hyundai,585000000,9,89000
Hyundai Santa Fe 2.4L Xăng Cao cấp 2020,2020,Xe cũ,Trong nước,Máy xăng,SUV,Hyundai,795000000,5,80000
Ford Ranger Wildtrak 3.2 4x4 AT 2017,2017,Xe cũ,Nhập khẩu,Máy dầu,Bán tải,Ford,605000000,8,70000
Toyota Sienna LE 3.5 AT FWD 2012,2012,Xe cũ,Nhập khẩu,Máy xăng,MPV,Toyota,550000000,13,116000
Mercedes-Benz C300 AMG 2021,2021,Xe cũ,Trong nước,Máy xăng,SUV,Mercedes-Benz,1099000000,4,68
Lexus RX 350 2008,2008,Xe cũ,Nhập khẩu,Máy xăng,SUV,Lexus,445000000,17,100000
MG 5 1.5L Luxury 2023,2023,Xe cũ,Nhập khẩu,Máy xăng,Other,MG,429000000,2,60000
Mercedes-Benz GLC 300 4Matic V1 2022,2022,Xe cũ,Trong nước,Máy xăng,Other,Mercedes-Benz,1938000000,3,8000
Toyota Fortuner 2.7 V 4X2 AT 2013,2013,Xe cũ,Trong nước,Máy xăng,SUV,Toyota,395000000,12,27000
Toyota Fortuner 2.7V 2019,2019,Xe cũ,Trong nước,Máy xăng,SUV,Toyota,798000000,6,77000
Ford Everest 2.0E 2022,2022,Xe cũ,Nhập khẩu,Máy dầu,SUV,Ford,1160000000,3,73372
Nissan Terra 2.5L E 2WD 7 AT 2019,2019,Xe cũ,Nhập khẩu,Máy xăng,SUV,Nissan,590000000,6,6700
Ford Ranger XLS 2.0L 4x2 AT 2021,2021,Xe cũ,Trong nước,Máy dầu,Bán tải,Ford,560000000,4,70000
Mitsubishi Outlander 2.0 CVT 2023,2023,Xe cũ,Trong nước,Máy xăng,SUV,Mitsubishi,735000000,2,42438
Hyundai Santa Fe 2.2 Dầu Cao cấp 2021,2021,Xe cũ,Trong nước,Máy dầu,SUV,Hyundai,1075000000,4,68234
BMW 730Li 2011,2011,Xe cũ,Nhập khẩu,Máy xăng,Sedan,BMW,565000000,14,83000
Kia Morning 1.25 MT 2016,2016,Xe cũ,Trong nước,Máy xăng,Hatchback,Kia,199000000,9,11111
Kia K3 1.6 Premium 2024,2024,Xe cũ,Trong nước,Máy xăng,Sedan,Kia,600000000,1,13600
Kia Cerato 2.0 AT Premium 2019,2019,Xe cũ,Trong nước,Máy xăng,Sedan,Kia,465000000,6,80000
Mercedes-Benz GLC 200 4Matic 2023,2023,Xe cũ,Trong nước,Máy xăng,SUV,Mercedes-Benz,1959000000,2,4600
Mazda 3 1.5 Hatchback 2018,2018,Xe cũ,Trong nước,Máy xăng,Hatchback,Mazda,438000000,7,79000
Ford Everest 2.0L ST5 6AT 2WD Titanium 2020,2020,Xe cũ,Nhập khẩu,Máy dầu,SUV,Ford,856000000,5,85000
Toyota Corolla Altis 2003,2003,Xe cũ,Trong nước,Máy xăng,Sedan,Toyota,79000000,22,30000
Ford Transit 9 Chỗ 2.4 Diesel 2018,2018,Xe cũ,Trong nước,Máy dầu,Van/Minivan,Ford,475000000,7,139000
Toyota Innova 2.0E 2014,2014,Xe cũ,Trong nước,Máy xăng,MPV,Toyota,315000000,11,79000
Hyundai Tucson 2018,2018,Xe cũ,Trong nước,Máy xăng,Other,Hyundai,585000000,7,70000
Peugeot 3008 Allure 2021,2021,Xe cũ,Trong nước,Máy xăng,SUV,Peugeot,740000000,4,50000
Ford Everest 2022,2022,Xe cũ,Nhập khẩu,Máy dầu,SUV,Ford,1169000000,3,67899
Hyundai Santa Fe 2.4L Xăng Tiêu chuẩn 2018,2018,Xe cũ,Trong nước,Máy xăng,SUV,Hyundai,580000000,7,122
Ford Ranger Wildtrak 2.0l bi-turbo 4x4 10 AT 2022,2022,Xe cũ,Trong nước,Máy dầu,Bán tải,Ford,799000000,3,60000
Kia Morning SX 1.1 AT 2008,2008,Xe cũ,Trong nước,Máy xăng,Hatchback,Kia,155000000,17,90000
Toyota Yaris 1.5G 2017,2017,Xe cũ,Nhập khẩu,Máy xăng,Hatchback,Toyota,425000000,8,24000
Mercedes-Benz GLC 300 4Matic 2023,2023,Xe cũ,Nhập khẩu,Máy xăng,SUV,Mercedes-Benz,1850000000,2,19000
Nissan Terra 2.5L V 4WD 7AT 2019,2019,Xe cũ,Nhập khẩu,Máy xăng,SUV,Nissan,639000000,6,45000
Ford Everest Titanium 2.0 AT 4x2 2020,2020,Xe cũ,Nhập khẩu,Máy dầu,SUV,Ford,860000000,5,80000
Hyundai Tucson 2.0 Đặc biệt 2023,2023,Xe cũ,Trong nước,Máy xăng,Crossover,Hyundai,830000000,2,27310
Mercedes-Benz GLC 300 4Matic V1 2022,2022,Xe cũ,Nhập khẩu,Máy xăng,SUV,Mercedes-Benz,1939000000,3,8000
Kia Seltos 1.4 Premium 2022,2022,Xe cũ,Nhập khẩu,Máy xăng,SUV,Kia,650000000,3,14000
Ford Everest 2.0L ST5 6AT 2WD Titanium 2018,2018,Xe cũ,Nhập khẩu,Máy dầu,SUV,Ford,830000000,7,77000
MG 5 1.5L MT 2024,2024,Xe cũ,Nhập khẩu,Máy xăng,Other,MG,305000000,1,15000
Mercedes-Benz C300 AMG 2022,2022,Xe cũ,Nhập khẩu,Máy xăng,Sedan,Mercedes-Benz,1779000000,3,12874
Nissan Navara EL 2020,2020,Xe cũ,Trong nước,Máy dầu,Other,Nissan,485000000,5,100000
Kia Morning SLX 1.0 AT 2008,2008,Xe cũ,Nhập khẩu,Máy xăng,Hatchback,Kia,130000000,17,130000
Toyota Corolla Cross 1.8 G 2021,2021,Xe cũ,Trong nước,Máy xăng,Crossover,Toyota,645000000,4,30000
Mercedes-Benz C250 AMG 2010,2010,Xe cũ,Nhập khẩu,Máy xăng,Sedan,Mercedes-Benz,220000000,15,78000
Mazda CX-5 2014,2014,Xe cũ,Trong nước,Máy xăng,SUV,Mazda,430000000,11,100000
Hyundai Santa Fe 2015,2015,Xe cũ,Trong nước,Máy xăng,SUV,Hyundai,560000000,10,120000
Mazda 2 Sport 1.5L Luxury 2019,2019,Xe cũ,Nhập khẩu,Máy xăng,Hatchback,Mazda,375000000,6,90000
Hyundai Kona 2.0 AT Tiêu chuẩn 2020,2020,Xe cũ,Trong nước,Máy xăng,SUV,Hyundai,468000000,5,58000
Kia Sonet 1.5 Deluxe 2023,2023,Xe cũ,Trong nước,Máy xăng,Crossover,Kia,496000000,2,30000
Hyundai Elantra Sport 1.6 2020,2020,Xe cũ,Trong nước,Máy xăng,Sedan,Hyundai,520000000,5,56000
Nissan Sunny XV 1.5 AT 2016,2016,Xe cũ,Trong nước,Máy xăng,Sedan,Nissan,235000000,9,96000
MG 5 1.5L Luxury 2024,2024,Xe cũ,Nhập khẩu,Máy xăng,Sedan,MG,415000000,1,20000
MG ZS 1.5 2WD Luxury 2023,2023,Xe cũ,Nhập khẩu,Máy xăng,Other,MG,465000000,2,20000
Hyundai Accent 1.4 AT Đặc biệt 2021,2021,Xe cũ,Trong nước,Máy xăng,Sedan,Hyundai,448000000,4,55000
Mercedes-Benz C200 2015,2015,Xe cũ,Trong nước,Máy xăng,Sedan,Mercedes-Benz,598000000,10,60000
Ford EcoSport Titanium 1.0L AT 2018,2018,Xe cũ,Trong nước,Máy xăng,SUV,Ford,380000000,7,80000
Mercedes-Benz C300 AMG 2016,2016,Xe cũ,Trong nước,Máy xăng,Sedan,Mercedes-Benz,757000000,9,76000
Hyundai Accent 1.4 MT 2021,2021,Xe cũ,Trong nước,Máy xăng,Sedan,Hyundai,345000000,4,99333
Toyota Innova 2.0E 2017,2017,Xe cũ,Trong nước,Máy xăng,Other,Toyota,398000000,8,170000
Mazda CX-5 2.5L Signature Premium AWD 2022,2022,Xe cũ,Trong nước,Máy xăng,SUV,Mazda,775000000,3,48000
Toyota Innova 2.0E 2017,2017,Xe cũ,Trong nước,Máy xăng,MPV,Toyota,435000000,8,82000
Nissan Navara EL premium r 2.5 AT 2017,2017,Xe cũ,Nhập khẩu,Máy dầu,SUV,Nissan,425000000,8,140000
Toyota Hilux 2.5E 4x2 MT 2016,2016,Xe cũ,Nhập khẩu,Máy dầu,Bán tải,Toyota,456000000,9,92000
Honda Civic 1.5 G 2018,2018,Xe cũ,Nhập khẩu,Máy xăng,Sedan,Honda,500000000,7,49500
Hyundai Grand i10 Sedan 1.2 MT 2016,2016,Xe cũ,Nhập khẩu,Máy xăng,Hatchback,Hyundai,168000000,9,12345
Toyota Fortuner 2022,2022,Xe cũ,Trong nước,Máy xăng,Other,Toyota,939000000,3,56000
Kia Cerato 2.0 AT Premium 2020,2020,Xe cũ,Trong nước,Máy xăng,Sedan,Kia,490000000,5,61000
VinFast VF5 Plus 2025,2025,Xe cũ,Trong nước,Điện,Crossover,VinFast,465000000,0,20000
Mercedes-Benz C300 2017,2017,Xe cũ,Nhập khẩu,Máy xăng,Sedan,Mercedes-Benz,839000000,8,68000
BMW 520i Luxury Line 2022,2022,Xe cũ,Nhập khẩu,Máy xăng,Sedan,BMW,1579000000,3,23000
Ford Escape XLT 2.3 AT 4x4 2012,2012,Xe cũ,Trong nước,Máy xăng,Other,Ford,295000000,13,138000
Peugeot 3008 Premium 2022,2022,Xe cũ,Trong nước,Máy xăng,SUV,Peugeot,780000000,3,42000
Honda Civic 1.8 MT 2011,2011,Xe cũ,Trong nước,Máy xăng,Sedan,Honda,235000000,14,145000
Toyota Vios 1.5E MT 2018,2018,Xe cũ,Trong nước,Máy xăng,Sedan,Toyota,260000000,7,300000
Ford Transit 2023,2023,Xe cũ,Trong nước,Máy xăng,Other,Ford,745000000,2,39000
Mercedes-Benz GLC 200 4Matic 2022,2022,Xe cũ,Trong nước,Máy xăng,Other,Mercedes-Benz,1598000000,3,19999
Kia Morning 1.25 MT 2018,2018,Xe cũ,Trong nước,Máy xăng,Hatchback,Kia,176000000,7,104688
Kia Sorento 2.2D Premium AWD 2016,2016,Xe cũ,Trong nước,Máy dầu,SUV,Kia,525000000,9,114000
Mazda CX-5 2.0L Premium 2020,2020,Xe cũ,Nhập khẩu,Máy xăng,SUV,Mazda,668000000,5,55000
Toyota Fortuner 2.7V 2015,2015,Xe cũ,Trong nước,Máy xăng,SUV,Toyota,460000000,10,90000
Ford Tourneo Titanium 2022,2022,Xe cũ,Nhập khẩu,Máy xăng,MPV,Ford,980000000,3,13000
Honda Odyssey 2.4 CVT 2016,2016,Xe cũ,Nhập khẩu,Máy xăng,MPV,Honda,790000000,9,80000
Mercedes-Benz C300 AMG 2019,2019,Xe cũ,Nhập khẩu,Máy xăng,SUV,Mercedes-Benz,1068000000,6,49890
Hyundai Elantra Sport 1.6 2018,2018,Xe cũ,Trong nước,Máy xăng,Sedan,Hyundai,425000000,7,110000
Hyundai Elantra 2014,2014,Xe cũ,Nhập khẩu,Máy xăng,Sedan,Hyundai,320000000,11,80000
VinFast Fadil Tiêu Chuẩn 2021,2021,Xe cũ,Trong nước,Máy xăng,Hatchback,VinFast,300000000,4,40000
Mazda 2 Sedan 1.5L Luxury 2016,2016,Xe cũ,Trong nước,Máy xăng,Sedan,Mazda,310000000,9,120000
Mazda CX-5 2017,2017,Xe cũ,Trong nước,Máy xăng,SUV,Mazda,530000000,8,74000
Mazda 6 2.0 AT 2019,2019,Xe cũ,Trong nước,Máy xăng,Sedan,Mazda,535000000,6,60000
Kia K3 2.0 Premium 2022,2022,Xe cũ,Trong nước,Máy xăng,Sedan,Kia,525000000,3,40000
Land Rover Range Rover Evoque evoque 2012,2012,Xe cũ,Nhập khẩu,Máy xăng,SUV,Land,490000000,13,66400
Hyundai Accent 1.4 AT Đặc biệt 2021,2021,Xe cũ,Trong nước,Máy xăng,Sedan,Hyundai,435000000,4,60000
Peugeot 3008 Allure 2018,2018,Xe cũ,Nhập khẩu,Máy xăng,SUV,Peugeot,555000000,7,98000
Mercedes-Benz C200 2007,2007,Xe cũ,Nhập khẩu,Máy xăng,Sedan,Mercedes-Benz,215000000,18,140000
VinFast LUX A2.0 2020,2020,Xe cũ,Nhập khẩu,Máy xăng,Sedan,VinFast,500000000,5,80000
Hyundai Grand i10 Hatchback 1.2 AT 2019,2019,Xe cũ,Trong nước,Máy xăng,Hatchback,Hyundai,310000000,6,33000
Kia Cerato 1.6 AT Luxury 2018,2018,Xe cũ,Trong nước,Máy xăng,Sedan,Kia,438000000,7,72000
Kia Sonet 1.5 Premium 2023,2023,Xe cũ,Trong nước,Máy xăng,Crossover,Kia,575000000,2,21000
Hyundai Accent 1.4 AT 2023,2023,Xe cũ,Trong nước,Máy xăng,Sedan,Hyundai,475000000,2,13000
Kia Cerato 1.6 AT Luxury 2018,2018,Xe cũ,Trong nước,Máy xăng,Sedan,Kia,399000000,7,65689
Audi A6 2021,2021,Xe cũ,Trong nước,Máy xăng,Other,Audi,1788000000,4,14000
Toyota Vios 1.5E MT 2014,2014,Xe cũ,Trong nước,Máy xăng,Sedan,Toyota,148000000,11,130000
Hyundai Elantra 1.6 AT Đặc biệt 2022,2022,Xe cũ,Trong nước,Máy xăng,Sedan,Hyundai,546000000,3,41000
Peugeot 5008 Allure 2018,2018,Xe cũ,Trong nước,Máy xăng,SUV,Peugeot,650000000,7,49219
Kia Morning 1.0 AT Sport 2011,2011,Xe cũ,Nhập khẩu,Máy xăng,Hatchback,Kia,220000000,14,150000
BMW X3 xDrive30i 2021,2021,Xe cũ,Nhập khẩu,Máy xăng,SUV,BMW,1398000000,4,32200
Mercedes-Benz C300 2019,2019,Xe cũ,Trong nước,Máy xăng,Sedan,Mercedes-Benz,998000000,6,61000
Mercedes-Benz C300 AMG 2021,2021,Xe cũ,Nhập khẩu,Máy xăng,Sedan,Mercedes-Benz,1139000000,4,68000
Toyota Vios 1.5 G CVT 2019,2019,Xe cũ,Trong nước,Máy xăng,Sedan,Toyota,395000000,6,120000
VinFast LUX SA2.0 Tiêu chuẩn 2019,2019,Xe cũ,Trong nước,Máy xăng,SUV,VinFast,600000000,6,60000
Honda CR-V 1.5 L 2018,2018,Xe cũ,Trong nước,Máy xăng,SUV,Honda,668000000,7,100000
Mercedes-Benz E200 Exclusive 2020,2020,Xe cũ,Trong nước,Máy xăng,Sedan,Mercedes-Benz,1059000000,5,50000
Ford Everest 2.0L ST5 6AT 2WD Titanium 2019,2019,Xe cũ,Nhập khẩu,Máy dầu,SUV,Ford,745000000,6,87000
Mercedes-Benz GLK 300 4Matic 2011,2011,Xe cũ,Nhập khẩu,Máy xăng,SUV,Mercedes-Benz,320000000,14,10
Kia Cerato 2.0 AT Premium 2019,2019,Xe cũ,Trong nước,Máy xăng,Sedan,Kia,460000000,6,61000
Toyota Vios 1.5G AT 2020,2020,Xe cũ,Trong nước,Máy xăng,Sedan,Toyota,379000000,5,60000
Mercedes-Benz GLC 200 V1 2022,2022,Xe cũ,Trong nước,Máy xăng,SUV,Mercedes-Benz,1438000000,3,28000
Toyota Fortuner 2.5G 4x2 MT 2016,2016,Xe cũ,Trong nước,Máy dầu,SUV,Toyota,545000000,9,116000
Teraco Tera 100 2023,2023,Xe cũ,Trong nước,Máy xăng,Xe tải,Teraco,185000000,2,12000
BMW 320i 2024,2024,Xe cũ,Trong nước,Máy xăng,Other,BMW,1468000000,1,8000
Ford Ranger XLS 2.0L 4x2 MT 2017,2017,Xe cũ,Nhập khẩu,Máy dầu,Bán tải,Ford,366000000,8,80000
Mercedes-Benz A45 4Matic 2014,2014,Xe cũ,Nhập khẩu,Máy xăng,Hatchback,Mercedes-Benz,625000000,11,60000
Ford Ranger 2016,2016,Xe cũ,Nhập khẩu,Máy dầu,Bán tải,Ford,455000000,9,121000
Hyundai Santa Fe 2.2 Dầu Cao cấp 2019,2019,Xe cũ,Trong nước,Máy dầu,SUV,Hyundai,820000000,6,80000
Ford Ranger XLS 2.0L 4x2 AT 2014,2014,Xe cũ,Nhập khẩu,Máy dầu,Bán tải,Ford,344000000,11,100000
Mazda CX-5 2.0 Deluxe 2023,2023,Xe cũ,Trong nước,Máy xăng,SUV,Mazda,690000000,2,45176
Volkswagen Teramont X 2022,2022,Xe cũ,Trong nước,Máy xăng,Other,Volkswagen,1738000000,3,16666
Mercedes-Benz V250 Luxury 2019,2019,Xe cũ,Nhập khẩu,Máy xăng,Van/Minivan,Mercedes-Benz,1559000000,6,42000
Ford Everest 2.0L ST5 6AT 2WD Titanium 2018,2018,Xe cũ,Nhập khẩu,Máy dầu,SUV,Ford,830000000,7,77000
Chevrolet Spark 1.0 2015,2015,Xe cũ,Trong nước,Máy xăng,Hatchback,Chevrolet,98000000,10,82000
Mazda 3 1.5L Sedan 2017,2017,Xe cũ,Trong nước,Máy xăng,Sedan,Mazda,379000000,8,90000
VinFast VF8 Eco 2023,2023,Xe cũ,Trong nước,Điện,SUV,VinFast,760000000,2,18000
Ford Ranger Wildtrak 2.0L 4x4 AT 2022,2022,Xe cũ,Nhập khẩu,Máy dầu,Bán tải,Ford,785000000,3,60000
Toyota Fortuner 2.4 MT 4x2 2017,2017,Xe cũ,Nhập khẩu,Máy dầu,SUV,Toyota,610000000,8,150000
BMW 330i 2023,2023,Xe cũ,Trong nước,Máy xăng,Sedan,BMW,1739000000,2,4000
Mercedes-Benz C200 2001,2001,Xe cũ,Nhập khẩu,Máy xăng,Sedan,Mercedes-Benz,59000000,24,110000
Mercedes-Benz GLC 300 4Matic 2021,2021,Xe cũ,Trong nước,Máy xăng,SUV,Mercedes-Benz,1690000000,4,20000
Mercedes-Benz C250 AMG 2010,2010,Xe cũ,Nhập khẩu,Máy xăng,Sedan,Mercedes-Benz,220000000,15,81000
Lexus RX 200T T 2016,2016,Xe cũ,Nhập khẩu,Máy xăng,SUV,Lexus,1700000000,9,80000
Honda CR-V 1.5 L 2020,2020,Xe cũ,Trong nước,Máy xăng,SUV,Honda,855000000,5,43000
Mercedes-Benz E200 E200 2019,2019,Xe cũ,Nhập khẩu,Máy xăng,Sedan,Mercedes-Benz,1050000000,6,50000
Mazda 2 Sedan 1.5L Premium 2017,2017,Xe cũ,Trong nước,Máy xăng,Sedan,Mazda,345000000,8,85000
Ford EcoSport Titanium 1.5L AT 2014,2014,Xe cũ,Nhập khẩu,Máy xăng,SUV,Ford,290000000,11,66000
Mazda 6 2.5L 2015,2015,Xe cũ,Trong nước,Máy xăng,Sedan,Mazda,399000000,10,110000
Honda CR-V 1.5 L 2023,2023,Xe cũ,Trong nước,Máy xăng,SUV,Honda,920000000,2,40000
Nissan Navara EL Premium 2019,2019,Xe cũ,Nhập khẩu,Máy dầu,Bán tải,Nissan,460000000,6,71000
Mitsubishi Grandis 2.4 MIVEC 2010,2010,Xe cũ,Trong nước,Máy xăng,MPV,Mitsubishi,247000000,15,90000
Hyundai Elantra   2.0 AT 2018,2018,Xe cũ,Trong nước,Máy xăng,Sedan,Hyundai,445000000,7,52000
Mercedes-Benz GLC 200 4Matic 2021,2021,Xe cũ,Trong nước,Máy xăng,SUV,Mercedes-Benz,1559000000,4,27500
Mitsubishi Outlander 2.4 CVT Premium 2022,2022,Xe cũ,Trong nước,Máy xăng,SUV,Mitsubishi,769000000,3,12000
Honda City 1.5 CVT 2017,2017,Xe cũ,Trong nước,Máy xăng,Sedan,Honda,828000000,8,88000
Isuzu D-Max LS 3.0 4x2 AT 2008,2008,Xe cũ,Trong nước,Máy dầu,Bán tải,Isuzu,195000000,17,160000
Toyota Innova 2.0E 2018,2018,Xe cũ,Trong nước,Máy xăng,MPV,Toyota,388000000,7,90000
Toyota Fortuner 2.7 V 4X2 AT 2010,2010,Xe cũ,Trong nước,Máy xăng,SUV,Toyota,310000000,15,100000
Mercedes-Benz C200 Exclusive 2020,2020,Xe cũ,Nhập khẩu,Máy xăng,Sedan,Mercedes-Benz,1039000000,5,13000
Toyota Innova 2.0E 2017,2017,Xe cũ,Trong nước,Máy xăng,Other,Toyota,396000000,8,139000
Kia K3 1.6AT 2022,2022,Xe cũ,Trong nước,Máy xăng,Other,Kia,555000000,3,45000
Kia Forte SLI 1.6 AT 2011,2011,Xe cũ,Trong nước,Máy xăng,Sedan,Kia,255000000,14,92580
Kia Cerato 1.6 MT 2018,2018,Xe cũ,Trong nước,Máy xăng,Sedan,Kia,295000000,7,80000
Kia Carnival 2.2D Signature 2022,2022,Xe cũ,Trong nước,Máy dầu,MPV,Kia,1250000000,3,39000
Kia Seltos 1.4T Premium 2023,2023,Xe cũ,Trong nước,Máy xăng,SUV,Kia,655000000,2,14000
VinFast LUX A2.0 2022,2022,Xe cũ,Trong nước,Máy xăng,Sedan,VinFast,558000000,3,69000
Toyota Fortuner 2.4G 4x2 AT  2017,2017,Xe cũ,Nhập khẩu,Máy dầu,SUV,Toyota,525000000,8,135
VinFast LUX A2.0 Cao cấp 2020,2020,Xe cũ,Trong nước,Máy xăng,Other,VinFast,580000000,5,76000
Ford EcoSport Titanium 1.5L AT 2020,2020,Xe cũ,Trong nước,Máy xăng,Convertible,Ford,455000000,5,85000
Toyota Corolla Altis 1.8 G 2010,2010,Xe cũ,Trong nước,Máy xăng,Sedan,Toyota,275000000,15,170000
Mitsubishi Xpander 1.5 AT  2020,2020,Xe cũ,Nhập khẩu,Máy xăng,Other,Mitsubishi,465000000,5,80000
Mazda 2 1.5AT 2014,2014,Xe cũ,Trong nước,Máy xăng,Sedan,Mazda,285000000,11,72000
Hyundai Creta 1.6 AT Diesel 2015,2015,Xe cũ,Nhập khẩu,Máy dầu,SUV,Hyundai,363000000,10,98000
Kia Seltos 1.6 Luxury 2024,2024,Xe cũ,Trong nước,Máy xăng,SUV,Kia,649000000,1,22000
Kia Cerato 1.6 AT Premium 2018,2018,Xe cũ,Trong nước,Máy xăng,Sedan,Kia,360000000,7,80000
Mazda 3 1.5L Sedan 2019,2019,Xe cũ,Trong nước,Máy xăng,Sedan,Mazda,465000000,6,80000
Mitsubishi Xpander 1.5 AT  2021,2021,Xe cũ,Nhập khẩu,Máy xăng,MPV,Mitsubishi,490000000,4,60
BMW 320i Sport Line 2022,2022,Xe cũ,Nhập khẩu,Máy xăng,Sedan,BMW,1238000000,3,10000
Toyota Raize 2021,2021,Xe cũ,Nhập khẩu,Máy xăng,Crossover,Toyota,449000000,4,69000
Toyota Corolla Altis 1.8 G 2019,2019,Xe cũ,Trong nước,Máy xăng,Sedan,Toyota,555000000,6,53000
Kia Soluto AT Luxury 2022,2022,Xe cũ,Trong nước,Máy xăng,Sedan,Kia,405000000,3,30000
Kia Carens SX 2.0 MT 2016,2016,Xe cũ,Nhập khẩu,Máy xăng,MPV,Kia,235000000,9,110000
Kia Morning Si 1.25 MT 2017,2017,Xe cũ,Trong nước,Máy xăng,Hatchback,Kia,200000000,8,120000
Honda Civic 1.5 E 2021,2021,Xe cũ,Nhập khẩu,Máy xăng,Sedan,Honda,580000000,4,47000
Hyundai Santa Fe 2.2L Dầu Tiêu chuẩn 2021,2021,Xe cũ,Trong nước,Máy dầu,SUV,Hyundai,840000000,4,75000
Mitsubishi Xpander Cross 1.5 AT 2023,2023,Xe cũ,Trong nước,Máy xăng,SUV,Mitsubishi,640000000,2,30000
VinFast SA President 2020,2020,Xe cũ,Trong nước,Máy xăng,Sedan,VinFast,585000000,5,69000
Mercedes-Benz C250 Exclusive 2016,2016,Xe cũ,Nhập khẩu,Máy xăng,Sedan,Mercedes-Benz,585000000,9,60000
Ford Transit MID Tiêu chuẩn 2016,2016,Xe cũ,Trong nước,Máy dầu,Van/Minivan,Ford,390000000,9,80000
Kia K3 2.0 Premium 2024,2024,Xe cũ,Trong nước,Máy xăng,Sedan,Kia,615000000,1,2900
Kia Cerato 2.0 AT Premium 2019,2019,Xe cũ,Nhập khẩu,Máy xăng,Sedan,Kia,425000000,6,75000
VinFast VF e34 Tiêu chuẩn 2022,2022,Xe cũ,Trong nước,Điện,Other,VinFast,469000000,3,68000
Kia Carnival 2.2D Signature 2023,2023,Xe cũ,Trong nước,Máy dầu,MPV,Kia,1270000000,2,30000
Nissan X trail 2.0 SL 2WD Premium 2017,2017,Xe cũ,Trong nước,Máy xăng,SUV,Nissan,489000000,8,100000
Ford Ranger Wildtrak 3.2 4x4 AT 2017,2017,Xe cũ,Nhập khẩu,Máy dầu,Bán tải,Ford,605000000,8,90000
Kia K5 2.5 GT-Line 2022,2022,Xe cũ,Trong nước,Máy xăng,Sedan,Kia,779000000,3,20000
Ford Everest Ambiente 2.0 AT 4x2 2023,2023,Xe cũ,Nhập khẩu,Máy dầu,SUV,Ford,1030000000,2,11500
Hyundai Santa Fe MLX 2006,2006,Xe cũ,Nhập khẩu,Máy dầu,SUV,Hyundai,230000000,19,170751
Mercedes-Benz E300 AMG 2021,2021,Xe cũ,Trong nước,Máy xăng,Sedan,Mercedes-Benz,1899000000,4,33333
Mazda 3 1.5L Sedan 2019,2019,Xe cũ,Trong nước,Máy xăng,Sedan,Mazda,465000000,6,65689
Chevrolet Lacetti EX 1.6 AT 2009,2009,Xe cũ,Nhập khẩu,Máy xăng,Sedan,Chevrolet,128000000,16,12000
Toyota Fortuner 2.7V 2010,2010,Xe cũ,Nhập khẩu,Máy xăng,SUV,Toyota,335000000,15,135000
Mazda CX-5 2.0 Luxury 2021,2021,Xe cũ,Trong nước,Máy xăng,SUV,Mazda,649000000,4,40000
Honda CR-V 1.5 L 2018,2018,Xe cũ,Nhập khẩu,Máy xăng,SUV,Honda,695000000,7,120000
Mazda CX-5 2.0 Luxury 2024,2024,Xe cũ,Trong nước,Máy xăng,SUV,Mazda,765000000,1,8000
Ford Ranger Wildtrak 3.2 4x4 AT 2017,2017,Xe cũ,Nhập khẩu,Máy dầu,Bán tải,Ford,545000000,8,130000
Kia Cerato 2.0 AT Premium 2020,2020,Xe cũ,Trong nước,Máy xăng,Sedan,Kia,485000000,5,60000
Mitsubishi Pajero GL 3.0 MT 2003,2003,Xe cũ,Nhập khẩu,Máy xăng,SUV,Mitsubishi,110000000,22,15000
BMW 730Li M Sport 2011,2011,Xe cũ,Nhập khẩu,Máy xăng,Sedan,BMW,480000000,14,100000
Mitsubishi Xpander AT Premium 2019,2019,Xe cũ,Nhập khẩu,Máy xăng,MPV,Mitsubishi,445000000,6,80000
VinFast Fadil Nâng Cao 2020,2020,Xe cũ,Trong nước,Máy xăng,Bán tải,VinFast,299000000,5,56000
Ford Ranger XLS 2.2 4x2 AT 2019,2019,Xe cũ,Trong nước,Máy dầu,Bán tải,Ford,539000000,6,98000
Ford Ranger XLS 2.0L 4x2 AT 2016,2016,Xe cũ,Trong nước,Máy xăng,Bán tải,Ford,420000000,9,70000
Kia K3 2.0AT 2014,2014,Xe cũ,Trong nước,Máy xăng,Sedan,Kia,340000000,11,120000
Mercedes-Benz GLK 250 4Matic 2014,2014,Xe cũ,Trong nước,Máy xăng,SUV,Mercedes-Benz,599000000,11,66000
BMW 320i M Sport 2017,2017,Xe cũ,Nhập khẩu,Máy xăng,Sedan,BMW,798000000,8,73000
Kia Carnival 2.2D Signature 2023,2023,Xe cũ,Trong nước,Máy dầu,MPV,Kia,1310000000,2,30000
VinFast LUX A2.0 Cao cấp 2021,2021,Xe cũ,Trong nước,Máy xăng,Sedan,VinFast,525000000,4,86000
Hyundai Accent 1.4 AT 2012,2012,Xe cũ,Nhập khẩu,Máy xăng,Other,Hyundai,238000000,13,120000
Toyota Vios 1.5G AT 2014,2014,Xe cũ,Trong nước,Máy xăng,Sedan,Toyota,445000000,11,129000
Honda City 1.5 G 2022,2022,Xe cũ,Trong nước,Máy xăng,Sedan,Honda,420000000,3,1600
Ford Ranger Wildtrak 2.0L 4x4 AT 2020,2020,Xe cũ,Trong nước,Máy xăng,Other,Ford,715000000,5,58000
Nissan Navara EL Premium R 2019,2019,Xe cũ,Nhập khẩu,Máy dầu,Bán tải,Nissan,460000000,6,83000
Peugeot 3008 GT Line 2022,2022,Xe cũ,Trong nước,Máy xăng,Other,Peugeot,820000000,3,50000
Mercedes-Benz E200 E200 2020,2020,Xe cũ,Nhập khẩu,Máy xăng,Sedan,Mercedes-Benz,1049000000,5,45000
Ford Ranger XLS 2.0L 4x2 AT 2019,2019,Xe cũ,Nhập khẩu,Máy dầu,Bán tải,Ford,500000000,6,82000
Kia Sorento 2.2D Premium AWD 2022,2022,Xe cũ,Trong nước,Máy dầu,SUV,Kia,945000000,3,40000
Nissan X trail 2.5 SV 4WD Premium 2017,2017,Xe cũ,Nhập khẩu,Máy xăng,SUV,Nissan,490000000,8,90000
Hyundai Santa Fe 2.2 Dầu Cao cấp 2020,2020,Xe cũ,Trong nước,Máy dầu,SUV,Hyundai,888000000,5,70000
Toyota Camry 2.5G 2016,2016,Xe cũ,Nhập khẩu,Máy xăng,Sedan,Toyota,565000000,9,112000
Honda City RS 2024,2024,Xe cũ,Trong nước,Máy xăng,Sedan,Honda,460000000,1,12000
Ford Tourneo 2019,2019,Xe cũ,Trong nước,Máy xăng,Other,Ford,715000000,6,55000
Hyundai Sonata 2.0L-6AT 2009,2009,Xe cũ,Nhập khẩu,Máy xăng,Sedan,Hyundai,219000000,16,120000
Hyundai Starex 2.4 MT 2014,2014,Xe cũ,Nhập khẩu,Máy xăng,Van/Minivan,Hyundai,425000000,11,140000
Ford Ranger 2015,2015,Xe cũ,Nhập khẩu,Máy xăng,Other,Ford,398000000,10,110000
Kia Cerato 2.0 AT Premium 2016,2016,Xe cũ,Trong nước,Máy xăng,Sedan,Kia,335000000,9,100000
Mazda CX-5 2.0 Premium 2018,2018,Xe cũ,Trong nước,Máy xăng,SUV,Mazda,590000000,7,68000
Ford Tourneo Titanium 2021,2021,Xe cũ,Trong nước,Máy xăng,Van/Minivan,Ford,595000000,4,100000
Suzuki Super Carry Van Blind Van 2020,2020,Xe cũ,Trong nước,Máy xăng,Xe tải,Suzuki,215000000,5,30000
Kia Sportage Limited 2.0 AT 2015,2015,Xe cũ,Nhập khẩu,Máy xăng,SUV,Kia,465000000,10,130000
Mitsubishi Outlander 2.0 CVT 2021,2021,Xe cũ,Trong nước,Máy xăng,SUV,Mitsubishi,650000000,4,1
Mercedes-Benz E300 AMG 2021,2021,Xe cũ,Nhập khẩu,Máy xăng,Sedan,Mercedes-Benz,1839000000,4,19000
Porsche Cayenne 3.6 V6 2012,2012,Xe cũ,Nhập khẩu,Máy xăng,SUV,Porsche,1100000000,13,11
Toyota Innova 2017,2017,Xe cũ,Trong nước,Máy xăng,MPV,Toyota,425000000,8,123456
Mitsubishi Outlander 2.0 CVT 2020,2020,Xe cũ,Trong nước,Máy xăng,SUV,Mitsubishi,600000000,5,71000
Ford Ranger Wildtrak 3.2 4x4 AT 2015,2015,Xe cũ,Nhập khẩu,Máy dầu,Bán tải,Ford,410000000,10,180
Mercedes-Benz GLC 200 4Matic 2020,2020,Xe cũ,Trong nước,Máy xăng,SUV,Mercedes-Benz,1150000000,5,38000
Ford Ranger XLT 2.2 4X4 MT 2016,2016,Xe cũ,Nhập khẩu,Máy dầu,Bán tải,Ford,465000000,9,120000
Mitsubishi Triton 4×2 AT 2017,2017,Xe cũ,Nhập khẩu,Máy dầu,Bán tải,Mitsubishi,370000000,8,70000
BMW 320i GT 2017,2017,Xe cũ,Nhập khẩu,Máy xăng,Sedan,BMW,750000000,8,65000
Peugeot 3008 GT Line 2022,2022,Xe cũ,Nhập khẩu,Máy xăng,SUV,Peugeot,850000000,3,19000
Kia Sedona 2.2 DATH 2020,2020,Xe cũ,Trong nước,Máy dầu,MPV,Kia,835000000,5,60000
Kia Cerato 2.0 AT Premium 2019,2019,Xe cũ,Trong nước,Máy xăng,Sedan,Kia,469000000,6,70000
Chevrolet Orlando LTZ 1.8 2016,2016,Xe cũ,Trong nước,Máy xăng,MPV,Chevrolet,275000000,9,29000
Mazda BT-50 1.9 MT 4x2 2022,2022,Xe cũ,Nhập khẩu,Máy dầu,Bán tải,Mazda,448000000,3,67000
BMW 520i 2022,2022,Xe cũ,Trong nước,Máy xăng,Sedan,BMW,1559000000,3,38000
Nissan Navara 2.5 AT 2016,2016,Xe cũ,Nhập khẩu,Máy dầu,Bán tải,Nissan,395000000,9,93000
Ford Transit Standard 2015,2015,Xe cũ,Trong nước,Máy dầu,Van/Minivan,Ford,265000000,10,371
Ford Everest Titanium 2.0L AT 4WD 2018,2018,Xe cũ,Nhập khẩu,Máy dầu,SUV,Ford,865000000,7,89000
Ford Ranger XLS 2.0L 4x2 AT 2024,2024,Xe cũ,Trong nước,Máy dầu,Bán tải,Ford,689000000,1,15000
Mazda 2 Sport 1.5L Premium 2019,2019,Xe cũ,Trong nước,Máy xăng,Hatchback,Mazda,375000000,6,89000
Kia Morning Deluxe 2020,2020,Xe cũ,Trong nước,Máy xăng,Hatchback,Kia,286000000,5,61000
Mercedes-Benz GLC 200 2020,2020,Xe cũ,Trong nước,Máy xăng,Other,Mercedes-Benz,1178000000,5,34000
Honda City 1.5 CVT 2019,2019,Xe cũ,Trong nước,Máy xăng,Sedan,Honda,390000000,6,70000
Peugeot 5008 1.6L Turbo 2020,2020,Xe cũ,Nhập khẩu,Máy xăng,SUV,Peugeot,680000000,5,54420
Toyota Innova 2.0E 2014,2014,Xe cũ,Trong nước,Máy xăng,MPV,Toyota,280000000,11,90000
Hyundai Tucson 1.6 Turbo HTRAC 2019,2019,Xe cũ,Trong nước,Máy xăng,SUV,Hyundai,700000000,6,70000
Mitsubishi Triton 4×2 AT MIVEC 2021,2021,Xe cũ,Nhập khẩu,Máy dầu,Bán tải,Mitsubishi,525000000,4,78000
Toyota Fortuner 2.7 V 4X2 AT 2019,2019,Xe cũ,Nhập khẩu,Máy xăng,MPV,Toyota,768000000,6,8000
Ford Ranger Wildtrak 2.0L 4x4 AT 2023,2023,Xe cũ,Trong nước,Máy dầu,Bán tải,Ford,805000000,2,80000
Kia Sonet 1.5 Luxury 2023,2023,Xe cũ,Trong nước,Máy xăng,SUV,Kia,519000000,2,53000
Toyota Corolla Altis 1.8 G 2011,2011,Xe cũ,Trong nước,Máy xăng,Sedan,Toyota,350000000,14,90000
Hyundai Accent 1.4 MT Tiêu chuẩn 2019,2019,Xe cũ,Trong nước,Máy xăng,Sedan,Hyundai,310000000,6,54000
Suzuki Super Carry Van Blind Van 2015,2015,Xe cũ,Trong nước,Máy xăng,Van/Minivan,Suzuki,140000000,10,10000
Toyota Innova 2.0 Venturer AT 2020,2020,Xe cũ,Trong nước,Máy xăng,MPV,Toyota,645000000,5,91000
Mazda 3 Sedan 1.5L Luxury 2019,2019,Xe cũ,Trong nước,Máy xăng,Sedan,Mazda,465000000,6,67899
Ford EcoSport Titanium 1.5L AT 2021,2021,Xe cũ,Trong nước,Máy xăng,SUV,Ford,495000000,4,72000
BMW 335i 2007,2007,Xe cũ,Nhập khẩu,Máy xăng,Convertible,BMW,500000000,18,11000
Porsche Macan 2.0 2017,2017,Xe cũ,Nhập khẩu,Máy xăng,SUV,Porsche,1750000000,8,68000
Toyota Corolla Altis 1.8 G 2009,2009,Xe cũ,Trong nước,Máy xăng,Sedan,Toyota,280000000,16,107000
Toyota Yaris 1.3G 2016,2016,Xe cũ,Nhập khẩu,Máy xăng,Hatchback,Toyota,370000000,9,65000
Ford Fiesta 1.5AT Titanium 2012,2012,Xe cũ,Nhập khẩu,Máy xăng,Hatchback,Ford,285000000,13,30000
Kia Seltos 1.4T Premium 2022,2022,Xe cũ,Nhập khẩu,Máy xăng,SUV,Kia,625000000,3,20000
Kia Cerato 1.6 AT Deluxe 2017,2017,Xe cũ,Trong nước,Máy xăng,Sedan,Kia,385000000,8,60000
Kia Cerato 2.0 AT Premium 2011,2011,Xe cũ,Nhập khẩu,Máy xăng,Sedan,Kia,258000000,14,130000
Mazda 3 2.0L Sedan 2016,2016,Xe cũ,Trong nước,Máy xăng,Sedan,Mazda,379000000,9,100000
Toyota Yaris 1.5G 2020,2020,Xe cũ,Nhập khẩu,Máy xăng,Hatchback,Toyota,485000000,5,80000
Toyota Yaris 1.5G 2015,2015,Xe cũ,Nhập khẩu,Máy xăng,Hatchback,Toyota,370000000,10,61000
FAW Xe đầu kéo 2021,2021,Xe cũ,Nhập khẩu,Máy dầu,Xe tải,FAW,704000000,4,205258
Ford Ranger Wildtrak 2.0L 4x4 AT 2023,2023,Xe cũ,Trong nước,Máy dầu,Bán tải,Ford,615000000,2,82000
Mercedes-Benz C200 2008,2008,Xe cũ,Nhập khẩu,Máy xăng,Other,Mercedes-Benz,225000000,17,80000
Mazda 3 1.5L Sedan 2019,2019,Xe cũ,Trong nước,Máy xăng,Sedan,Mazda,475000000,6,74000
Ford EcoSport Titanium 1.0L AT 2016,2016,Xe cũ,Trong nước,Máy xăng,Other,Ford,325000000,9,40000
Kia Carens S 2.0 AT 2015,2015,Xe cũ,Trong nước,Máy xăng,Other,Kia,339000000,10,140000
Kia Cerato 1.6 AT Luxury 2018,2018,Xe cũ,Trong nước,Máy xăng,Sedan,Kia,415000000,7,70000
Hyundai Accent 1.4 AT Đặc biệt 2020,2020,Xe cũ,Trong nước,Máy xăng,Sedan,Hyundai,405000000,5,73000
VinFast VF8 Eco 2024,2024,Xe cũ,Trong nước,Điện,SUV,VinFast,830000000,1,6000
Honda City 1.5 G 2022,2022,Xe cũ,Trong nước,Máy xăng,Sedan,Honda,429000000,3,1600
Mercedes-Benz C250 AMG 2015,2015,Xe cũ,Nhập khẩu,Máy xăng,Sedan,Mercedes-Benz,590000000,10,80000
Mitsubishi Xpander Cross 1.5 AT 2021,2021,Xe cũ,Nhập khẩu,Máy xăng,MPV,Mitsubishi,518000000,4,51000
Kia K5 2.0 Premium 2022,2022,Xe cũ,Trong nước,Máy xăng,Sedan,Kia,689000000,3,50000
Ford Territory 1.5L Titanium 2023,2023,Xe cũ,Trong nước,Máy xăng,SUV,Ford,775000000,2,18000
Kia Morning Van 1.0 AT 2014,2014,Xe cũ,Nhập khẩu,Máy xăng,Van/Minivan,Kia,163000000,11,98500
Mercedes-Benz AMG C43 2017,2017,Xe cũ,Nhập khẩu,Máy xăng,Coupe,Mercedes-Benz,1999000000,8,21000
Mazda CX-5 2.5L Luxury 2018,2018,Xe cũ,Trong nước,Máy xăng,SUV,Mazda,599000000,7,85680
Chevrolet Trailblazer 2.5L 4×2 MT LT 2018,2018,Xe cũ,Nhập khẩu,Máy dầu,SUV,Chevrolet,485000000,7,93000
Nissan Sunny 1.5 AT 2013,2013,Xe cũ,Nhập khẩu,Máy xăng,Sedan,Nissan,250000000,12,8000
Toyota Hiace 2011,2011,Xe cũ,Trong nước,Máy xăng,Van/Minivan,Toyota,285000000,14,10000
Volvo S90 Ultimate AWD 2022,2022,Xe cũ,Nhập khẩu,Máy xăng,Sedan,Volvo,1839000000,3,10000
Toyota Vios 1.5E MT 2023,2023,Xe cũ,Trong nước,Máy xăng,Sedan,Toyota,390000000,2,68000
Mazda CX-5 2.0 Luxury 2012,2012,Xe cũ,Nhập khẩu,Máy xăng,SUV,Mazda,415000000,13,8000
Mercedes-Benz GLC 200 4Matic 2020,2020,Xe cũ,Trong nước,Máy xăng,SUV,Mercedes-Benz,1230000000,5,56000
Ford Escape XLT 2.3 AT 4x4 2004,2004,Xe cũ,Trong nước,Máy xăng,SUV,Ford,135000000,21,190000
Honda City 1.5 L 2022,2022,Xe cũ,Other,Máy xăng,Sedan,Honda,445000000,3,60000
Honda Civic 2009,2009,Xe cũ,Trong nước,Máy xăng,Sedan,Honda,210000000,16,13
Mercedes-Benz GLC 200 4Matic 2018,2018,Xe cũ,Trong nước,Máy xăng,Other,Mercedes-Benz,888000000,7,37000
Toyota Vios 1.5 G CVT 2022,2022,Xe cũ,Trong nước,Máy xăng,Sedan,Toyota,439000000,3,70000
Mercedes-Benz GLC 250 4Matic 2016,2016,Xe cũ,Nhập khẩu,Máy xăng,SUV,Mercedes-Benz,839000000,9,30000
Mitsubishi Grandis 2.4 MIVEC 2009,2009,Xe cũ,Nhập khẩu,Máy xăng,MPV,Mitsubishi,239000000,16,200000
Kia Sorento 2.2 DAT Premium 2015,2015,Xe cũ,Trong nước,Máy dầu,SUV,Kia,490000000,10,110000
Hyundai Grand i10 Sedan 1.2 MT 2020,2020,Xe cũ,Nhập khẩu,Máy xăng,Sedan,Hyundai,210000000,5,130000
Mazda CX-5 2.0 Luxury 2020,2020,Xe cũ,Trong nước,Máy xăng,SUV,Mazda,655000000,5,76000
Hyundai Accent 1.4 AT Đặc biệt 2022,2022,Xe cũ,Trong nước,Máy xăng,Sedan,Hyundai,440000000,3,71000
Hyundai Santa Fe 2.2 Dầu Cao cấp 2021,2021,Xe cũ,Trong nước,Máy dầu,SUV,Hyundai,1085000000,4,72000
Honda City RS 2021,2021,Xe cũ,Nhập khẩu,Máy xăng,Sedan,Honda,435000000,4,68000
Nissan X trail 2.5 SV 4WD Premium 2019,2019,Xe cũ,Trong nước,Máy xăng,SUV,Nissan,626000000,6,60000
Toyota Veloz Cross 1.5 CVT TOP 2022,2022,Xe cũ,Nhập khẩu,Máy xăng,Other,Toyota,566000000,3,50000
Ford EcoSport Titanium 1.5L AT 2014,2014,Xe cũ,Trong nước,Máy xăng,Other,Ford,325000000,11,98000
Toyota Camry 2.0E 2010,2010,Xe cũ,Nhập khẩu,Máy xăng,Sedan,Toyota,318000000,15,125000
Ford Ranger Wildtrak 2.0L 4x4 AT 2019,2019,Xe cũ,Nhập khẩu,Máy dầu,Bán tải,Ford,599000000,6,110000
Mitsubishi Xpander Cross 1.5 AT 2020,2020,Xe cũ,Trong nước,Máy xăng,MPV,Mitsubishi,490000000,5,60000
Ford Ranger Wildtrak 2.0l bi-turbo 4x4 10 AT 2020,2020,Xe cũ,Nhập khẩu,Máy dầu,Bán tải,Ford,715000000,5,70000
VinFast LUX A2.0 Cao cấp 2020,2020,Xe cũ,Trong nước,Máy xăng,Sedan,VinFast,550000000,5,69000
Hyundai Santa Fe 2.2L Dầu Cao cấp 2022,2022,Xe cũ,Trong nước,Máy dầu,SUV,Hyundai,1180000000,3,50000
Mitsubishi Attrage 1.2L MT 2024,2024,Xe cũ,Nhập khẩu,Máy xăng,Sedan,Mitsubishi,310000000,1,28000
Ford Everest Titanium 2.2L 4x2 AT 2017,2017,Xe cũ,Trong nước,Máy xăng,Other,Ford,725000000,8,110000
Toyota Corolla Altis 1.8G MT 2012,2012,Xe cũ,Nhập khẩu,Máy xăng,Sedan,Toyota,360000000,13,125000
Suzuki Swift GL 1.2 CVT 2019,2019,Xe cũ,Nhập khẩu,Máy xăng,Hatchback,Suzuki,388000000,6,80000
Mercedes-Benz GLC 300 2019,2019,Xe cũ,Trong nước,Máy xăng,Other,Mercedes-Benz,1150000000,6,50000
Ford Transit SVP 2018,2018,Xe cũ,Nhập khẩu,Máy dầu,Van/Minivan,Ford,435000000,7,189275
Ford Everest 2.5 AT 2014,2014,Xe cũ,Trong nước,Máy dầu,SUV,Ford,430000000,11,96000
Toyota Veloz Cross 1.5 CVT TOP 2022,2022,Xe cũ,Nhập khẩu,Máy xăng,MPV,Toyota,555000000,3,77000
Chevrolet Aveo  2015,2015,Xe cũ,Trong nước,Máy xăng,Sedan,Chevrolet,182000000,10,70000
Toyota Camry 2.0E 2014,2014,Xe cũ,Trong nước,Máy xăng,Sedan,Toyota,430000000,11,80000
Ford Ranger Wildtrak 3.2 4x4 AT 2017,2017,Xe cũ,Nhập khẩu,Máy dầu,Bán tải,Ford,545000000,8,130000
Hyundai Creta 1.5L Đặc biệt 2024,2024,Xe cũ,Trong nước,Máy xăng,SUV,Hyundai,615000000,1,10000
Ford Focus 1.8L 2011,2011,Xe cũ,Nhập khẩu,Máy xăng,Sedan,Ford,180000000,14,100000
Mercedes-Benz GLC 200 V1 2022,2022,Xe cũ,Trong nước,Máy xăng,Other,Mercedes-Benz,1388000000,3,39999
Hyundai Grand i10 Hatchback 1.2 AT 2010,2010,Xe cũ,Trong nước,Máy xăng,Hatchback,Hyundai,185000000,15,132000
Toyota Innova 2.0E 2018,2018,Xe cũ,Trong nước,Máy xăng,MPV,Toyota,425000000,7,86000
Kia Cerato 2016,2016,Xe cũ,Trong nước,Máy xăng,Sedan,Kia,360000000,9,90000
Ford Explorer 2.3L Ecoboost 2019,2019,Xe cũ,Nhập khẩu,Máy xăng,SUV,Ford,1160000000,6,72000
Mazda CX-5 2.0 Luxury 2017,2017,Xe cũ,Trong nước,Máy xăng,SUV,Mazda,498000000,8,65000
Toyota Wigo 1.2 G AT 2024,2024,Xe cũ,Nhập khẩu,Máy xăng,Hatchback,Toyota,410000000,1,10000
Mitsubishi Triton 4×2 AT 2021,2021,Xe cũ,Nhập khẩu,Máy dầu,Bán tải,Mitsubishi,535000000,4,50000
Toyota Vios 1.5 E CVT 2022,2022,Xe cũ,Trong nước,Máy xăng,Sedan,Toyota,425000000,3,50000
Honda CR-V 1.5 L 2020,2020,Xe cũ,Trong nước,Máy xăng,SUV,Honda,809000000,5,57000
Ford EcoSport Titanium 1.5L AT 2016,2016,Xe cũ,Trong nước,Máy xăng,SUV,Ford,335000000,9,40000
Chevrolet Spark Van 2017,2017,Xe cũ,Nhập khẩu,Máy xăng,Hatchback,Chevrolet,128000000,8,34000
Hyundai Elantra   2.0 AT 2021,2021,Xe cũ,Trong nước,Máy xăng,Other,Hyundai,535000000,4,30000
Chrysler 300C 2010,2010,Xe cũ,Nhập khẩu,Máy xăng,Sedan,Chrysler,480000000,15,10
Mercedes-Benz GLC 200 V1 2022,2022,Xe cũ,Trong nước,Máy xăng,SUV,Mercedes-Benz,1639000000,3,21000
Mercedes-Benz GLC 200 2021,2021,Xe cũ,Trong nước,Máy xăng,SUV,Mercedes-Benz,1290000000,4,50000
Ford Everest 2023,2023,Xe cũ,Trong nước,Máy xăng,SUV,Ford,1258000000,2,29000
Hyundai Tucson 2.0 Tiêu chuẩn 2021,2021,Xe cũ,Trong nước,Máy xăng,SUV,Hyundai,629000000,4,72000
Honda Accord 3 2022,2022,Xe cũ,Nhập khẩu,Máy xăng,Sedan,Honda,890000000,3,36000
Mitsubishi Xpander 1.5 AT  2023,2023,Xe cũ,Nhập khẩu,Máy xăng,MPV,Mitsubishi,499000000,2,36000
Mercedes-Benz E200 Exclusive 2022,2022,Xe cũ,Trong nước,Máy xăng,Sedan,Mercedes-Benz,1699000000,3,29500
VinFast VF9 2024,2024,Xe cũ,Trong nước,Điện,SUV,VinFast,1030000000,1,30000
Kia Rondo 2.0 GAT 2019,2019,Xe cũ,Trong nước,Máy xăng,MPV,Kia,410000000,6,71000
Ford Focus 2019,2019,Xe cũ,Trong nước,Máy xăng,Sedan,Ford,435000000,6,80000
Ford Ranger Raptor 2022,2022,Xe cũ,Nhập khẩu,Máy dầu,Bán tải,Ford,975000000,3,50000
Mazda BT-50 Standard 4x4 2.2 MT 2018,2018,Xe cũ,Trong nước,Máy xăng,Bán tải,Mazda,420000000,7,89000
Hyundai Elantra 2019,2019,Xe cũ,Other,Máy xăng,Sedan,Hyundai,450000000,6,60000
Hyundai Tucson 2.0 Đặc biệt 2009,2009,Xe cũ,Nhập khẩu,Máy xăng,SUV,Hyundai,290000000,16,120000
Toyota Vios 1.5 E CVT 2022,2022,Xe cũ,Trong nước,Máy xăng,Sedan,Toyota,428000000,3,40000
Ford EcoSport Titanium 1.5L AT 2020,2020,Xe cũ,Trong nước,Máy xăng,SUV,Ford,475000000,5,85000
Hyundai Accent 1.5 AT cao cấp 2024,2024,Xe cũ,Trong nước,Máy xăng,Sedan,Hyundai,545000000,1,2000
Chevrolet Spark LTZ 1.0 AT 2015,2015,Xe cũ,Nhập khẩu,Máy xăng,Hatchback,Chevrolet,215000000,10,268000
Mazda BT-50 Premium 4x4 3.2 AT 2019,2019,Xe cũ,Nhập khẩu,Máy dầu,Bán tải,Mazda,465000000,6,78000
Kia Sorento 2.4 GATH Premium 2016,2016,Xe cũ,Trong nước,Máy xăng,SUV,Kia,435000000,9,120000
Hyundai Grand i10 2014,2014,Xe cũ,Nhập khẩu,Máy xăng,Hatchback,Hyundai,126000000,11,78000
Lexus RX 350 2010,2010,Xe cũ,Nhập khẩu,Máy xăng,SUV,Lexus,695000000,15,90000
Mazda CX-5 2.0 AWD 2018,2018,Xe cũ,Trong nước,Máy xăng,SUV,Mazda,605000000,7,70000
Kia Morning 2013,2013,Xe cũ,Nhập khẩu,Máy xăng,Hatchback,Kia,175000000,12,120000
Mazda 2 Sedan 1.5L Luxury 2020,2020,Xe cũ,Nhập khẩu,Máy xăng,Sedan,Mazda,415000000,5,28000
Ford Transit SVP 2021,2021,Xe cũ,Trong nước,Máy dầu,Van/Minivan,Ford,580000000,4,87000
Suzuki Vitara JLX 1.6 4X4 2004,2004,Xe cũ,Trong nước,Máy xăng,SUV,Suzuki,145000000,21,210000
Mitsubishi Xpander 1.5 MT 2021,2021,Xe cũ,Nhập khẩu,Máy xăng,MPV,Mitsubishi,439000000,4,40000
Kia Morning Si 1.25 MT 2018,2018,Xe cũ,Trong nước,Máy xăng,Hatchback,Kia,198000000,7,93000
Mazda CX-5 2.5 AWD 2018,2018,Xe cũ,Trong nước,Máy xăng,SUV,Mazda,569000000,7,140000
Mitsubishi Triton GLS 2014,2014,Xe cũ,Nhập khẩu,Máy dầu,Bán tải,Mitsubishi,289000000,11,150000
Toyota Corolla Cross 1.8 V  2021,2021,Xe cũ,Trong nước,Máy xăng,SUV,Toyota,699000000,4,50000
Ford Ranger XLT 2.2 4X4 MT 2016,2016,Xe cũ,Nhập khẩu,Máy dầu,Bán tải,Ford,485000000,9,80000
Mitsubishi Xpander 1.5 AT  2019,2019,Xe cũ,Nhập khẩu,Máy xăng,MPV,Mitsubishi,468000000,6,72000
BMW 730Li M Sport 2015,2015,Xe cũ,Nhập khẩu,Máy xăng,Sedan,BMW,1559000000,10,19000
Toyota Wigo 1.2 G AT 2021,2021,Xe cũ,Nhập khẩu,Máy xăng,Hatchback,Toyota,279000000,4,90000
Toyota Innova 2.0G 2011,2011,Xe cũ,Trong nước,Máy xăng,MPV,Toyota,295000000,14,219000
Honda Civic 1.8 AT 2009,2009,Xe cũ,Trong nước,Máy xăng,Sedan,Honda,235000000,16,200000
Mercedes-Benz GLC 300 4Matic V1 2022,2022,Xe cũ,Trong nước,Máy xăng,SUV,Mercedes-Benz,1888000000,3,30000
Mitsubishi Attrage CVT 2021,2021,Xe cũ,Nhập khẩu,Máy xăng,Sedan,Mitsubishi,319000000,4,80000
Hyundai Santa Fe 2.4L Xăng Đặc biệt 2021,2021,Xe cũ,Trong nước,Máy xăng,SUV,Hyundai,945000000,4,57000
Kia Optima 2.0 GAT Luxury 2020,2020,Xe cũ,Trong nước,Máy xăng,Sedan,Kia,515000000,5,60000
Hyundai Elantra   2.0 AT 2021,2021,Xe cũ,Trong nước,Máy xăng,Sedan,Hyundai,522000000,4,30000
Kia Morning 1.25 MT 2014,2014,Xe cũ,Trong nước,Máy xăng,Hatchback,Kia,95000000,11,110000
Hyundai Accent 1.4 AT 2022,2022,Xe cũ,Trong nước,Máy xăng,Sedan,Hyundai,420000000,3,50000
Mercedes-Benz S500 2015,2015,Xe cũ,Trong nước,Máy xăng,Sedan,Mercedes-Benz,1299000000,10,99000
Audi Q2 2018,2018,Xe cũ,Nhập khẩu,Máy xăng,SUV,Audi,878000000,7,66000
Mazda CX-30 2.0L Premium 2022,2022,Xe cũ,Nhập khẩu,Máy xăng,Crossover,Mazda,650000000,3,60000
Ford EcoSport Titanium 1.5L AT 2017,2017,Xe cũ,Trong nước,Máy xăng,SUV,Ford,320000000,8,61000
Ford Ranger Wildtrak 2.0L 4x2 AT 2022,2022,Xe cũ,Trong nước,Máy dầu,Bán tải,Ford,795000000,3,95000
Toyota Corolla Altis 1.8 G 2016,2016,Xe cũ,Trong nước,Máy xăng,Other,Toyota,435000000,9,83000
Honda City 1.5 TOP CVT 2020,2020,Xe cũ,Trong nước,Máy xăng,Sedan,Honda,428000000,5,76000
Mercedes-Benz GLC 200 4Matic 2023,2023,Xe cũ,Trong nước,Máy xăng,Other,Mercedes-Benz,1938000000,2,28888
Kia Spectra 2003,2003,Xe cũ,Trong nước,Máy xăng,Sedan,Kia,39000000,22,1250
Peugeot 2008 GT Line 2023,2023,Xe cũ,Nhập khẩu,Máy xăng,Crossover,Peugeot,685000000,2,15000
Mercedes-Benz GLC 250 4Matic 2017,2017,Xe cũ,Trong nước,Máy xăng,SUV,Mercedes-Benz,858000000,8,90
Kia Morning EX 1.25 MT 2016,2016,Xe cũ,Trong nước,Máy xăng,Hatchback,Kia,160000000,9,135000
Daewoo Lanos MT 2003,2003,Xe cũ,Trong nước,Máy xăng,Sedan,Daewoo,39000000,22,12345
Hyundai Accent 1.4 MT 2019,2019,Xe cũ,Trong nước,Máy xăng,Sedan,Hyundai,319000000,6,76000
Kia Sonet 1.5 Premium 2022,2022,Xe cũ,Trong nước,Máy xăng,SUV,Kia,535000000,3,45689
Toyota Vios 1.5E MT 2018,2018,Xe cũ,Trong nước,Máy xăng,Sedan,Toyota,220000000,7,522596
Ford Ranger Wildtrak 3.2 4x4 AT 2017,2017,Xe cũ,Nhập khẩu,Máy dầu,Bán tải,Ford,605000000,8,88000
Ford Ranger Wildtrak 2.0L 4x4 AT 2018,2018,Xe cũ,Nhập khẩu,Máy dầu,Bán tải,Ford,585000000,7,75000
Nissan X trail 2.5 SV 4WD 2016,2016,Xe cũ,Trong nước,Máy xăng,SUV,Nissan,430000000,9,100100
Hyundai Accent 1.4 MT 2020,2020,Xe cũ,Trong nước,Máy xăng,Sedan,Hyundai,340000000,5,32000
Kia Forte SLI 1.6 AT 2009,2009,Xe cũ,Nhập khẩu,Máy xăng,Sedan,Kia,208000000,16,15050
Ford Territory 1.5L Titanium 2024,2024,Xe cũ,Nhập khẩu,Máy xăng,SUV,Ford,768000000,1,16000
Ford EcoSport 2017,2017,Xe cũ,Other,Máy xăng,SUV,Ford,338000000,8,90000
Volvo V60 B5 AWD Cross Country 2022,2022,Xe cũ,Nhập khẩu,Máy xăng,SUV,Volvo,1699000000,3,20000
Hyundai Santa Fe 2.2 Dầu Đặc biệt 2007,2007,Xe cũ,Nhập khẩu,Máy dầu,SUV,Hyundai,289000000,18,125000
Ford Transit Tiêu chuẩn 2023,2023,Xe cũ,Trong nước,Máy dầu,Van/Minivan,Ford,723000000,2,26150
Peugeot 3008 GT 2022,2022,Xe cũ,Nhập khẩu,Máy xăng,SUV,Peugeot,850000000,3,30000
Mercedes-Benz GLC 300 4Matic 2019,2019,Xe cũ,Trong nước,Máy xăng,SUV,Mercedes-Benz,1088000000,6,83000
Chevrolet Captiva LTZ AT 2015,2015,Xe cũ,Trong nước,Máy xăng,SUV,Chevrolet,365000000,10,67000
Hyundai Santa Fe 2.4L Xăng Tiêu chuẩn 2017,2017,Xe cũ,Trong nước,Máy xăng,SUV,Hyundai,515000000,8,120000
Ford EcoSport Titanium 1.5L AT 2016,2016,Xe cũ,Trong nước,Máy xăng,SUV,Ford,350000000,9,85000
Kia Sorento 2.4 GAT AWD 2016,2016,Xe cũ,Trong nước,Máy xăng,SUV,Kia,430000000,9,84000
Ford Everest Titanium 2.2L 4x2 AT 2018,2018,Xe cũ,Trong nước,Máy dầu,Other,Ford,818000000,7,66000
Hyundai Palisade Prestige 7 chỗ 2024,2024,Xe cũ,Nhập khẩu,Máy dầu,SUV,Hyundai,1469000000,1,25000
Mitsubishi Xpander Cross 1.5 AT 2022,2022,Xe cũ,Nhập khẩu,Máy xăng,MPV,Mitsubishi,538000000,3,91000
Toyota Innova 2016,2016,Xe cũ,Trong nước,Máy xăng,Other,Toyota,358000000,9,151667
Toyota Raize 2023,2023,Xe cũ,Trong nước,Máy xăng,SUV,Toyota,495000000,2,15000
Kia Carnival 3.5G Signature 2022,2022,Xe cũ,Trong nước,Máy xăng,MPV,Kia,1239000000,3,40000
Mercedes-Benz GLC 200 V1 2022,2022,Xe cũ,Nhập khẩu,Máy xăng,SUV,Mercedes-Benz,1439000000,3,28000
Mazda 3 Sedan 1.5L Premium 2017,2017,Xe cũ,Trong nước,Máy xăng,Sedan,Mazda,420000000,8,86000
Hyundai Accent 1.4 AT Đặc biệt 2025,2025,Xe cũ,Trong nước,Máy xăng,Sedan,Hyundai,479000000,0,12000
Mitsubishi Xpander Cross 1.5 AT 2024,2024,Xe cũ,Trong nước,Máy xăng,Other,Mitsubishi,625000000,1,20000
Kia Sorento 2.2 DAT Premium 2019,2019,Xe cũ,Trong nước,Máy dầu,SUV,Kia,699000000,6,19000
Mitsubishi Xpander Cross 1.5 AT 2020,2020,Xe cũ,Nhập khẩu,Máy xăng,SUV,Mitsubishi,445000000,5,33000
Honda City 1.5 TOP CVT 2018,2018,Xe cũ,Trong nước,Máy xăng,Sedan,Honda,369000000,7,68000
Toyota Vios 1.5E MT 2019,2019,Xe cũ,Trong nước,Máy xăng,Sedan,Toyota,320000000,6,80000
Ford EcoSport Titanium 1.5L AT 2017,2017,Xe cũ,Nhập khẩu,Máy xăng,Other,Ford,365000000,8,80000
Volvo XC90 T6 Inscription 2015,2015,Xe cũ,Nhập khẩu,Máy xăng,SUV,Volvo,1430000000,10,70000
Toyota Hiace Commuter 2.5 2010,2010,Xe cũ,Trong nước,Máy dầu,Van/Minivan,Toyota,285000000,15,140000
Mercedes-Benz C200 2020,2020,Xe cũ,Trong nước,Máy xăng,Other,Mercedes-Benz,1028000000,5,28000
Ford Ranger Wildtrak 3.2 4x4 AT 2017,2017,Xe cũ,Nhập khẩu,Máy dầu,Bán tải,Ford,605000000,8,88000
VinFast VF8 Eco 2023,2023,Xe cũ,Trong nước,Điện,SUV,VinFast,755000000,2,18000
Honda CR-V 2.0 2014,2014,Xe cũ,Trong nước,Máy xăng,SUV,Honda,459000000,11,120000
Kia Sedona 2.2 Platinum D 2016,2016,Xe cũ,Trong nước,Máy dầu,MPV,Kia,635000000,9,88000
Ford Ranger Raptor 2023,2023,Xe cũ,Nhập khẩu,Máy xăng,Other,Ford,1150000000,2,40000
Hyundai Elantra Sport 1.6 2018,2018,Xe cũ,Nhập khẩu,Máy xăng,Sedan,Hyundai,429000000,7,50000
Toyota Vios 1.5G AT 2018,2018,Xe cũ,Trong nước,Máy xăng,Sedan,Toyota,375000000,7,93000
Toyota Innova 2.0E 2019,2019,Xe cũ,Nhập khẩu,Máy xăng,Other,Toyota,475000000,6,82000
Ford Fiesta 2016,2016,Xe cũ,Trong nước,Máy xăng,Hatchback,Ford,260000000,9,70000
Mercedes-Benz E300 AMG 2022,2022,Xe cũ,Nhập khẩu,Máy xăng,Sedan,Mercedes-Benz,1760000000,3,30000
Mitsubishi Xpander AT 2021,2021,Xe cũ,Nhập khẩu,Máy xăng,MPV,Mitsubishi,449000000,4,44000
Kia Sonet 1.5 Premium 2022,2022,Xe cũ,Nhập khẩu,Máy xăng,SUV,Kia,525000000,3,31000
Peugeot 2008 GT Line 2022,2022,Xe cũ,Trong nước,Máy xăng,SUV,Peugeot,680000000,3,48000
Mercedes-Benz GLC 200 4Matic 2022,2022,Xe cũ,Trong nước,Máy xăng,SUV,Mercedes-Benz,1459000000,3,58000
Mazda 3 1.5L Sedan 2024,2024,Xe cũ,Trong nước,Máy xăng,Sedan,Mazda,620000000,1,19000
Mazda CX-5 2.5 AWD 2018,2018,Xe cũ,Trong nước,Máy xăng,SUV,Mazda,595000000,7,66000
Mazda 6 2.0 Premium 2022,2022,Xe cũ,Trong nước,Máy xăng,Sedan,Mazda,689000000,3,25000
Ford Everest Titanium 2.0L AT 4WD 2020,2020,Xe cũ,Nhập khẩu,Máy dầu,SUV,Ford,810000000,5,97000
Toyota Innova Cross Xăng 2024,2024,Xe cũ,Trong nước,Máy xăng,MPV,Toyota,839000000,1,20000
Daewoo Lacetti EX 1.6 2009,2009,Xe cũ,Trong nước,Máy xăng,Sedan,Daewoo,75000000,16,98000
Mitsubishi Xpander AT Premium 2020,2020,Xe cũ,Nhập khẩu,Máy xăng,MPV,Mitsubishi,459000000,5,39000
Toyota Vios 1.5 E CVT 2018,2018,Xe cũ,Trong nước,Máy xăng,Sedan,Toyota,300000000,7,300000
Kia Carnival 2.2D Signature 2022,2022,Xe cũ,Trong nước,Máy dầu,MPV,Kia,1195000000,3,48900
Kia Morning EX 1.25 MT 2016,2016,Xe cũ,Trong nước,Máy xăng,Hatchback,Kia,160000000,9,135000
Toyota Camry 2.5Q 2020,2020,Xe cũ,Trong nước,Máy xăng,Sedan,Toyota,865000000,5,80000
Toyota Fortuner 2.4G 4x2 AT  2025,2025,Xe cũ,Trong nước,Máy dầu,SUV,Toyota,1190000000,0,2600
Toyota Innova 2.0E 2015,2015,Xe cũ,Nhập khẩu,Máy xăng,MPV,Toyota,325000000,10,9
Kia Sorento 2.4AT 2018,2018,Xe cũ,Trong nước,Máy xăng,MPV,Kia,540000000,7,43000
Kia Morning S 1.25 AT 2018,2018,Xe cũ,Trong nước,Máy xăng,Hatchback,Kia,288000000,7,100000
Mazda CX-5 2025,2025,Xe cũ,Trong nước,Máy xăng,SUV,Mazda,835000000,0,4000
Hyundai Accent 1.4 AT 2022,2022,Xe cũ,Trong nước,Máy xăng,Sedan,Hyundai,440000000,3,42000
BMW 730Li 2015,2015,Xe cũ,Trong nước,Máy xăng,Other,BMW,1559000000,10,19000
Hyundai Grand i10 2015,2015,Xe cũ,Nhập khẩu,Máy xăng,Hatchback,Hyundai,195000000,10,140000
Hyundai Tucson 2.0 Dầu đặc biệt 2019,2019,Xe cũ,Trong nước,Máy dầu,Crossover,Hyundai,675000000,6,93000
Honda City 2023,2023,Xe cũ,Trong nước,Máy xăng,Sedan,Honda,535000000,2,27000
Honda CR-V 1.5 L 2019,2019,Xe cũ,Nhập khẩu,Máy xăng,SUV,Honda,720000000,6,89000
Toyota Yaris 1.5G 2019,2019,Xe cũ,Nhập khẩu,Máy xăng,Hatchback,Toyota,449000000,6,45000
VinFast VF6 Plus 2024,2024,Xe cũ,Trong nước,Điện,SUV,VinFast,640000000,1,12000
Ford Ranger Wildtrak 2.0l bi-turbo 4x4 10 AT 2022,2022,Xe cũ,Trong nước,Máy dầu,Bán tải,Ford,810000000,3,55000
Ford Ranger XLS 2.2L 4x2 MT 2019,2019,Xe cũ,Nhập khẩu,Máy dầu,Bán tải,Ford,420000000,6,90000
Mercedes-Benz GLC 200 V1 2022,2022,Xe cũ,Trong nước,Máy xăng,Other,Mercedes-Benz,1388000000,3,28000
Mercedes-Benz C200 Exclusive 2019,2019,Xe cũ,Trong nước,Máy xăng,Sedan,Mercedes-Benz,885000000,6,65000
Porsche Macan 2.0 2015,2015,Xe cũ,Nhập khẩu,Máy xăng,SUV,Porsche,1390000000,10,55000
Mazda CX-5 2016,2016,Xe cũ,Trong nước,Máy xăng,SUV,Mazda,466000000,9,100000
Toyota Vios 1.5G AT 2021,2021,Xe cũ,Trong nước,Máy xăng,Sedan,Toyota,415000000,4,39000
Hyundai Grand i10 2022,2022,Xe cũ,Trong nước,Máy xăng,Hatchback,Hyundai,369000000,3,48000
Mazda 3 Sedan 1.5L Luxury 2016,2016,Xe cũ,Nhập khẩu,Máy xăng,Sedan,Mazda,360000000,9,79000
Mercedes-Benz S400 3.0 V6 2015,2015,Xe cũ,Trong nước,Máy xăng,Sedan,Mercedes-Benz,1150000000,10,12
Volkswagen Viloran Luxury 2023,2023,Xe cũ,Trong nước,Máy xăng,SUV,Volkswagen,1999000000,2,26000
Land Rover Range Rover Evoque evoque 2014,2014,Xe cũ,Nhập khẩu,Máy xăng,SUV,Land,699000000,11,60000
Honda HR-V G 2024,2024,Xe cũ,Trong nước,Máy xăng,Crossover,Honda,689000000,1,2200
Ford Everest Titanium 2.0L AT 4WD 2023,2023,Xe cũ,Nhập khẩu,Máy dầu,SUV,Ford,1290000000,2,81000
Peugeot 2008 GT Line 2022,2022,Xe cũ,Nhập khẩu,Máy xăng,SUV,Peugeot,639000000,3,40000
Mercedes-Benz GLC 200 4Matic 2022,2022,Xe cũ,Trong nước,Máy xăng,Other,Mercedes-Benz,1618000000,3,33000
Mazda 3 Sedan 1.5L Deluxe 2018,2018,Xe cũ,Trong nước,Máy xăng,Sedan,Mazda,445000000,7,76000
Hyundai Accent 1.4 MT 2021,2021,Xe cũ,Trong nước,Máy xăng,Sedan,Hyundai,340000000,4,100000
Kia K3 1.6AT 2015,2015,Xe cũ,Trong nước,Máy xăng,Sedan,Kia,345000000,10,9000
Toyota Corolla Cross 1.8 V  2024,2024,Xe cũ,Trong nước,Máy xăng,Crossover,Toyota,805000000,1,13000
Toyota Camry 2.5Q 2021,2021,Xe cũ,Trong nước,Máy xăng,Sedan,Toyota,1050000000,4,66000
Toyota Innova 2.0G 2020,2020,Xe cũ,Trong nước,Máy xăng,MPV,Toyota,580000000,5,64000
Porsche Macan GTS 2016,2016,Xe cũ,Nhập khẩu,Máy xăng,SUV,Porsche,1868000000,9,100000
Mazda 3 Sedan 1.5L Luxury 2020,2020,Xe cũ,Trong nước,Máy xăng,Sedan,Mazda,510000000,5,3200
Mazda CX-5 2.5 2WD 2018,2018,Xe cũ,Trong nước,Máy xăng,SUV,Mazda,615000000,7,90000
BMW X6 xDrive35i 2009,2009,Xe cũ,Nhập khẩu,Máy xăng,SUV,BMW,468000000,16,87000
Honda City 1.5 TOP CVT 2019,2019,Xe cũ,Trong nước,Máy xăng,Sedan,Honda,398000000,6,60
Mitsubishi Xpander 1.5 MT 2020,2020,Xe cũ,Nhập khẩu,Máy xăng,MPV,Mitsubishi,395000000,5,68000
Mercedes-Benz C300 AMG 2020,2020,Xe cũ,Trong nước,Máy xăng,Sedan,Mercedes-Benz,1157000000,5,88000
BMW 520i 2022,2022,Xe cũ,Trong nước,Máy xăng,Sedan,BMW,1578000000,3,22000
Hyundai Santa Fe 2.2 Dầu Cao cấp 2020,2020,Xe cũ,Trong nước,Máy dầu,SUV,Hyundai,995000000,5,60000
Ford Ranger XLS 2.2L 4x2 MT 2020,2020,Xe cũ,Nhập khẩu,Máy dầu,Bán tải,Ford,529000000,5,93000
Mercedes-Benz GLC 200 2018,2018,Xe cũ,Trong nước,Máy xăng,SUV,Mercedes-Benz,979000000,7,30000
Mercedes-Benz E250 AMG 2017,2017,Xe cũ,Trong nước,Máy xăng,Sedan,Mercedes-Benz,890000000,8,50000
Hyundai Grand i10 1.2 AT 2020,2020,Xe cũ,Trong nước,Máy xăng,Hatchback,Hyundai,318000000,5,78000
Mercedes-Benz GLC 300 4Matic Coupe 2020,2020,Xe cũ,Trong nước,Máy xăng,Other,Mercedes-Benz,1799000000,5,20000
VinFast VF5 Plus 2023,2023,Xe cũ,Trong nước,Điện,Other,VinFast,450000000,2,30000
Toyota Hiace 2.8 MT 2008,2008,Xe cũ,Trong nước,Máy xăng,Other,Toyota,145000000,17,160000
Hyundai Elantra 2022,2022,Xe cũ,Trong nước,Máy xăng,Sedan,Hyundai,499000000,3,43000
Mercedes-Benz C300 AMG 2022,2022,Xe cũ,Nhập khẩu,Máy xăng,Sedan,Mercedes-Benz,1839000000,3,18888
Mitsubishi Triton GLX 2024,2024,Xe cũ,Nhập khẩu,Máy dầu,Bán tải,Mitsubishi,620000000,1,20000
Hyundai Grand i10 Sedan 1.2 MT 2016,2016,Xe cũ,Nhập khẩu,Máy xăng,Sedan,Hyundai,175000000,9,175
Honda City RS 2022,2022,Xe cũ,Trong nước,Máy xăng,Sedan,Honda,469000000,3,38000
Kia Carnival 2.2D Signature 2024,2024,Xe cũ,Trong nước,Máy dầu,MPV,Kia,1345000000,1,34000
Nissan Juke 1.6 CVT 2015,2015,Xe cũ,Nhập khẩu,Máy xăng,Hatchback,Nissan,499000000,10,57000
Ford Ranger XLS 2.2 4x2 AT 2016,2016,Xe cũ,Trong nước,Máy dầu,Bán tải,Ford,395000000,9,78000
VinFast LUX SA2.0 Cao cấp 2022,2022,Xe cũ,Trong nước,Máy xăng,SUV,VinFast,755000000,3,75000
Mazda CX-5 2.0 Premium 2020,2020,Xe cũ,Trong nước,Máy xăng,SUV,Mazda,695000000,5,66000
Mercedes-Benz GLC 200 V1 2022,2022,Xe cũ,Trong nước,Máy xăng,SUV,Mercedes-Benz,1438000000,3,39000
VinFast Fadil Tiêu Chuẩn 2022,2022,Xe cũ,Trong nước,Máy xăng,Hatchback,VinFast,310000000,3,60000
VinFast LUX A2.0 2020,2020,Xe cũ,Trong nước,Máy xăng,Other,VinFast,500000000,5,50000
VinFast LUX A2.0 Tiêu chuẩn 2021,2021,Xe cũ,Trong nước,Máy xăng,Sedan,VinFast,565000000,4,50000
Kia K5 2.0 Premium 2022,2022,Xe cũ,Trong nước,Máy xăng,Sedan,Kia,695000000,3,50000
Ford Everest 2016,2016,Xe cũ,Nhập khẩu,Máy dầu,SUV,Ford,645000000,9,99000
Mazda 3 Sedan 1.5L Deluxe 2022,2022,Xe cũ,Trong nước,Máy xăng,Sedan,Mazda,499000000,3,42000
Kia Morning SLX 1.0 AT 2009,2009,Xe cũ,Nhập khẩu,Máy xăng,Hatchback,Kia,165000000,16,65000
Toyota Camry 2.5Q 2019,2019,Xe cũ,Trong nước,Máy xăng,Sedan,Toyota,785000000,6,65000
Mercedes-Benz E300 AMG 2019,2019,Xe cũ,Trong nước,Máy xăng,Other,Mercedes-Benz,1370000000,6,33000
Mercedes-Benz C300 AMG 2020,2020,Xe cũ,Nhập khẩu,Máy xăng,Sedan,Mercedes-Benz,1179000000,5,49000
BYD Seal Advanced 2024,2024,Xe cũ,Nhập khẩu,Điện,Sedan,BYD,805000000,1,25000
Toyota Innova 2.0E 2013,2013,Xe cũ,Trong nước,Máy xăng,Other,Toyota,258000000,12,200000
Hyundai Grand Starex 2.4 MT 2017,2017,Xe cũ,Nhập khẩu,Máy dầu,Van/Minivan,Hyundai,555000000,8,130000
Hyundai i30 CW 1.6 AT 2011,2011,Xe cũ,Nhập khẩu,Máy xăng,Hatchback,Hyundai,248000000,14,160000
Suzuki XL7 1.5L 2021,2021,Xe cũ,Nhập khẩu,Máy xăng,SUV,Suzuki,439000000,4,58000
Mitsubishi Xpander 1.5 AT  2022,2022,Xe cũ,Trong nước,Máy xăng,MPV,Mitsubishi,499000000,3,66000
VinFast LUX A2.0 Cao cấp 2021,2021,Xe cũ,Trong nước,Máy xăng,Sedan,VinFast,525000000,4,80000
VinFast LUX A2.0 Cao cấp 2021,2021,Xe cũ,Trong nước,Máy xăng,Sedan,VinFast,498000000,4,50000
Mercedes-Benz GLC 300 4Matic Coupe 2020,2020,Xe cũ,Nhập khẩu,Máy xăng,SUV,Mercedes-Benz,1690000000,5,75000
Mercedes-Benz E300 AMG 2021,2021,Xe cũ,Trong nước,Máy xăng,Sedan,Mercedes-Benz,1899000000,4,33333
Daewoo Lacetti EX 1.6 2009,2009,Xe cũ,Trong nước,Máy xăng,Sedan,Daewoo,75000000,16,102000
Mazda 3 1.5L Sedan 2016,2016,Xe cũ,Trong nước,Máy xăng,Other,Mazda,350000000,9,100000
Kia Carens SX 2.0 AT 2011,2011,Xe cũ,Trong nước,Máy xăng,MPV,Kia,230000000,14,120000
Ford EcoSport 2020,2020,Xe cũ,Trong nước,Máy xăng,SUV,Ford,439000000,5,59000
Mitsubishi Triton 2011,2011,Xe cũ,Trong nước,Máy xăng,Bán tải,Mitsubishi,248000000,14,155000
Toyota Fortuner 2016,2016,Xe cũ,Trong nước,Máy dầu,SUV,Toyota,535000000,9,90000
Mazda 3 Sedan 1.5L Premium 2022,2022,Xe cũ,Nhập khẩu,Máy xăng,Sedan,Mazda,575000000,3,46600
Kia Soluto AT Deluxe 2020,2020,Xe cũ,Trong nước,Máy xăng,Sedan,Kia,319000000,5,26000
Mercedes-Benz GLC 200 4Matic 2021,2021,Xe cũ,Trong nước,Máy xăng,SUV,Mercedes-Benz,1280000000,4,40000
Ford EcoSport Titanium 1.5L AT 2016,2016,Xe cũ,Trong nước,Máy xăng,SUV,Ford,356000000,9,80000
Mitsubishi Triton 2018,2018,Xe cũ,Nhập khẩu,Máy xăng,Other,Mitsubishi,430000000,7,120000
Mini Cooper S 3 cửa 2022,2022,Xe cũ,Nhập khẩu,Máy xăng,Hatchback,Mini,1699000000,3,12222
Ford Ranger XLT 2.2 4X4 MT 2009,2009,Xe cũ,Trong nước,Máy dầu,Bán tải,Ford,195000000,16,160000
VinFast LUX A2.0 Tiêu chuẩn 2020,2020,Xe cũ,Trong nước,Máy xăng,Sedan,VinFast,515000000,5,50000
Ford Mustang EcoBoost 2019,2019,Xe cũ,Nhập khẩu,Máy xăng,Sport Car,Ford,1750000000,6,29000
Ford Transit SVP 2021,2021,Xe cũ,Trong nước,Máy dầu,Van/Minivan,Ford,580000000,4,87000
Toyota Innova 2.0G 2006,2006,Xe cũ,Trong nước,Máy xăng,MPV,Toyota,155000000,19,256380
Mercedes-Benz C250 Exclusive 2015,2015,Xe cũ,Trong nước,Máy xăng,Other,Mercedes-Benz,659000000,10,53000
Ford Explorer 2.3L Ecoboost 2022,2022,Xe cũ,Trong nước,Máy xăng,Other,Ford,1818000000,3,37000
Hyundai Grand i10 Sedan 1.2 MT 2017,2017,Xe cũ,Nhập khẩu,Máy xăng,Sedan,Hyundai,199000000,8,100000
Toyota Camry 2.5G 2013,2013,Xe cũ,Trong nước,Máy xăng,Sedan,Toyota,479000000,12,86000
Mitsubishi Outlander 2.0 CVT Premium 2022,2022,Xe cũ,Trong nước,Máy xăng,SUV,Mitsubishi,750000000,3,3300
Mercedes-Benz C300 2017,2017,Xe cũ,Trong nước,Máy xăng,Other,Mercedes-Benz,680000000,8,75000
Toyota Hilux 2020,2020,Xe cũ,Trong nước,Máy dầu,Bán tải,Toyota,506000000,5,70000
Hyundai Grand i10 1.2 AT 2022,2022,Xe cũ,Trong nước,Máy xăng,Hatchback,Hyundai,360000000,3,28500
Toyota Vios 1.5G AT 2022,2022,Xe cũ,Trong nước,Máy xăng,Sedan,Toyota,459000000,3,80000
Peugeot 3008 GT Line 2022,2022,Xe cũ,Trong nước,Máy xăng,SUV,Peugeot,860000000,3,30000
Hyundai Grand i10 Sedan 1.2 MT 2020,2020,Xe cũ,Nhập khẩu,Máy xăng,Sedan,Hyundai,242000000,5,150000
Citroen DS3 2011,2011,Xe cũ,Nhập khẩu,Máy xăng,Coupe,Citroen,299000000,14,110000
Toyota Vios G 2020,2020,Xe cũ,Trong nước,Máy xăng,Sedan,Toyota,405000000,5,40000
Hyundai Grand Starex 2.5 MT 2016,2016,Xe cũ,Nhập khẩu,Máy xăng,Van/Minivan,Hyundai,395000000,9,120000
Mazda CX-5 2.0 Luxury 2021,2021,Xe cũ,Trong nước,Máy xăng,SUV,Mazda,675000000,4,55000
Hyundai Tucson 2016,2016,Xe cũ,Trong nước,Máy xăng,Other,Hyundai,530000000,9,70000
Nissan X trail 2.5 SV 4WD 2016,2016,Xe cũ,Nhập khẩu,Máy xăng,Crossover,Nissan,490000000,9,90000
Honda HR-V L 2018,2018,Xe cũ,Nhập khẩu,Máy xăng,SUV,Honda,520000000,7,78797
Mitsubishi Triton 4×4 AT MIVEC 2021,2021,Xe cũ,Nhập khẩu,Máy dầu,Bán tải,Mitsubishi,635000000,4,66000
VinFast LUX SA2.0 Tiêu chuẩn 2021,2021,Xe cũ,Trong nước,Máy xăng,SUV,VinFast,670000000,4,80000
Hyundai Accent 1.4 MT 2021,2021,Xe cũ,Trong nước,Máy xăng,Sedan,Hyundai,325000000,4,90000
Toyota Fortuner 2.4G 4x2 AT  2019,2019,Xe cũ,Trong nước,Máy dầu,SUV,Toyota,715000000,6,107000
Toyota Innova 2017,2017,Xe cũ,Trong nước,Máy xăng,Other,Toyota,410000000,8,100000
Toyota Vios 1.5G AT 2020,2020,Xe cũ,Trong nước,Máy xăng,Sedan,Toyota,405000000,5,75000
Hyundai Santa Fe 2.4L Xăng Đặc biệt 2018,2018,Xe cũ,Trong nước,Máy xăng,SUV,Hyundai,690000000,7,84000
Toyota Wigo 1.2 G AT 2023,2023,Xe cũ,Trong nước,Máy xăng,Other,Toyota,383000000,2,17000
Ford EcoSport Titanium 1.5L AT 2021,2021,Xe cũ,Trong nước,Máy xăng,Other,Ford,485000000,4,485000
Hyundai H 100 Porter 2009,2009,Xe cũ,Trong nước,Máy dầu,Xe tải,Hyundai,105000000,16,131696
Honda CR-V 2.4L TG 2010,2010,Xe cũ,Trong nước,Máy xăng,SUV,Honda,295000000,15,120000
Ford Ranger Wildtrak 2.0L 4x4 AT 2023,2023,Xe cũ,Nhập khẩu,Máy dầu,Bán tải,Ford,845000000,2,22000
Ford Ranger Wildtrak 2.0L 4x4 AT 2023,2023,Xe cũ,Trong nước,Máy dầu,Bán tải,Ford,835000000,2,40000
Mitsubishi Triton GLX 2015,2015,Xe cũ,Nhập khẩu,Máy dầu,Bán tải,Mitsubishi,345000000,10,150000
Ford Fiesta 1.5AT Titanium 2016,2016,Xe cũ,Trong nước,Máy xăng,Sedan,Ford,290000000,9,110000
VinFast Fadil Nâng Cao 2022,2022,Xe cũ,Trong nước,Máy xăng,Hatchback,VinFast,329000000,3,30000
Kia Sorento 2WD 2.2 DATH 2017,2017,Xe cũ,Trong nước,Máy dầu,MPV,Kia,568000000,8,1100
Toyota Vios 1.5G AT 2018,2018,Xe cũ,Trong nước,Máy xăng,Sedan,Toyota,388000000,7,60000
Mazda CX-8 Luxury 2022,2022,Xe cũ,Trong nước,Máy xăng,SUV,Mazda,799000000,3,48000
Honda City 1.5 TOP CVT 2018,2018,Xe cũ,Nhập khẩu,Máy xăng,Sedan,Honda,368000000,7,68000
Hyundai Santa Fe 2.2 Dầu Cao cấp 2023,2023,Xe cũ,Trong nước,Máy dầu,SUV,Hyundai,1165000000,2,39336
Kia K3 2022,2022,Xe cũ,Trong nước,Máy xăng,Sedan,Kia,575000000,3,23000
Kia Sportage 2.0D Signature 2022,2022,Xe cũ,Trong nước,Máy dầu,SUV,Kia,855000000,3,50000
Mercedes-Benz C300 AMG 2020,2020,Xe cũ,Trong nước,Máy xăng,Sedan,Mercedes-Benz,1099000000,5,66000
Ford Transit Luxury 2014,2014,Xe cũ,Trong nước,Máy dầu,Van/Minivan,Ford,320000000,11,200000
Toyota Innova 2.0E 2018,2018,Xe cũ,Nhập khẩu,Máy xăng,MPV,Toyota,420000000,7,130000
Ford Ranger Raptor 2019,2019,Xe cũ,Nhập khẩu,Máy dầu,Bán tải,Ford,890000000,6,123000
Mercedes-Benz C300 AMG 2015,2015,Xe cũ,Nhập khẩu,Máy xăng,Sedan,Mercedes-Benz,600000000,10,70000
BMW 320i Sport Line 2023,2023,Xe cũ,Nhập khẩu,Máy xăng,Sedan,BMW,1369000000,2,30000
Honda CR-V 1.5 L 2018,2018,Xe cũ,Trong nước,Máy xăng,SUV,Honda,715000000,7,80000
Mercedes-Benz E280 2008,2008,Xe cũ,Nhập khẩu,Máy xăng,Sedan,Mercedes-Benz,195000000,17,260000
Hyundai Getz 1.1 MT 2009,2009,Xe cũ,Nhập khẩu,Máy xăng,Hatchback,Hyundai,130000000,16,118000
Ford Ranger XLS 2.2 4x2 AT 2022,2022,Xe cũ,Trong nước,Máy dầu,Bán tải,Ford,545000000,3,101000
Nissan X trail 2.0 SL 2WD Premium 2020,2020,Xe cũ,Trong nước,Máy xăng,SUV,Nissan,618000000,5,50000
Honda CR-V 1.5 L 2018,2018,Xe cũ,Nhập khẩu,Máy xăng,SUV,Honda,720000000,7,70000
Toyota Previa 2010,2010,Xe cũ,Nhập khẩu,Máy xăng,Van/Minivan,Toyota,635000000,15,50000
VinFast Fadil Tiêu Chuẩn 2019,2019,Xe cũ,Trong nước,Máy xăng,Hatchback,VinFast,250000000,6,190000
MG 5 1.5L Luxury 2022,2022,Xe cũ,Nhập khẩu,Máy xăng,Sedan,MG,415000000,3,39899
Kia Cerato 1.6 MT 2019,2019,Xe cũ,Trong nước,Máy xăng,Sedan,Kia,400000000,6,92000
Ford Everest Titanium 2.0L AT 4WD 2022,2022,Xe cũ,Nhập khẩu,Máy dầu,SUV,Ford,979000000,3,38000
Toyota Fortuner 2.5G 4x2 MT 2022,2022,Xe cũ,Trong nước,Máy dầu,SUV,Toyota,860000000,3,62000
Hyundai Grand Starex 2.4 MT 2011,2011,Xe cũ,Nhập khẩu,Máy dầu,Van/Minivan,Hyundai,310000000,14,10000
Mazda 2 Sport 1.5L Premium 2021,2021,Xe cũ,Nhập khẩu,Máy xăng,Sport Car,Mazda,455000000,4,60000
Kia Sportage 1.6 GDI 2023,2023,Xe cũ,Trong nước,Máy xăng,SUV,Kia,900000000,2,30200
Mercedes-Benz C300 AMG 2021,2021,Xe cũ,Trong nước,Máy xăng,Sedan,Mercedes-Benz,1220000000,4,53000
Ford Everest Titanium 2.0 AT 4x2 2020,2020,Xe cũ,Nhập khẩu,Máy dầu,SUV,Ford,875000000,5,76000
Toyota Vios 1.5G AT 2019,2019,Xe cũ,Trong nước,Máy xăng,Sedan,Toyota,409000000,6,60000
Kia Morning Si 1.25 AT 2016,2016,Xe cũ,Trong nước,Máy xăng,Hatchback,Kia,249000000,9,89000
Hyundai Grand Starex 2.4 AT 2008,2008,Xe cũ,Nhập khẩu,Máy dầu,Van/Minivan,Hyundai,425000000,17,160000
Ford Ranger XLS 2.0L 4x2 AT 2022,2022,Xe cũ,Trong nước,Máy dầu,Bán tải,Ford,599000000,3,66000
Mercedes-Benz S450L Luxury 2017,2017,Xe cũ,Trong nước,Máy xăng,Sedan,Mercedes-Benz,1890000000,8,80000
Kia Carnival Royal 2023,2023,Xe cũ,Trong nước,Máy xăng,MPV,Kia,1990000000,2,22000
Toyota Vios 1.5 G CVT 2015,2015,Xe cũ,Trong nước,Máy xăng,Sedan,Toyota,353000000,10,210000
Lexus RX 200T 2021,2021,Xe cũ,Nhập khẩu,Máy xăng,Other,Lexus,1870000000,4,100000
VinFast LUX A2.0 Cao cấp 2019,2019,Xe cũ,Trong nước,Máy xăng,Sedan,VinFast,535000000,6,67899
Toyota Land Cruiser Prado GX 2015,2015,Xe cũ,Nhập khẩu,Máy xăng,SUV,Toyota,1028000000,10,120000
Kia Forte SLI 1.6 AT 2009,2009,Xe cũ,Nhập khẩu,Máy xăng,Sedan,Kia,230000000,16,120000
Suzuki Swift 1.4 AT 2015,2015,Xe cũ,Trong nước,Máy xăng,Hatchback,Suzuki,290000000,10,104000
Nissan Sunny 2016,2016,Xe cũ,Trong nước,Máy xăng,Sedan,Nissan,245000000,9,90000
Kia Carnival 2.2D Signature 2023,2023,Xe cũ,Trong nước,Máy dầu,MPV,Kia,1350000000,2,17000
VinFast LUX SA2.0 Cao cấp 2020,2020,Xe cũ,Trong nước,Máy xăng,SUV,VinFast,668000000,5,69000
Ford Territory Titanium X 2024,2024,Xe cũ,Nhập khẩu,Máy xăng,SUV,Ford,850000000,1,34000
Hyundai Elantra 2017,2017,Xe cũ,Trong nước,Máy xăng,Other,Hyundai,320000000,8,70000
Toyota Vios 1.5 E CVT 2023,2023,Xe cũ,Trong nước,Máy xăng,Sedan,Toyota,430000000,2,20
Ford Ranger Raptor 2023,2023,Xe cũ,Nhập khẩu,Máy dầu,Bán tải,Ford,1180000000,2,15000
Ford Ranger 2023,2023,Xe cũ,Trong nước,Máy dầu,Bán tải,Ford,875000000,2,33000
Hyundai Accent 1.4 MT 2020,2020,Xe cũ,Nhập khẩu,Máy xăng,Sedan,Hyundai,310000000,5,140000
Hyundai Grand i10 Sedan 1.2 MT 2018,2018,Xe cũ,Trong nước,Máy xăng,Sedan,Hyundai,235000000,7,130000
Hyundai Accent 1.4 MT 2015,2015,Xe cũ,Nhập khẩu,Máy xăng,Sedan,Hyundai,255000000,10,140000
Toyota Fortuner 2020,2020,Xe cũ,Trong nước,Máy dầu,SUV,Toyota,829000000,5,102000
Toyota Yaris Cross Xăng 2024,2024,Xe cũ,Nhập khẩu,Máy xăng,Crossover,Toyota,655000000,1,20000
Toyota Vios 1.5G AT 2020,2020,Xe cũ,Nhập khẩu,Máy xăng,Sedan,Toyota,415000000,5,21846
Kia Carnival 3.5G Signature 2021,2021,Xe cũ,Trong nước,Máy xăng,MPV,Kia,1120000000,4,55000
BMW X6 xDrive30d 2014,2014,Xe cũ,Nhập khẩu,Máy dầu,SUV,BMW,990000000,11,100000
Kia Carnival 2.2D Luxury 2023,2023,Xe cũ,Trong nước,Máy dầu,MPV,Kia,1155000000,2,46000
Mercedes-Benz GLC 200 4Matic 2021,2021,Xe cũ,Trong nước,Máy xăng,SUV,Mercedes-Benz,1387000000,4,88000
Mercedes-Benz GLC 200 4Matic 2022,2022,Xe cũ,Trong nước,Máy xăng,SUV,Mercedes-Benz,1399000000,3,45000
Honda Jazz VX 2019,2019,Xe cũ,Nhập khẩu,Máy xăng,Hatchback,Honda,389000000,6,56000
Toyota Innova 2.0E 2013,2013,Xe cũ,Trong nước,Máy xăng,MPV,Toyota,255000000,12,130000
Mercedes-Benz GLC 200 4Matic 2022,2022,Xe cũ,Trong nước,Máy xăng,Other,Mercedes-Benz,1699000000,3,24000
Ford Focus Titanium 2015,2015,Xe cũ,Nhập khẩu,Máy xăng,Sedan,Ford,290000000,10,101000
Mitsubishi Outlander 2.0 CVT 2022,2022,Xe cũ,Trong nước,Máy xăng,SUV,Mitsubishi,688000000,3,40000
Mitsubishi Xpander Cross 1.5 AT 2022,2022,Xe cũ,Nhập khẩu,Máy xăng,MPV,Mitsubishi,565000000,3,60000
Mitsubishi Xpander 1.5 AT  2022,2022,Xe cũ,Nhập khẩu,Máy xăng,MPV,Mitsubishi,500000000,3,50000
Porsche Macan  2016,2016,Xe cũ,Nhập khẩu,Máy xăng,SUV,Porsche,1499000000,9,50000
Mitsubishi Outlander 2.0 CVT 2021,2021,Xe cũ,Nhập khẩu,Máy xăng,SUV,Mitsubishi,679000000,4,20000
Hyundai Accent 2023,2023,Xe cũ,Trong nước,Máy xăng,Sedan,Hyundai,415000000,2,70000
Toyota Vios 1.5G AT 2020,2020,Xe cũ,Nhập khẩu,Máy xăng,Sedan,Toyota,420000000,5,21800
Nissan Navara 2.5 AT 2018,2018,Xe cũ,Trong nước,Máy dầu,Bán tải,Nissan,415000000,7,120000
Ford Everest Titanium 2.0 AT 4x2 2023,2023,Xe cũ,Nhập khẩu,Máy dầu,SUV,Ford,1199000000,2,13000
Kia Morning Si 1.25 AT 2016,2016,Xe cũ,Trong nước,Máy xăng,Hatchback,Kia,259000000,9,80000
Toyota Innova 2.0E 2022,2022,Xe cũ,Trong nước,Máy xăng,MPV,Toyota,615000000,3,30000
Ford Ranger XLS 2.0L 4x2 AT 2020,2020,Xe cũ,Nhập khẩu,Máy xăng,Bán tải,Ford,495000000,5,98000
MG 5 1.5L Luxury 2023,2023,Xe cũ,Nhập khẩu,Máy xăng,SUV,MG,430000000,2,45000
Mitsubishi Xforce GLX 2024,2024,Xe cũ,Nhập khẩu,Máy xăng,SUV,Mitsubishi,549000000,1,34000
Ford Transit 2015,2015,Xe cũ,Trong nước,Máy dầu,Van/Minivan,Ford,300000000,10,30000
Peugeot 2008 GT Line 2021,2021,Xe cũ,Nhập khẩu,Máy xăng,Crossover,Peugeot,609000000,4,38000
Mercedes-Benz GLC 250 4Matic 2016,2016,Xe cũ,Nhập khẩu,Máy xăng,SUV,Mercedes-Benz,839000000,9,60000
Mercedes-Benz C300 AMG 2022,2022,Xe cũ,Trong nước,Máy xăng,Sedan,Mercedes-Benz,1839000000,3,26000
Ford Everest Titanium 2.0 AT 4x2 2021,2021,Xe cũ,Trong nước,Máy dầu,Other,Ford,930000000,4,56000
VinFast LUX A2.0 Cao cấp 2021,2021,Xe cũ,Trong nước,Máy xăng,Sedan,VinFast,630000000,4,50000
Audi A6 2.0 TFSI 2013,2013,Xe cũ,Nhập khẩu,Máy xăng,Sedan,Audi,420000000,12,70000
Hyundai Verna 2010,2010,Xe cũ,Nhập khẩu,Máy xăng,Crossover,Hyundai,180000000,15,177578
Mercedes-Benz E180 1.5 I4 2020,2020,Xe cũ,Trong nước,Máy xăng,Sedan,Mercedes-Benz,999000000,5,55000
Lexus GX 470 2007,2007,Xe cũ,Nhập khẩu,Máy xăng,Other,Lexus,650000000,18,162000
Toyota Land Cruiser Prado VX 2019,2019,Xe cũ,Nhập khẩu,Máy xăng,SUV,Toyota,1930000000,6,85981
Mercedes-Benz GLC 200 4Matic 2021,2021,Xe cũ,Trong nước,Máy xăng,Other,Mercedes-Benz,1389000000,4,55000
Lexus RX 350 2009,2009,Xe cũ,Nhập khẩu,Máy xăng,SUV,Lexus,879000000,16,48280
Toyota Vios 1.5E MT 2018,2018,Xe cũ,Trong nước,Máy xăng,Sedan,Toyota,268000000,7,90000
Kia Seltos 1.4 Premium 2022,2022,Xe cũ,Trong nước,Máy xăng,SUV,Kia,645000000,3,40000
Kia Sonet 1.5 Luxury 2023,2023,Xe cũ,Trong nước,Máy xăng,SUV,Kia,554000000,2,16000
Ford Transit SVP Bản trung 2019,2019,Xe cũ,Trong nước,Máy dầu,Van/Minivan,Ford,470000000,6,80000
Suzuki Ertiga 2017,2017,Xe cũ,Nhập khẩu,Máy xăng,Other,Suzuki,325000000,8,100000
Chevrolet Cruze LT 1.6 2017,2017,Xe cũ,Trong nước,Máy xăng,Sedan,Chevrolet,250000000,8,76000
Ford Ranger XLS 2.2 4x2 AT 2021,2021,Xe cũ,Nhập khẩu,Máy dầu,Bán tải,Ford,565000000,4,99000
Toyota Camry 2.5Q 2019,2019,Xe cũ,Trong nước,Máy xăng,Sedan,Toyota,888000000,6,50000
Mercedes-Benz GLC 300 4Matic V1 2022,2022,Xe cũ,Nhập khẩu,Máy xăng,SUV,Mercedes-Benz,1888000000,3,32000
Nissan Navara E 2018,2018,Xe cũ,Other,Máy xăng,Bán tải,Nissan,410000000,7,60000
Mercedes-Benz C200 Edition C 2014,2014,Xe cũ,Trong nước,Máy xăng,Sedan,Mercedes-Benz,385000000,11,110000
Kia Morning Standard MT 2009,2009,Xe cũ,Nhập khẩu,Máy xăng,Hatchback,Kia,130000000,16,150000
Suzuki XL7 GLX 2022,2022,Xe cũ,Nhập khẩu,Máy xăng,MPV,Suzuki,485000000,3,42000
Mercedes-Benz GLC 300 4Matic V1 2022,2022,Xe cũ,Trong nước,Máy xăng,SUV,Mercedes-Benz,1889000000,3,32000
Hyundai Santa Fe 2.2 Dầu Đặc biệt 2022,2022,Xe cũ,Trong nước,Máy dầu,SUV,Hyundai,1160000000,3,58000
Toyota Raize 2022,2022,Xe cũ,Nhập khẩu,Máy xăng,Crossover,Toyota,479000000,3,20000
Mazda 2 Sedan 1.5L Luxury 2022,2022,Xe cũ,Trong nước,Máy xăng,Sedan,Mazda,410000000,3,50000
Ford Ranger XLS 2.0L 4x2 AT 2022,2022,Xe cũ,Trong nước,Máy xăng,Bán tải,Ford,575000000,3,60000
Mazda 3 2019,2019,Xe cũ,Trong nước,Máy xăng,Hatchback,Mazda,468000000,6,70000
Toyota Vios 1.5 G CVT 2021,2021,Xe cũ,Trong nước,Máy xăng,Sedan,Toyota,423000000,4,67000
Honda CR-V 1.5 L 2022,2022,Xe cũ,Trong nước,Máy xăng,SUV,Honda,910000000,3,29109
Hyundai i30 CW 1.6 AT 2009,2009,Xe cũ,Nhập khẩu,Máy xăng,Hatchback,Hyundai,230000000,16,86000
Kia Sorento 2WD 2.4 GAT 2016,2016,Xe cũ,Trong nước,Máy xăng,SUV,Kia,435000000,9,84000
Toyota Vios 1.5E MT 2023,2023,Xe cũ,Trong nước,Máy xăng,Sedan,Toyota,390000000,2,17000
Ford Ranger Wildtrak 2.0L 4x4 AT 2020,2020,Xe cũ,Trong nước,Máy dầu,Bán tải,Ford,675000000,5,70000
Ford Ranger XL 2.5 4X2 MT 2023,2023,Xe cũ,Trong nước,Máy dầu,Bán tải,Ford,590000000,2,20000
Toyota Innova 2.0E 2018,2018,Xe cũ,Trong nước,Máy xăng,MPV,Toyota,440000000,7,100456
MG 5 LUX 2024,2024,Xe cũ,Trong nước,Máy xăng,Sedan,MG,460000000,1,19000
Kia Seltos 1.4 Premium 2021,2021,Xe cũ,Trong nước,Máy xăng,SUV,Kia,590000000,4,58000
Mitsubishi Triton 4×4 AT MIVEC PREMIUM 2021,2021,Xe cũ,Nhập khẩu,Máy dầu,Bán tải,Mitsubishi,630000000,4,80000
Toyota Hilux 2.4E 4×2 AT 2020,2020,Xe cũ,Nhập khẩu,Máy dầu,Bán tải,Toyota,595000000,5,54000
Kia Carens S 2.0 AT 2010,2010,Xe cũ,Trong nước,Máy xăng,MPV,Kia,205000000,15,140000
Kia Sorento 2.2 DAT Premium 2024,2024,Xe cũ,Trong nước,Máy dầu,SUV,Kia,1138000000,1,7000
Mercedes-Benz C200 2001,2001,Xe cũ,Nhập khẩu,Máy xăng,Sedan,Mercedes-Benz,59000000,24,110000
Mazda CX-8 Premium 2020,2020,Xe cũ,Trong nước,Máy xăng,SUV,Mazda,739000000,5,62000
Honda CR-V 1.5 L 2018,2018,Xe cũ,Nhập khẩu,Máy xăng,SUV,Honda,638000000,7,140000
Kia Sportage 2.0G Luxury 2015,2015,Xe cũ,Nhập khẩu,Máy xăng,SUV,Kia,465000000,10,93000
Toyota Vios 2020,2020,Xe cũ,Trong nước,Máy xăng,Sedan,Toyota,262000000,5,100000
Hyundai Tucson 2.0 Đặc biệt 2017,2017,Xe cũ,Nhập khẩu,Máy xăng,SUV,Hyundai,625000000,8,98000
Hyundai Santa Fe 2011,2011,Xe cũ,Trong nước,Máy xăng,SUV,Hyundai,450000000,14,150000
Hyundai Tucson 2.0 Tiêu chuẩn 2019,2019,Xe cũ,Trong nước,Máy xăng,SUV,Hyundai,595000000,6,60000
Toyota Hiace 2.8 MT 2009,2009,Xe cũ,Trong nước,Máy dầu,Van/Minivan,Toyota,265000000,16,140000
Mercedes-Benz E200 Exclusive V1 2023,2023,Xe cũ,Trong nước,Máy xăng,Other,Mercedes-Benz,1799000000,2,13000
Kia Sorento 2.4 GATH Premium 2016,2016,Xe cũ,Trong nước,Máy xăng,SUV,Kia,435000000,9,120000
Honda CR-V 2.4L TG 2019,2019,Xe cũ,Nhập khẩu,Máy xăng,SUV,Honda,755000000,6,86000
Mazda CX-5 2.5L Signature Premium AWD 2019,2019,Xe cũ,Trong nước,Máy xăng,SUV,Mazda,579000000,6,62000
Kia Rio 1.4 AT Hatchback 2013,2013,Xe cũ,Nhập khẩu,Máy xăng,Hatchback,Kia,265000000,12,85000
Nissan X trail 2.5 SV 4WD Premium 2020,2020,Xe cũ,Trong nước,Máy xăng,SUV,Nissan,655000000,5,60000
Mercedes-Benz C200 2.0 AT 2019,2019,Xe cũ,Trong nước,Máy xăng,Sedan,Mercedes-Benz,829000000,6,42000
Mitsubishi Attrage 1.2L MT 2023,2023,Xe cũ,Nhập khẩu,Máy xăng,Other,Mitsubishi,315000000,2,45000
Hyundai Accent 1.4 AT Đặc biệt 2021,2021,Xe cũ,Trong nước,Máy xăng,Sedan,Hyundai,435000000,4,60000
Volvo S90 2020,2020,Xe cũ,Nhập khẩu,Máy xăng,Other,Volvo,1439000000,5,33000
Hyundai Elantra 1.8 MT 2020,2020,Xe cũ,Trong nước,Máy xăng,Sedan,Hyundai,398000000,5,66000
Mazda 3 Luxury 2023,2023,Xe cũ,Nhập khẩu,Máy xăng,Sedan,Mazda,580000000,2,25000
Hyundai Accent 1.4 AT 2014,2014,Xe cũ,Nhập khẩu,Máy xăng,Hatchback,Hyundai,248000000,11,115303
Toyota Vios 1.5G AT 2019,2019,Xe cũ,Nhập khẩu,Máy xăng,Sedan,Toyota,420000000,6,50000
Mercedes-Benz E200 Exclusive 2019,2019,Xe cũ,Nhập khẩu,Máy xăng,Sedan,Mercedes-Benz,1049000000,6,64000
Hyundai Kona 1.6 Turbo 2019,2019,Xe cũ,Nhập khẩu,Máy xăng,Crossover,Hyundai,415000000,6,70000
Land Rover Range Rover Evoque 2.0P HSE Dynamic 2012,2012,Xe cũ,Nhập khẩu,Máy xăng,SUV,Land,499000000,13,62000
Toyota Raize 2024,2024,Xe cũ,Nhập khẩu,Máy xăng,Other,Toyota,508000000,1,4600
Toyota Vios 1.5 E CVT 2021,2021,Xe cũ,Trong nước,Máy xăng,Sedan,Toyota,445000000,4,44500
Hyundai Grand i10 Hatchback 1.2 MT Base 2019,2019,Xe cũ,Trong nước,Máy xăng,Other,Hyundai,220000000,6,74000
Mazda CX-5 2.0 Premium 2016,2016,Xe cũ,Trong nước,Máy xăng,SUV,Mazda,468000000,9,75000
Ford Ranger Wildtrak 3.2 4x4 AT 2017,2017,Xe cũ,Nhập khẩu,Máy dầu,Bán tải,Ford,615000000,8,73000
Toyota Veloz Cross CVT Top 2022,2022,Xe cũ,Trong nước,Máy xăng,MPV,Toyota,555000000,3,60000
Hyundai Grand i10 Sedan 1.2 MT 2023,2023,Xe cũ,Trong nước,Máy xăng,Sedan,Hyundai,279000000,2,50000
Mazda 6 2.5 Premium 2015,2015,Xe cũ,Trong nước,Máy xăng,Sedan,Mazda,385000000,10,140000
Kia Seltos 1.4 Premium 2021,2021,Xe cũ,Trong nước,Máy xăng,SUV,Kia,605000000,4,57000
Volvo XC40 R-Design 2019,2019,Xe cũ,Nhập khẩu,Máy xăng,SUV,Volvo,999000000,6,31000
Honda City 1.5 CVT 2018,2018,Xe cũ,Nhập khẩu,Máy xăng,Sedan,Honda,350000000,7,75000
Mitsubishi Xpander 1.5 MT 2019,2019,Xe cũ,Nhập khẩu,Máy xăng,MPV,Mitsubishi,385000000,6,85000
Hyundai Tucson 2.0 Dầu đặc biệt 2022,2022,Xe cũ,Trong nước,Máy dầu,SUV,Hyundai,850000000,3,70000
Honda City 1.5 CVT 2019,2019,Xe cũ,Trong nước,Máy xăng,Sedan,Honda,366000000,6,60000
Kia Cerato 1.6 AT Luxury 2020,2020,Xe cũ,Trong nước,Máy xăng,Sedan,Kia,475000000,5,50000
Toyota Camry 2.0E 2018,2018,Xe cũ,Trong nước,Máy xăng,Sedan,Toyota,635000000,7,67000
Kia Morning AT 2011,2011,Xe cũ,Nhập khẩu,Máy xăng,Hatchback,Kia,188000000,14,102000
Peugeot 2008 GT Line 2023,2023,Xe cũ,Nhập khẩu,Máy xăng,SUV,Peugeot,695000000,2,17136
Toyota Camry 2.4G 2011,2011,Xe cũ,Trong nước,Máy xăng,Sedan,Toyota,340000000,14,81000
Peugeot 2008 2022,2022,Xe cũ,Trong nước,Máy xăng,SUV,Peugeot,595000000,3,29000
Ford Ranger Wildtrak 3.2 4x4 AT 2017,2017,Xe cũ,Nhập khẩu,Máy dầu,Bán tải,Ford,555000000,8,100000
Honda CR-V 2.0 2017,2017,Xe cũ,Trong nước,Máy xăng,SUV,Honda,525000000,8,60000
Mercedes-Benz GLC 200 4Matic 2021,2021,Xe cũ,Trong nước,Máy xăng,SUV,Mercedes-Benz,1450000000,4,60000
Mercedes-Benz C180 AMG 2021,2021,Xe cũ,Nhập khẩu,Máy xăng,Sedan,Mercedes-Benz,939000000,4,21000
Ford Fiesta Titanium 1.0 AT EcoBoost 2013,2013,Xe cũ,Nhập khẩu,Máy xăng,Hatchback,Ford,220000000,12,80000
Nissan Navara 2.5 AT 2017,2017,Xe cũ,Nhập khẩu,Máy dầu,Bán tải,Nissan,390000000,8,150000
Kia Carnival 2.2D Premium 2022,2022,Xe cũ,Trong nước,Máy dầu,MPV,Kia,1139000000,3,65000
Honda City 1.5 L 2021,2021,Xe cũ,Trong nước,Máy xăng,Sedan,Honda,420000000,4,65000
Honda City 1.5 L 2023,2023,Xe cũ,Trong nước,Máy xăng,Other,Honda,466000000,2,40000
VinFast Fadil Nâng Cao 2021,2021,Xe cũ,Trong nước,Máy xăng,Hatchback,VinFast,305000000,4,48000
Ford Ranger XLS 2.0L 4x2 AT 2022,2022,Xe cũ,Trong nước,Máy dầu,Bán tải,Ford,605000000,3,32373
Suzuki Ertiga 1.5L Sport AT 2016,2016,Xe cũ,Trong nước,Máy xăng,MPV,Suzuki,245000000,9,80000
Hyundai Tucson 1.6 Turbo HTRAC 2024,2024,Xe cũ,Trong nước,Máy xăng,SUV,Hyundai,955000000,1,18000
Toyota Vios 1.5 E CVT 2024,2024,Xe cũ,Trong nước,Máy xăng,Sedan,Toyota,480000000,1,25000
Mazda CX-5 2.0 Premium 2022,2022,Xe cũ,Trong nước,Máy xăng,SUV,Mazda,730000000,3,50836
Toyota Fortuner 2013,2013,Xe cũ,Trong nước,Máy dầu,SUV,Toyota,473000000,12,110000
Hyundai Elantra 1.6 AT 2014,2014,Xe cũ,Trong nước,Máy xăng,Other,Hyundai,328000000,11,112503
Hyundai Tucson 1.6 Turbo HTRAC 2021,2021,Xe cũ,Trong nước,Máy xăng,SUV,Hyundai,735000000,4,61000
Toyota Yaris 1.3E 2015,2015,Xe cũ,Nhập khẩu,Máy xăng,Hatchback,Toyota,320000000,10,60000
Toyota Innova 2.0G 2013,2013,Xe cũ,Trong nước,Máy xăng,MPV,Toyota,345000000,12,190000
Toyota Camry 2.5Q 2022,2022,Xe cũ,Nhập khẩu,Máy xăng,Sedan,Toyota,1179000000,3,14000
Suzuki Blind Van Suzuki Blind Van 2015,2015,Xe cũ,Trong nước,Máy xăng,Xe tải,Suzuki,135000000,10,70000
Hyundai Kona 2019,2019,Xe cũ,Trong nước,Máy xăng,SUV,Hyundai,420000000,6,92000
Ford EcoSport Titanium 1.5L AT 2020,2020,Xe cũ,Trong nước,Máy xăng,Convertible,Ford,455000000,5,85000
Ford Territory Titanium X 2023,2023,Xe cũ,Nhập khẩu,Máy xăng,SUV,Ford,815000000,2,56000
BMW X3 xDrive30i Msport 2020,2020,Xe cũ,Nhập khẩu,Máy xăng,SUV,BMW,1380000000,5,50000
Mazda 2 2018,2018,Xe cũ,Trong nước,Máy xăng,Hatchback,Mazda,372000000,7,30000
Ford Everest 2.0L ST5 10AT 4x4 Titanium 2022,2022,Xe cũ,Nhập khẩu,Máy dầu,SUV,Ford,995000000,3,56000
Kia Sorento 2WD 2.2 DATH 2018,2018,Xe cũ,Trong nước,Máy dầu,SUV,Kia,645000000,7,90000
Mazda 3 Sedan 1.5L Luxury 2024,2024,Xe cũ,Trong nước,Máy xăng,Sedan,Mazda,619000000,1,5000
VinFast LUX A2.0 Cao cấp 2021,2021,Xe cũ,Trong nước,Máy xăng,Sedan,VinFast,646000000,4,69000
Hyundai Tucson 2020,2020,Xe cũ,Trong nước,Máy dầu,Other,Hyundai,716000000,5,78000
Hyundai Kona 2.0 AT Tiêu chuẩn 2018,2018,Xe cũ,Trong nước,Máy xăng,SUV,Hyundai,465000000,7,79000
Toyota Vios 1.5 E CVT 2024,2024,Xe cũ,Trong nước,Máy xăng,Sedan,Toyota,465000000,1,1800
Toyota Camry 2.5Q 2018,2018,Xe cũ,Trong nước,Máy xăng,Sedan,Toyota,760000000,7,74000
Ford Mondeo 2009,2009,Xe cũ,Nhập khẩu,Máy xăng,Sedan,Ford,190000000,16,129434
Hyundai Accent 1.4 AT 2022,2022,Xe cũ,Trong nước,Máy xăng,Sedan,Hyundai,465000000,3,39000
Hyundai Kona 1.6 Turbo 2018,2018,Xe cũ,Trong nước,Máy xăng,Crossover,Hyundai,460000000,7,90000
VinFast LUX A2.0 Tiêu chuẩn 2021,2021,Xe cũ,Trong nước,Máy xăng,Sedan,VinFast,555000000,4,26000
Peugeot 5008 GT 2024,2024,Xe cũ,Trong nước,Máy xăng,SUV,Peugeot,1039000000,1,8000
Kia Sportage 2.0G Signature 2023,2023,Xe cũ,Trong nước,Máy xăng,SUV,Kia,860000000,2,18000
Hyundai Grand i10 2014,2014,Xe cũ,Nhập khẩu,Máy xăng,Hatchback,Hyundai,126000000,11,78000
Toyota Fortuner 2.7 V 4X4 AT 2014,2014,Xe cũ,Nhập khẩu,Máy xăng,SUV,Toyota,465000000,11,147479
Mercedes-Benz GLC 300 4Matic 2022,2022,Xe cũ,Trong nước,Máy xăng,Other,Mercedes-Benz,1888000000,3,30000
Mercedes-Benz GLC 300 4Matic V1 2022,2022,Xe cũ,Trong nước,Máy xăng,SUV,Mercedes-Benz,1850000000,3,37000
Nissan Navara 2.5 MT 2015,2015,Xe cũ,Nhập khẩu,Máy dầu,Bán tải,Nissan,310000000,10,10000
Mazda 3 Sedan 1.5L Luxury 2022,2022,Xe cũ,Trong nước,Máy xăng,Other,Mazda,565000000,3,65000
Hyundai Santa Fe 2.4L Xăng Đặc biệt 2016,2016,Xe cũ,Trong nước,Máy xăng,SUV,Hyundai,660000000,9,98000
Honda CR-V 2.0 2010,2010,Xe cũ,Nhập khẩu,Máy xăng,SUV,Honda,300000000,15,130000
Chevrolet Vivant CDX-AT 2011,2011,Xe cũ,Trong nước,Máy xăng,MPV,Chevrolet,115000000,14,300000
Mercedes-Benz GLC 200 4Matic 2023,2023,Xe cũ,Nhập khẩu,Hybrid,SUV,Mercedes-Benz,1918000000,2,17000
Mercedes-Benz S450 4Matic 2018,2018,Xe cũ,Nhập khẩu,Máy xăng,Sedan,Mercedes-Benz,1890000000,7,60000
Hyundai Elantra 2.0 AT Cao cấp 2019,2019,Xe cũ,Trong nước,Máy xăng,Sedan,Hyundai,435000000,6,65000
Mazda CX-5 2.0 Luxury 2021,2021,Xe cũ,Trong nước,Máy xăng,SUV,Mazda,675000000,4,65819
Kia Carens S 2.0 AT 2010,2010,Xe cũ,Trong nước,Máy xăng,MPV,Kia,205000000,15,140000
Toyota Veloz Cross 1.5 CVT TOP 2022,2022,Xe cũ,Nhập khẩu,Máy xăng,SUV,Toyota,525000000,3,60000
Mitsubishi Xpander Cross 1.5 AT 2021,2021,Xe cũ,Nhập khẩu,Máy xăng,Crossover,Mitsubishi,485000000,4,110000
Toyota Yaris 1.3G 2015,2015,Xe cũ,Trong nước,Máy xăng,Other,Toyota,360000000,10,100000
Kia K3 1.6AT 2015,2015,Xe cũ,Trong nước,Máy xăng,Sedan,Kia,345000000,10,9000
Mitsubishi Outlander 2.0 CVT 2022,2022,Xe cũ,Trong nước,Máy xăng,SUV,Mitsubishi,639000000,3,45000
Kia Sonet 1.5 Premium 2022,2022,Xe cũ,Trong nước,Máy xăng,Crossover,Kia,550000000,3,86000
Kia Morning MT 2019,2019,Xe cũ,Trong nước,Máy xăng,Hatchback,Kia,180000000,6,68000
Mazda BT-50 Standard 4x4 2.2 MT 2013,2013,Xe cũ,Nhập khẩu,Máy dầu,Bán tải,Mazda,320000000,12,1240
Porsche Macan  2015,2015,Xe cũ,Nhập khẩu,Máy xăng,SUV,Porsche,1489000000,10,88888
Ford Ranger 2019,2019,Xe cũ,Trong nước,Máy xăng,Other,Ford,525000000,6,80000
Hyundai Grand i10 Sedan 1.2 AT 2020,2020,Xe cũ,Trong nước,Máy xăng,Sedan,Hyundai,310000000,5,84000
Maserati Levante 3.0L S V6 2017,2017,Xe cũ,Nhập khẩu,Máy xăng,SUV,Maserati,1800000000,8,10000
Mitsubishi Xpander 1.5 AT  2022,2022,Xe cũ,Nhập khẩu,Máy xăng,MPV,Mitsubishi,499000000,3,66000
Ford Everest Titanium 2.0L AT 4WD 2019,2019,Xe cũ,Nhập khẩu,Máy dầu,SUV,Ford,865000000,6,80000
Ford EcoSport Titanium 1.5L AT 2021,2021,Xe cũ,Trong nước,Máy xăng,SUV,Ford,465000000,4,41000
Toyota Vios 2010,2010,Xe cũ,Other,Máy xăng,Sedan,Toyota,108000000,15,60000
Toyota Yaris 2011,2011,Xe cũ,Nhập khẩu,Máy xăng,Hatchback,Toyota,260000000,14,90000
Hyundai Tucson 1.6 Turbo HTRAC 2022,2022,Xe cũ,Trong nước,Máy xăng,Crossover,Hyundai,820000000,3,10000
Honda Civic 1.5 G 2022,2022,Xe cũ,Nhập khẩu,Máy xăng,Sedan,Honda,650000000,3,28000
Toyota Fortuner 2.7V 2021,2021,Xe cũ,Nhập khẩu,Máy xăng,SUV,Toyota,896000000,4,39000
Toyota Fortuner 2019,2019,Xe cũ,Trong nước,Máy dầu,SUV,Toyota,840000000,6,47000
Ford EcoSport Titanium 1.5L AT 2020,2020,Xe cũ,Trong nước,Máy xăng,SUV,Ford,475000000,5,29000
Ford Ranger 2017,2017,Xe cũ,Trong nước,Máy dầu,Bán tải,Ford,458000000,8,111000
Hyundai Santa Fe 2022,2022,Xe cũ,Trong nước,Máy dầu,SUV,Hyundai,970000000,3,63000
Mercedes-Benz GLC 200 4Matic 2021,2021,Xe cũ,Trong nước,Máy xăng,SUV,Mercedes-Benz,1457000000,4,35000
Kia K140 2016,2016,Xe cũ,Trong nước,Máy dầu,Xe tải,Kia,245000000,9,10000
Kia Carnival Royal 2022,2022,Xe cũ,Trong nước,Máy xăng,MPV,Kia,1895000000,3,25000
Honda City 2014,2014,Xe cũ,Trong nước,Máy xăng,Sedan,Honda,280000000,11,82000
VinFast LUX SA2.0 Cao cấp 2020,2020,Xe cũ,Trong nước,Máy xăng,SUV,VinFast,640000000,5,37000
Toyota Fortuner 2.7 V 4X2 AT 2017,2017,Xe cũ,Nhập khẩu,Máy xăng,SUV,Toyota,685000000,8,60000
Honda CR-V 2.4L TG 2010,2010,Xe cũ,Nhập khẩu,Máy xăng,SUV,Honda,310000000,15,170000
Nissan X trail 2.5 SV 4WD 2006,2006,Xe cũ,Nhập khẩu,Máy xăng,SUV,Nissan,195000000,19,130000
Kia Cerato 1.6 AT Luxury 2020,2020,Xe cũ,Trong nước,Máy xăng,Sedan,Kia,474000000,5,58000
Mitsubishi Outlander 2.0 CVT 2022,2022,Xe cũ,Trong nước,Máy xăng,SUV,Mitsubishi,690000000,3,30000
Kia Carnival 2.2D Premium 2024,2024,Xe cũ,Trong nước,Máy dầu,MPV,Kia,1330000000,1,12000
Kia K3 1.6 Luxury 2021,2021,Xe cũ,Nhập khẩu,Máy xăng,Sedan,Kia,505000000,4,40000
Mercedes-Benz C300 AMG 2021,2021,Xe cũ,Trong nước,Máy xăng,Sedan,Mercedes-Benz,1100000000,4,54000
Nissan Sunny 1.5 XV 2013,2013,Xe cũ,Trong nước,Máy xăng,Sedan,Nissan,240000000,12,76000
Mercedes-Benz GLC 300 4Matic 2016,2016,Xe cũ,Nhập khẩu,Máy xăng,SUV,Mercedes-Benz,850000000,9,150000
Mitsubishi Attrage CVT Premium 2022,2022,Xe cũ,Nhập khẩu,Máy xăng,Sedan,Mitsubishi,368000000,3,76000
Honda CR-V 2.4L TG 2016,2016,Xe cũ,Trong nước,Máy xăng,SUV,Honda,535000000,9,100000
Mercedes-Benz GLC 300 4Matic 2022,2022,Xe cũ,Trong nước,Máy xăng,SUV,Mercedes-Benz,1699000000,3,19000
Honda City 1.5 L 2021,2021,Xe cũ,Trong nước,Máy xăng,Sedan,Honda,390000000,4,19000
Hyundai Grand i10 2017,2017,Xe cũ,Trong nước,Máy xăng,Other,Hyundai,265000000,8,80000
Mercedes-Benz GLC 200 4Matic 2023,2023,Xe cũ,Trong nước,Máy xăng,Other,Mercedes-Benz,1939000000,2,17000
Hyundai Stargazer 1.5 AT Đặc biệt 2024,2024,Xe cũ,Trong nước,Máy xăng,MPV,Hyundai,528000000,1,2000
Volvo S90 ultimate 2022,2022,Xe cũ,Nhập khẩu,Máy xăng,Sedan,Volvo,1839000000,3,23000
Honda CR-V 1.5 E 2021,2021,Xe cũ,Trong nước,Máy xăng,SUV,Honda,740000000,4,30000
Toyota Innova 2.0G 2008,2008,Xe cũ,Trong nước,Máy xăng,MPV,Toyota,185000000,17,178000
Kia K3 2.0 Premium 2022,2022,Xe cũ,Trong nước,Máy xăng,Sedan,Kia,558000000,3,48000
Mercedes-Benz C250 Exclusive 2015,2015,Xe cũ,Trong nước,Máy xăng,Other,Mercedes-Benz,619000000,10,54000
Kia K3 1.6 Luxury 2022,2022,Xe cũ,Trong nước,Máy xăng,Sedan,Kia,555000000,3,27000
Mitsubishi Outlander 2.0 CVT Premium 2023,2023,Xe cũ,Nhập khẩu,Máy xăng,SUV,Mitsubishi,795000000,2,31000
Mitsubishi Triton 4×4 AT 2013,2013,Xe cũ,Nhập khẩu,Máy dầu,Bán tải,Mitsubishi,315000000,12,160000
Toyota Innova Cross Hybrid 2023,2023,Xe cũ,Trong nước,Hybrid,MPV,Toyota,985000000,2,14000
Toyota Hilux 2.4E 4×2 AT 2018,2018,Xe cũ,Nhập khẩu,Máy dầu,Bán tải,Toyota,490000000,7,189700
BMW 520i 2022,2022,Xe cũ,Trong nước,Máy xăng,Other,BMW,1578000000,3,22000
Ford Ranger XLS 2.2 4x2 MT 2018,2018,Xe cũ,Nhập khẩu,Máy dầu,Bán tải,Ford,485000000,7,60000
Toyota Wigo 1.2 G AT 2018,2018,Xe cũ,Nhập khẩu,Máy xăng,Hatchback,Toyota,250000000,7,106000
Honda CR-V 2.4L TG 2010,2010,Xe cũ,Nhập khẩu,Máy xăng,SUV,Honda,285000000,15,100000
Toyota Fortuner 2012,2012,Xe cũ,Trong nước,Máy xăng,SUV,Toyota,357000000,13,99000
Mercedes-Benz GLC 300 4Matic 2019,2019,Xe cũ,Trong nước,Máy xăng,Other,Mercedes-Benz,1099000000,6,43000
Hyundai Accent 1.4 AT Đặc biệt 2018,2018,Xe cũ,Trong nước,Máy xăng,Sedan,Hyundai,365000000,7,80000
Nissan Almera CVT 2022,2022,Xe cũ,Nhập khẩu,Máy xăng,Sedan,Nissan,380000000,3,60000
Toyota Hiace 2005,2005,Xe cũ,Trong nước,Máy dầu,Other,Toyota,100000000,20,100120
Kia Optima 2.0 AT 2013,2013,Xe cũ,Nhập khẩu,Máy xăng,Sedan,Kia,430000000,12,72000
Mitsubishi Xpander 1.5 MT 2020,2020,Xe cũ,Nhập khẩu,Máy xăng,SUV,Mitsubishi,395000000,5,81289
Toyota Fortuner 2009,2009,Xe cũ,Trong nước,Máy xăng,Other,Toyota,279000000,16,100000
Mercedes-Benz E200 2018,2018,Xe cũ,Trong nước,Máy xăng,Sedan,Mercedes-Benz,950000000,7,79000
Mercedes-Benz GLC 300 4Matic V1 2022,2022,Xe cũ,Nhập khẩu,Máy xăng,SUV,Mercedes-Benz,1939000000,3,8000
Porsche Cayenne  2014,2014,Xe cũ,Nhập khẩu,Máy xăng,SUV,Porsche,1239000000,11,93000
Mercedes-Benz GLC 200 2019,2019,Xe cũ,Trong nước,Máy xăng,SUV,Mercedes-Benz,999000000,6,60000
Toyota Fortuner 2.8V 4X4 AT 2019,2019,Xe cũ,Trong nước,Máy dầu,SUV,Toyota,925000000,6,87000
Ford EcoSport Titanium 1.5L AT 2019,2019,Xe cũ,Trong nước,Máy xăng,Hatchback,Ford,430000000,6,80000
Toyota Camry 2.5Q 2012,2012,Xe cũ,Trong nước,Máy xăng,Sedan,Toyota,455000000,13,95000
Suzuki Swift GLX 1.2 CVT 2020,2020,Xe cũ,Nhập khẩu,Máy xăng,Hatchback,Suzuki,445000000,5,50000
Chevrolet Colorado  2016,2016,Xe cũ,Nhập khẩu,Máy dầu,Bán tải,Chevrolet,330000000,9,130000
Kia Rio 2015,2015,Xe cũ,Other,Máy xăng,Other,Kia,305000000,10,70000
Mercedes Benz GLC 200 2021,2021,Xe đã dùng,Lắp ráp trong nước,Xăng,SUV,Mercedes,1250000000,4,60000
Kia Sedona 2.2 DAT Luxury 2021,2021,Xe đã dùng,Lắp ráp trong nước,Dầu,Van/Minivan,Kia,875000000,4,96000
Mercedes Benz C class C250 Exclusive 2015,2015,Xe đã dùng,Lắp ráp trong nước,Xăng,Sedan,Mercedes,580000000,10,70000
Suzuki XL7 1.5 AT 2022,2022,Xe đã dùng,Nhập khẩu,Xăng,SUV,Suzuki,499000000,3,65000
Mercedes Benz C class C250 Exclusive 2015,2015,Xe đã dùng,Lắp ráp trong nước,Xăng,Sedan,Mercedes,595000000,10,89000
Kia Morning Luxury 2020,2020,Xe đã dùng,Lắp ráp trong nước,Xăng,Hatchback,Kia,315000000,5,0
Mitsubishi Triton Athlete 4WD AT 2025,2025,Xe mới,Nhập khẩu,Dầu,Bán tải / Pickup,Mitsubishi,860000000,0,0
Toyota Corolla Cross 1.8V 2020,2020,Xe đã dùng,Nhập khẩu,Xăng,SUV,Toyota,655000000,5,70000
BMW X5 xDrive40i xLine 2024,2024,Xe mới,Lắp ráp trong nước,Xăng,SUV,BMW,4299000000,1,0
Mercedes Benz GLS 450 4Matic 2025,2025,Xe mới,Nhập khẩu,Xăng,SUV,Mercedes,5389000000,0,0
Audi A8 L 55 TFSI Quattro 2022,2022,Xe đã dùng,Nhập khẩu,Xăng,Sedan,Audi,3990000000,3,20000
Lexus RX 300 2021,2021,Xe đã dùng,Nhập khẩu,Xăng,SUV,Lexus,2895000000,4,30000
Kia Cerato 1.6 AT Luxury 2019,2019,Xe đã dùng,Lắp ráp trong nước,Xăng,Sedan,Kia,450000000,6,95000
Mazda CX5 Signature Sport 2.5 AT AWD 2023,2023,Xe đã dùng,Lắp ráp trong nước,Xăng,SUV,Mazda,868000000,2,11000
Ford Mondeo 2.5 AT 2005,2005,Xe đã dùng,Lắp ráp trong nước,Xăng,Sedan,Ford,105000000,20,140000
Omoda C5 Flagship 1.5 Turbo 2024,2024,Xe mới,Nhập khẩu,Xăng,SUV,Omoda,602000000,1,0
Mazda 2 1.5 AT 2023,2023,Xe đã dùng,Nhập khẩu,Xăng,Sedan,Mazda,395000000,2,30000
Toyota Land Cruiser 3.5 V6 2025,2025,Xe mới,Nhập khẩu,Xăng,SUV,Toyota,4580000000,0,0
Porsche Macan Turbo 2015,2015,Xe đã dùng,Nhập khẩu,Xăng,SUV,Porsche,2399000000,10,77000
Toyota Yaris G 1.5 AT 2022,2022,Xe đã dùng,Nhập khẩu,Xăng,Hatchback,Toyota,550000000,3,27000
VinFast VF3 Plus 2025,2025,Xe đã dùng,Lắp ráp trong nước,Điện,Hatchback,VinFast,245000000,0,0
Isuzu MU-X Premium 1.9 4X4 AT 2023,2023,Xe mới,Nhập khẩu,Dầu,SUV,Isuzu,1024000000,2,0
Mitsubishi Xforce Ultimate 2025,2025,Xe mới,Nhập khẩu,Xăng,SUV,Mitsubishi,625000000,0,0
Mercedes Benz S class S450L 2020,2020,Xe đã dùng,Lắp ráp trong nước,Xăng,Sedan,Mercedes,2500000000,5,41000
Toyota Corolla altis 1.8V 2022,2022,Xe đã dùng,Nhập khẩu,Xăng,Sedan,Toyota,665000000,3,55000
Mercedes Benz C class C200 Exclusive 2021,2021,Xe đã dùng,Lắp ráp trong nước,Xăng,Sedan,Mercedes,1099000000,4,40000
Mazda 3 1.5 AT 2016,2016,Xe đã dùng,Lắp ráp trong nước,Xăng,Sedan,Mazda,395000000,9,90000
Honda City RS 1.5 AT 2021,2021,Xe đã dùng,Lắp ráp trong nước,Xăng,Sedan,Honda,465000000,4,95000
MG 5 Standard 1.5 AT 2024,2024,Xe mới,Nhập khẩu,Xăng,Sedan,MG,390000000,1,0
VinFast Lux A 2.0 2.0 AT 2021,2021,Xe đã dùng,Lắp ráp trong nước,Xăng,Sedan,VinFast,498000000,4,50000
Porsche Panamera 3.0 V6 2017,2017,Xe đã dùng,Nhập khẩu,Xăng,Sedan,Porsche,3189000000,8,26000
Hyundai Elantra 1.6 AT Đặc biệt 2022,2022,Xe đã dùng,Lắp ráp trong nước,Xăng,Sedan,Hyundai,560000000,3,19000
Toyota Corolla Cross 1.8V 2025,2025,Xe mới,Nhập khẩu,Xăng,SUV,Toyota,760000000,0,0
Ford Fiesta S 1.5 AT 2014,2014,Xe đã dùng,Lắp ráp trong nước,Xăng,Hatchback,Ford,235000000,11,83000
VinFast Lux A 2.0 Plus 2.0 AT 2019,2019,Xe đã dùng,Lắp ráp trong nước,Xăng,Sedan,VinFast,498000000,6,69000
MG 5 1.5 MT 2024,2024,Xe mới,Nhập khẩu,Xăng,Sedan,MG,300000000,1,0
Mercedes Benz V class V220d CDI 2015,2015,Xe đã dùng,Nhập khẩu,Dầu,Van/Minivan,Mercedes,999000000,10,0
Volkswagen Teramont 2.0 AT 2024,2024,Xe mới,Nhập khẩu,Xăng,SUV,Volkswagen,1998000000,1,0
Lexus RX 350 Premium 2024,2024,Xe đã dùng,Nhập khẩu,Xăng,SUV,Lexus,3589000000,1,9111
Mercedes Benz GLC 200 2022,2022,Xe đã dùng,Lắp ráp trong nước,Xăng,SUV,Mercedes,1439000000,3,39000
Hyundai i10 Grand 1.2 AT 2020,2020,Xe đã dùng,Lắp ráp trong nước,Xăng,Hatchback,Hyundai,318000000,5,79000
Mercedes Benz GLC 300 4Matic Coupe 2022,2022,Xe đã dùng,Nhập khẩu,Xăng,SUV,Mercedes,2490000000,3,50000
LandRover Range Rover Vogue 3.0 2019,2019,Xe đã dùng,Nhập khẩu,Xăng,SUV,LandRover,5900000000,6,64000
Toyota Corolla altis 1.8V 2023,2023,Xe đã dùng,Nhập khẩu,Xăng,Sedan,Toyota,690000000,2,30000
Mazda CX5 Signature Premium 2.5 AT AWD I-Activ 2021,2021,Xe đã dùng,Lắp ráp trong nước,Xăng,SUV,Mazda,735000000,4,28000
Mazda 3 1.5 AT 2018,2018,Xe đã dùng,Lắp ráp trong nước,Xăng,Hatchback,Mazda,430000000,7,90000
Toyota Fortuner 2.4G 4x2 MT 2019,2019,Xe đã dùng,Nhập khẩu,Dầu,SUV,Toyota,739000000,6,90000
Ford Ranger XLS 2.0L 4x2 AT 2025,2025,Xe mới,Lắp ráp trong nước,Dầu,Bán tải / Pickup,Ford,605000000,0,0
Mercedes Benz C class C300 AMG 2019,2019,Xe đã dùng,Lắp ráp trong nước,Xăng,Sedan,Mercedes,1039000000,6,57000
Kia Sorento DATH 2018,2018,Xe đã dùng,Lắp ráp trong nước,Dầu,SUV,Kia,645000000,7,90000
Lexus RX 350 Luxury 2023,2023,Xe đã dùng,Nhập khẩu,Xăng,SUV,Lexus,4150000000,2,18000
Toyota Prado TXL 2.7L 2012,2012,Xe đã dùng,Nhập khẩu,Xăng,SUV,Toyota,820000000,13,110000
BMW X7 xDrive40i M Sport 2023,2023,Xe mới,Nhập khẩu,Xăng,SUV,BMW,5549000000,2,0
BMW X7 xDrive40i 2023,2023,Xe mới,Nhập khẩu,Xăng,SUV,BMW,5519000000,2,0
Hyundai Tucson 2.0 AT Tiêu chuẩn 2021,2021,Xe đã dùng,Lắp ráp trong nước,Xăng,Crossover,Hyundai,695000000,4,60000
Mercedes Benz V class V250 Luxury 2019,2019,Xe đã dùng,Nhập khẩu,Xăng,Van/Minivan,Mercedes,1558000000,6,42000
Mazda CX8 Premium AWD 2024,2024,Xe đã dùng,Lắp ráp trong nước,Xăng,SUV,Mazda,1079000000,1,17000
Mercedes Benz GLC 300 4Matic 2021,2021,Xe đã dùng,Lắp ráp trong nước,Xăng,SUV,Mercedes,1699000000,4,70000
Toyota Fortuner 2.7V 4x2 AT TRD 2019,2019,Xe đã dùng,Lắp ráp trong nước,Xăng,SUV,Toyota,795000000,6,30000
Hyundai Accent Cao cấp 1.5 AT 2025,2025,Xe mới,Lắp ráp trong nước,Xăng,Sedan,Hyundai,533000000,0,0
Toyota Innova 2.0G 2017,2017,Xe đã dùng,Lắp ráp trong nước,Xăng,Crossover,Toyota,505000000,8,109115
Toyota Camry 2.5Q 2022,2022,Xe đã dùng,Nhập khẩu,Xăng,Sedan,Toyota,1150000000,3,2400
Hyundai Kona 2.0 AT 2021,2021,Xe đã dùng,Lắp ráp trong nước,Xăng,Crossover,Hyundai,485000000,4,31000
VinFast Lux A 2.0 Tiêu chuẩn 2022,2022,Xe đã dùng,Lắp ráp trong nước,Xăng,Sedan,VinFast,579000000,3,42000
Mazda 3 1.5L Luxury 2019,2019,Xe đã dùng,Lắp ráp trong nước,Xăng,Sedan,Mazda,445000000,6,83000
Subaru Forester 2.0i-L 2024,2024,Xe mới,Nhập khẩu,Xăng,SUV,Subaru,799000000,1,0
Kia Sorento DATH 2016,2016,Xe đã dùng,Lắp ráp trong nước,Dầu,SUV,Kia,515000000,9,93000
Mercedes Benz GLS 400 4Matic 2017,2017,Xe đã dùng,Nhập khẩu,Xăng,SUV,Mercedes,1739000000,8,90000
Hyundai i10 Grand 1.2 AT 2018,2018,Xe đã dùng,Lắp ráp trong nước,Xăng,Hatchback,Hyundai,318000000,7,0
Toyota Fortuner 2.7V 4x4 AT 2017,2017,Xe đã dùng,Nhập khẩu,Xăng,SUV,Toyota,699000000,8,100000
Volvo XC40 Ultra B5 AWD 2025,2025,Xe mới,Nhập khẩu,Xăng,SUV,Volvo,1820000000,0,0
Hyundai SantaFe 2.4L 4WD 2017,2017,Xe đã dùng,Lắp ráp trong nước,Xăng,SUV,Hyundai,600000000,8,80000
Toyota Land Cruiser 4.6 V8 2019,2019,Xe đã dùng,Nhập khẩu,Xăng,SUV,Toyota,4150000000,6,64000
Hyundai Stargazer X 1.5 AT 2025,2025,Xe mới,Nhập khẩu,Xăng,Van/Minivan,Hyundai,559000000,0,0
Ford Ranger XLS 2.0L 4x2 AT 2025,2025,Xe mới,Lắp ráp trong nước,Dầu,Bán tải / Pickup,Ford,657000000,0,0
Suzuki Swift 1.4 AT 2013,2013,Xe đã dùng,Nhập khẩu,Xăng,Hatchback,Suzuki,260000000,12,86000
Lexus RX 300 2022,2022,Xe đã dùng,Nhập khẩu,Xăng,SUV,Lexus,2990000000,3,29000
Ford Everest Ambiente 2.0L 4x2 AT 2025,2025,Xe mới,Nhập khẩu,Dầu,SUV,Ford,1024000000,0,0
Toyota Fortuner 2.4L 4x2 AT 2025,2025,Xe mới,Lắp ráp trong nước,Dầu,SUV,Toyota,995000000,0,0
Ford Ranger Wildtrak 2.0L 4x4 AT 2025,2025,Xe mới,Lắp ráp trong nước,Dầu,Bán tải / Pickup,Ford,839000000,0,0
Ssangyong Musso Libero 2.3 AT 2004,2004,Xe đã dùng,Lắp ráp trong nước,Xăng,SUV,Ssangyong,90000000,21,274000
BMW 5 Series 528i GT 2014,2014,Xe đã dùng,Nhập khẩu,Xăng,Sedan,BMW,629000000,11,75000
Mitsubishi Outlander 2.0 CVT Premium 2018,2018,Xe đã dùng,Lắp ráp trong nước,Xăng,SUV,Mitsubishi,540000000,7,110000
Mazda 6 Premium 2.0 AT 2023,2023,Xe đã dùng,Lắp ráp trong nước,Xăng,Sedan,Mazda,740000000,2,34000
Kia Cerato 1.6 AT Luxury 2021,2021,Xe đã dùng,Lắp ráp trong nước,Xăng,Sedan,Kia,529000000,4,72000
Mercedes Benz GLC 300 4Matic 2016,2016,Xe đã dùng,Lắp ráp trong nước,Xăng,SUV,Mercedes,790000000,9,118000
Hyundai Elantra 1.6 AT 2019,2019,Xe đã dùng,Lắp ráp trong nước,Xăng,Sedan,Hyundai,455000000,6,62000
Ford Ranger Wildtrak 2.2L 4x2 AT 2014,2014,Xe đã dùng,Nhập khẩu,Dầu,Bán tải / Pickup,Ford,365000000,11,120000
Hyundai Grand Starex 2.5 MT 2017,2017,Xe đã dùng,Nhập khẩu,Dầu,Van/Minivan,Hyundai,555000000,8,130000
Peugeot 2008 GT Line 1.2 AT 2024,2024,Xe đã dùng,Lắp ráp trong nước,Xăng,Crossover,Peugeot,719000000,1,25000
Toyota Corolla Cross 1.8V 2021,2021,Xe đã dùng,Nhập khẩu,Xăng,SUV,Toyota,688000000,4,66000
Toyota Land Cruiser VX 4.6 V8 2014,2014,Xe đã dùng,Nhập khẩu,Xăng,SUV,Toyota,1940000000,11,160000
Toyota Camry 2.0E 2011,2011,Xe đã dùng,Nhập khẩu,Xăng,Sedan,Toyota,325000000,14,0
Mercedes Benz GLC 250 4Matic 2019,2019,Xe đã dùng,Lắp ráp trong nước,Xăng,SUV,Mercedes,1088000000,6,63000
Hyundai Tucson 2.0 AT 4WD 2009,2009,Xe đã dùng,Nhập khẩu,Xăng,Crossover,Hyundai,215000000,16,156899
Hyundai Tucson 2.0 ATH 2019,2019,Xe đã dùng,Lắp ráp trong nước,Xăng,Crossover,Hyundai,675000000,6,66000
Kia Cerato 1.6 AT 2017,2017,Xe đã dùng,Lắp ráp trong nước,Xăng,Sedan,Kia,385000000,8,72000
Mercedes Benz S class S450L 2017,2017,Xe đã dùng,Lắp ráp trong nước,Xăng,Sedan,Mercedes,1690000000,8,48000
VinFast VF3 Plus 2025,2025,Xe mới,Lắp ráp trong nước,Điện,Hatchback,VinFast,286000000,0,0
VinFast Lux SA 2.0 Premium 2.0 AT 2019,2019,Xe đã dùng,Lắp ráp trong nước,Xăng,SUV,VinFast,620000000,6,100000
Toyota Sienna LE 3.5 2009,2009,Xe đã dùng,Nhập khẩu,Xăng,Van/Minivan,Toyota,450000000,16,0
Toyota Rush 1.5S AT 2020,2020,Xe đã dùng,Nhập khẩu,Xăng,SUV,Toyota,490000000,5,0
Lexus LX 570 Super Sport 2018,2018,Xe đã dùng,Nhập khẩu,Xăng,SUV,Lexus,6299000000,7,70000
Ford Mustang EcoBoost Fastback 2018,2018,Xe đã dùng,Nhập khẩu,Xăng,Coupe,Ford,1868000000,7,40000
Mercedes Benz GLS 400 4Matic 2016,2016,Xe đã dùng,Nhập khẩu,Xăng,SUV,Mercedes,1445000000,9,100000
Toyota Prado TXL 2.7L 2014,2014,Xe đã dùng,Nhập khẩu,Xăng,SUV,Toyota,935000000,11,160000
Hyundai i20 1.4 AT 2010,2010,Xe đã dùng,Nhập khẩu,Xăng,Hatchback,Hyundai,205000000,15,150000
Hyundai Palisade Prestige 2.2 AT HTRAC 2025,2025,Xe mới,Lắp ráp trong nước,Dầu,SUV,Hyundai,1522000000,0,0
BMW 7 Series 730Li M Sport 2020,2020,Xe đã dùng,Nhập khẩu,Xăng,Sedan,BMW,2550000000,5,50000
Toyota Yaris 1.5G 2018,2018,Xe đã dùng,Nhập khẩu,Xăng,Hatchback,Toyota,465000000,7,71000
Volkswagen Teramont 2.0 AT 2022,2022,Xe đã dùng,Nhập khẩu,Xăng,SUV,Volkswagen,1699000000,3,17666
Toyota Avanza Premio 1.5 MT 2022,2022,Xe đã dùng,Nhập khẩu,Xăng,SUV,Toyota,440000000,3,20600
Mercedes Benz S class S400L 2017,2017,Xe đã dùng,Lắp ráp trong nước,Xăng,Sedan,Mercedes,1499000000,8,67000
Mercedes Benz C class C200 Avantgarde 2024,2024,Xe mới,Lắp ráp trong nước,Xăng,Sedan,Mercedes,1399000000,1,0
Lexus LX 570 2020,2020,Xe đã dùng,Nhập khẩu,Xăng,SUV,Lexus,7180000000,5,65000
VinFast VF3 Plus 2024,2024,Xe mới,Lắp ráp trong nước,Điện,Hatchback,VinFast,299000000,1,0
Volkswagen Viloran Luxury 2024,2024,Xe mới,Nhập khẩu,Xăng,Van/Minivan,Volkswagen,2188000000,1,0
Toyota Fortuner 2.7V 4x2 AT 2017,2017,Xe đã dùng,Nhập khẩu,Xăng,SUV,Toyota,689000000,8,78000
Mazda CX5 2.5 Signature Premium 2WD 2020,2020,Xe đã dùng,Lắp ráp trong nước,Xăng,SUV,Mazda,710000000,5,0
Toyota Corolla altis 1.8G AT 2018,2018,Xe đã dùng,Lắp ráp trong nước,Xăng,Sedan,Toyota,465000000,7,80000
VinFast Lux SA 2.0 Premium 2.0 AT 2019,2019,Xe đã dùng,Lắp ráp trong nước,Xăng,SUV,VinFast,650000000,6,74000
Mazda 2 Sport Luxury 2022,2022,Xe đã dùng,Nhập khẩu,Xăng,Hatchback,Mazda,425000000,3,42000
Mercedes Benz S class S450L 2017,2017,Xe đã dùng,Lắp ráp trong nước,Xăng,Sedan,Mercedes,1950000000,8,80000
Ford Explorer Limited 2.3L EcoBoost 2019,2019,Xe đã dùng,Nhập khẩu,Xăng,SUV,Ford,1150000000,6,85000
Honda Accord 2.4 AT 2018,2018,Xe đã dùng,Nhập khẩu,Xăng,Sedan,Honda,655000000,7,90000
BMW X7 xDrive40i M Sport 2022,2022,Xe đã dùng,Nhập khẩu,Xăng,SUV,BMW,4390000000,3,30000
Toyota Land Cruiser 3.5 V6 2025,2025,Xe mới,Nhập khẩu,Xăng,SUV,Toyota,4580000000,0,0
Mitsubishi Pajero Sport G 4x2 AT 2015,2015,Xe đã dùng,Lắp ráp trong nước,Xăng,SUV,Mitsubishi,375000000,10,90000
Kia Morning Si AT 2017,2017,Xe đã dùng,Lắp ráp trong nước,Xăng,Hatchback,Kia,239000000,8,90000
Kia Carnival Royal 2.2D 2022,2022,Xe đã dùng,Lắp ráp trong nước,Dầu,Van/Minivan,Kia,1899000000,3,40000
Toyota Fortuner 2.7V 4x2 AT 2014,2014,Xe đã dùng,Lắp ráp trong nước,Xăng,SUV,Toyota,420000000,11,100000
Porsche Panamera Platinum Edition 2023,2023,Xe đã dùng,Nhập khẩu,Xăng,Sedan,Porsche,5979000000,2,9000
Porsche Cayenne 3.0 V6 2018,2018,Xe đã dùng,Nhập khẩu,Xăng,SUV,Porsche,2899000000,7,81000
Mercedes Benz C class C200 Exclusive 2021,2021,Xe đã dùng,Lắp ráp trong nước,Xăng,Sedan,Mercedes,1079000000,4,40000
BMW X3 xDrive20i M Sport 2025,2025,Xe mới,Lắp ráp trong nước,Xăng,SUV,BMW,2509000000,0,0
Volkswagen Teramont President 2.0 AT 2025,2025,Xe mới,Nhập khẩu,Xăng,SUV,Volkswagen,2399000000,0,0
Toyota Camry 2.5Q 2022,2022,Xe đã dùng,Nhập khẩu,Xăng,Sedan,Toyota,1110000000,3,0
Hyundai Accent 1.4 MT 2018,2018,Xe đã dùng,Lắp ráp trong nước,Xăng,Sedan,Hyundai,335000000,7,80000
GAC M8 GX Master 2.0T 2025,2025,Xe mới,Nhập khẩu,Xăng,Van/Minivan,GAC,2199000000,0,0
Honda HRV G 2024,2024,Xe đã dùng,Nhập khẩu,Xăng,Crossover,Honda,695000000,1,500
Toyota Vios 1.5G 2016,2016,Xe đã dùng,Lắp ráp trong nước,Xăng,Sedan,Toyota,310000000,9,0
Toyota Yaris 1.5G 2017,2017,Xe đã dùng,Nhập khẩu,Xăng,Hatchback,Toyota,400000000,8,79000
Kia Carnival Signature 2.2D 2022,2022,Xe đã dùng,Lắp ráp trong nước,Dầu,Van/Minivan,Kia,1228000000,3,34000
Hyundai Accent 1.4 AT Đặc Biệt 2022,2022,Xe đã dùng,Lắp ráp trong nước,Xăng,Sedan,Hyundai,392000000,3,22000
Toyota Highlander LE 2.7 2015,2015,Xe đã dùng,Nhập khẩu,Xăng,SUV,Toyota,920000000,10,120000
Peugeot 2008 GT Line 1.2 AT 2022,2022,Xe đã dùng,Lắp ráp trong nước,Xăng,Crossover,Peugeot,665000000,3,16000
Toyota Vios E CVT 2022,2022,Xe đã dùng,Lắp ráp trong nước,Xăng,Sedan,Toyota,428000000,3,38000
Mercedes Benz S class S400L 2017,2017,Xe đã dùng,Lắp ráp trong nước,Xăng,Sedan,Mercedes,1520000000,8,77000
VinFast Lux A 2.0 Plus 2.0 AT 2021,2021,Xe đã dùng,Lắp ráp trong nước,Xăng,Sedan,VinFast,580000000,4,42000
Kia K3 Premium 2.0 AT 2024,2024,Xe đã dùng,Lắp ráp trong nước,Xăng,Sedan,Kia,615000000,1,2900
Ford Ranger XLS 2.2L 4x2 AT 2018,2018,Xe đã dùng,Nhập khẩu,Dầu,Bán tải / Pickup,Ford,485000000,7,78000
Mazda 3 1.5L Luxury 2024,2024,Xe đã dùng,Lắp ráp trong nước,Xăng,Sedan,Mazda,609000000,1,32000
Mini Cooper Clubman S 2023,2023,Xe mới,Nhập khẩu,Xăng,Hatchback,Mini,2045000000,2,0
Mazda 2 1.5 AT 2015,2015,Xe đã dùng,Lắp ráp trong nước,Xăng,Sedan,Mazda,299000000,10,88000
Toyota Yaris 1.5G 2018,2018,Xe đã dùng,Nhập khẩu,Xăng,Hatchback,Toyota,439000000,7,71000
BYD Han EV 2025,2025,Xe mới,Nhập khẩu,Điện,Sedan,BYD,1489000000,0,0
Kia Cerato 1.6 AT Luxury 2019,2019,Xe đã dùng,Lắp ráp trong nước,Xăng,Sedan,Kia,450000000,6,90000
Toyota Yaris Cross 1.5 D-CVT 2024,2024,Xe đã dùng,Nhập khẩu,Xăng,SUV,Toyota,655000000,1,20000
Mazda BT50 2.2L 4x2 AT 2017,2017,Xe đã dùng,Nhập khẩu,Dầu,Bán tải / Pickup,Mazda,380000000,8,130000
VinFast VF7 Plus 2024,2024,Xe mới,Lắp ráp trong nước,Điện,SUV,VinFast,920000000,1,0
Ford Ranger Raptor 2.0L 4x4 AT 2024,2024,Xe đã dùng,Nhập khẩu,Dầu,Bán tải / Pickup,Ford,1205000000,1,15000
Toyota Prado TXL 2.7L 2015,2015,Xe đã dùng,Nhập khẩu,Xăng,SUV,Toyota,1170000000,10,0
Ford Transit Premium 2024,2024,Xe đã dùng,Lắp ráp trong nước,Dầu,Van/Minivan,Ford,900000000,1,24500
Ford Everest Titanium 2.0L 4x2 AT 2025,2025,Xe mới,Nhập khẩu,Dầu,SUV,Ford,1189000000,0,0
Porsche Panamera 3.6 V6 2015,2015,Xe đã dùng,Nhập khẩu,Xăng,Sedan,Porsche,1650000000,10,0
Isuzu QKR QMR77HE5 Thùng Bạt 2025,2025,Xe mới,Lắp ráp trong nước,Dầu,Truck,Isuzu,573000000,0,0
Hyundai SantaFe 2.4L 4WD 2015,2015,Xe đã dùng,Lắp ráp trong nước,Xăng,SUV,Hyundai,485000000,10,78000
Volkswagen Viloran Luxury 2024,2024,Xe mới,Nhập khẩu,Xăng,Van/Minivan,Volkswagen,2188000000,1,0
Ford Tourneo Limousine 2.0 AT 2021,2021,Xe đã dùng,Lắp ráp trong nước,Xăng,Van/Minivan,Ford,779000000,4,33000
Ford Ranger Wildtrak 3.2L 4x4 AT 2014,2014,Xe đã dùng,Nhập khẩu,Dầu,Bán tải / Pickup,Ford,430000000,11,126000
Toyota Corolla altis 1.8G AT 2017,2017,Xe đã dùng,Lắp ráp trong nước,Xăng,Sedan,Toyota,465000000,8,160000
Mercedes Benz Maybach S450 4Matic 2019,2019,Xe đã dùng,Nhập khẩu,Xăng,Sedan,Mercedes,3888000000,6,69000
Audi Q5 2.0 AT 2016,2016,Xe đã dùng,Nhập khẩu,Xăng,SUV,Audi,759000000,9,99000
Lexus ES 300h 2024,2024,Xe mới,Nhập khẩu,Hybrid,Sedan,Lexus,3140000000,1,0
BMW 5 Series 530i 2007,2007,Xe đã dùng,Nhập khẩu,Xăng,Sedan,BMW,225000000,18,100000
Hyundai Accent 1.4 AT Đặc Biệt 2022,2022,Xe đã dùng,Lắp ráp trong nước,Xăng,Sedan,Hyundai,455000000,3,45000
Ford Everest Titanium 2.0L 4x2 AT 2025,2025,Xe mới,Nhập khẩu,Dầu,SUV,Ford,1229000000,0,0
Kia Cerato 1.6 AT 2018,2018,Xe đã dùng,Lắp ráp trong nước,Xăng,Sedan,Kia,375000000,7,45000
Kia Carnival Signature 2.2D 2022,2022,Xe đã dùng,Lắp ráp trong nước,Dầu,Van/Minivan,Kia,1250000000,3,44000
Mitsubishi Xpander 1.5 MT 2020,2020,Xe đã dùng,Nhập khẩu,Xăng,SUV,Mitsubishi,395000000,5,81289
Mazda 6 2.5 AT 2015,2015,Xe đã dùng,Lắp ráp trong nước,Xăng,Sedan,Mazda,335000000,10,0
Peugeot 3008 AL 2021,2021,Xe đã dùng,Lắp ráp trong nước,Xăng,Crossover,Peugeot,717000000,4,50000
Mercedes Benz GLK Class GLK280 4Matic 2009,2009,Xe đã dùng,Lắp ráp trong nước,Xăng,SUV,Mercedes,299000000,16,150000
Lexus RX 300 2021,2021,Xe đã dùng,Nhập khẩu,Xăng,SUV,Lexus,2990000000,4,10000
Jaecoo J7 PHEV 1.5T AT 2025,2025,Xe mới,Nhập khẩu,Hybrid,SUV,Jaecoo,879000000,0,0
Hyundai Tucson 2.0 AT Tiêu chuẩn 2022,2022,Xe đã dùng,Lắp ráp trong nước,Xăng,Crossover,Hyundai,729000000,3,40000
Chevrolet Cruze LT 1.6L 2017,2017,Xe đã dùng,Lắp ráp trong nước,Xăng,Sedan,Chevrolet,255000000,8,130000
Mazda CX8 Premium 2023,2023,Xe đã dùng,Lắp ráp trong nước,Xăng,SUV,Mazda,930000000,2,25000
Isuzu QKR QLR77FE5 Thùng Kín 2025,2025,Xe mới,Lắp ráp trong nước,Dầu,Truck,Isuzu,573000000,0,0
VinFast VF8 Eco 2023,2023,Xe đã dùng,Lắp ráp trong nước,Điện,SUV,VinFast,795000000,2,20000
Toyota Corolla altis 1.8G AT 2015,2015,Xe đã dùng,Lắp ráp trong nước,Xăng,Sedan,Toyota,430000000,10,100000
Ford Transit Tiêu chuẩn 2022,2022,Xe đã dùng,Lắp ráp trong nước,Dầu,Van/Minivan,Ford,620000000,3,60000
LandRover Range Rover Sport Dynamic SE P360 3.0 AT 2024,2024,Xe đã dùng,Nhập khẩu,Xăng,SUV,LandRover,7496000000,1,9700
Audi A6 2.0T 2013,2013,Xe đã dùng,Nhập khẩu,Xăng,Sedan,Audi,420000000,12,75000
Kia K3 Premium 1.6 AT 2022,2022,Xe đã dùng,Lắp ráp trong nước,Xăng,Sedan,Kia,555000000,3,60000
Toyota Yaris 1.3G 2015,2015,Xe đã dùng,Nhập khẩu,Xăng,Hatchback,Toyota,345000000,10,114683
Lexus LX 570 Super Sport MBS 2019,2019,Xe đã dùng,Nhập khẩu,Xăng,SUV,Lexus,6799000000,6,91502
Nissan Navara EL 2.3 AT 2WD 2023,2023,Xe đã dùng,Nhập khẩu,Dầu,Bán tải / Pickup,Nissan,588000000,2,18000
Porsche Macan 2.0 2015,2015,Xe đã dùng,Nhập khẩu,Xăng,SUV,Porsche,1550000000,10,50000
Toyota Yaris Cross HEV 1.5 CVT 2025,2025,Xe mới,Nhập khẩu,Hybrid,SUV,Toyota,755000000,0,0
VinFast VF7 Plus 2025,2025,Xe mới,Lắp ráp trong nước,Điện,SUV,VinFast,893000000,0,0
Toyota Vios G 1.5 CVT 2025,2025,Xe mới,Lắp ráp trong nước,Xăng,Sedan,Toyota,490000000,0,0
Hyundai County SL F140 3.9L S22 2024,2024,Xe mới,Lắp ráp trong nước,Dầu,Van/Minivan,Hyundai,1500000000,1,0
Kia Morning MT 2019,2019,Xe đã dùng,Lắp ráp trong nước,Xăng,Hatchback,Kia,205000000,6,0
Hyundai SantaFe 2.4L 4WD 2014,2014,Xe đã dùng,Lắp ráp trong nước,Xăng,SUV,Hyundai,499000000,11,131000
Mitsubishi L300 Van 2.0 MT 2003,2003,Xe đã dùng,Nhập khẩu,Xăng,Van/Minivan,Mitsubishi,38000000,22,0
Audi A8 L V6 3.0 TFSI 2014,2014,Xe đã dùng,Nhập khẩu,Xăng,Sedan,Audi,999000000,11,80000
Mitsubishi Outlander 2.0 CVT 2021,2021,Xe đã dùng,Lắp ráp trong nước,Xăng,SUV,Mitsubishi,665000000,4,60000
Toyota Fortuner Legender 2.4L 4x2 AT 2025,2025,Xe mới,Lắp ráp trong nước,Dầu,SUV,Toyota,1125000000,0,0
Hyundai Accent 1.4 AT Đặc Biệt 2021,2021,Xe đã dùng,Lắp ráp trong nước,Xăng,Sedan,Hyundai,420000000,4,66000
Hyundai Creta Cao cấp 1.5 AT 2022,2022,Xe đã dùng,Nhập khẩu,Xăng,Crossover,Hyundai,635000000,3,20100
Peugeot 3008 GT 2022,2022,Xe đã dùng,Lắp ráp trong nước,Xăng,Crossover,Peugeot,795000000,3,0
Mercedes Benz GLC 300 4Matic 2023,2023,Xe đã dùng,Lắp ráp trong nước,Xăng,SUV,Mercedes,2569000000,2,2000
Toyota Innova Cross HEV 2.0 CVT 2025,2025,Xe mới,Nhập khẩu,Hybrid,Crossover,Toyota,975000000,0,0
Toyota Hilux 2.4E 4x2 AT 2018,2018,Xe đã dùng,Nhập khẩu,Dầu,Bán tải / Pickup,Toyota,485000000,7,189781
Honda CRV L 2018,2018,Xe đã dùng,Nhập khẩu,Xăng,SUV,Honda,729000000,7,68000
Mercedes Benz E class E180 2023,2023,Xe đã dùng,Lắp ráp trong nước,Xăng,Sedan,Mercedes,1820000000,2,36
Kia Seltos Luxury 1.5 AT 2025,2025,Xe mới,Lắp ráp trong nước,Xăng,Crossover,Kia,649000000,0,0
Ford Escape XLS 2.3L 4x2 AT 2013,2013,Xe đã dùng,Lắp ráp trong nước,Xăng,SUV,Ford,296000000,12,62000
Lexus GX 460 2016,2016,Xe đã dùng,Nhập khẩu,Xăng,SUV,Lexus,2350000000,9,86000
Mercedes Benz GLC 300 4Matic Coupe 2023,2023,Xe đã dùng,Nhập khẩu,Xăng,SUV,Mercedes,2539000000,2,11000
Ford Ranger XLS 2.0L 4x2 MT 2022,2022,Xe đã dùng,Lắp ráp trong nước,Dầu,Bán tải / Pickup,Ford,559000000,3,57000
BMW 3 Series 320i Sport Line 2024,2024,Xe đã dùng,Lắp ráp trong nước,Xăng,Sedan,BMW,1479000000,1,7000
Toyota Raize G 1.0 CVT 2021,2021,Xe đã dùng,Nhập khẩu,Xăng,SUV,Toyota,457000000,4,20000
Mazda 3 1.5 AT 2018,2018,Xe đã dùng,Lắp ráp trong nước,Xăng,Sedan,Mazda,435000000,7,88000
MG 5 Luxury 1.5 AT 2024,2024,Xe đã dùng,Nhập khẩu,Xăng,Sedan,MG,465000000,1,10000
Porsche Cayenne Turbo Diesel 2010,2010,Xe đã dùng,Nhập khẩu,Dầu,SUV,Porsche,1360000000,15,43200
Porsche 718 Cayman 2.0 AT 2024,2024,Xe đã dùng,Nhập khẩu,Xăng,Coupe,Porsche,4788000000,1,8000
Toyota Veloz Cross Top 1.5 CVT 2022,2022,Xe đã dùng,Nhập khẩu,Xăng,SUV,Toyota,545000000,3,70000
Kia Sonet Premium 1.5 AT 2025,2025,Xe mới,Lắp ráp trong nước,Xăng,SUV,Kia,609000000,0,0
Lexus RX 350h Premium 2025,2025,Xe mới,Nhập khẩu,Hybrid,SUV,Lexus,3500000000,0,0
BMW X3 xDrive20i 2025,2025,Xe mới,Lắp ráp trong nước,Xăng,SUV,BMW,2161000000,0,0
Mazda CX 30 Premium 2.0 AT 2021,2021,Xe đã dùng,Nhập khẩu,Xăng,Crossover,Mazda,599000000,4,70000
Ford Everest Titanium 2.0L 4x2 AT 2025,2025,Xe mới,Nhập khẩu,Dầu,SUV,Ford,1189000000,0,0
Mercedes Benz S class S450L 2019,2019,Xe đã dùng,Lắp ráp trong nước,Xăng,Sedan,Mercedes,2280000000,6,50000
Ford Ranger Stormtrak 2.0L 4x4 AT 2025,2025,Xe mới,Nhập khẩu,Dầu,Bán tải / Pickup,Ford,989000000,0,0
Toyota Prado LC250 2.4L 2025,2025,Xe mới,Nhập khẩu,Xăng,SUV,Toyota,3480000000,0,0
Nissan Navara EL 2.3 AT 2WD 2023,2023,Xe đã dùng,Nhập khẩu,Dầu,Bán tải / Pickup,Nissan,579000000,2,32000
Ford Territory Titanium X 1.5 AT 2025,2025,Xe mới,Lắp ráp trong nước,Xăng,SUV,Ford,735000000,0,0
Kia Sedona 2.2 DAT Luxury 2020,2020,Xe đã dùng,Lắp ráp trong nước,Dầu,Van/Minivan,Kia,830000000,5,87000
Toyota Sienna LE 3.5 2009,2009,Xe đã dùng,Nhập khẩu,Xăng,Van/Minivan,Toyota,450000000,16,172000
VinFast VF5 Plus 2024,2024,Xe mới,Lắp ráp trong nước,Điện,SUV,VinFast,513000000,1,0
Kia Sorento GAT 2017,2017,Xe đã dùng,Lắp ráp trong nước,Xăng,SUV,Kia,495000000,8,47000
VinFast VF8 Eco 2023,2023,Xe đã dùng,Lắp ráp trong nước,Điện,SUV,VinFast,749000000,2,21000
Audi A5 Sportback 2.0 2017,2017,Xe đã dùng,Nhập khẩu,Xăng,Sedan,Audi,999000000,8,90000
Toyota Corolla altis 1.8G AT 2009,2009,Xe đã dùng,Lắp ráp trong nước,Xăng,Sedan,Toyota,250000000,16,160000
Toyota Corolla Cross 1.8V 2025,2025,Xe mới,Nhập khẩu,Xăng,SUV,Toyota,765000000,0,0
Mazda CX5 Luxury 2.0 AT 2025,2025,Xe mới,Lắp ráp trong nước,Xăng,SUV,Mazda,754000000,0,0
VinFast VF3 Plus 2024,2024,Xe mới,Lắp ráp trong nước,Điện,Hatchback,VinFast,220000000,1,0
MG ZS Standard 1.5 AT 2WD 2025,2025,Xe mới,Nhập khẩu,Xăng,Crossover,MG,425000000,0,0
LandRover Range Rover Evoque Dynamic 2014,2014,Xe đã dùng,Nhập khẩu,Xăng,SUV,LandRover,630000000,11,75000
Mercedes Benz GLC 200 4Matic 2025,2025,Xe mới,Lắp ráp trong nước,Xăng,SUV,Mercedes,2299000000,0,0
Lexus RX 350 2016,2016,Xe đã dùng,Nhập khẩu,Xăng,SUV,Lexus,2090000000,9,40000
Mercedes Benz GLC 300 4Matic 2020,2020,Xe đã dùng,Lắp ráp trong nước,Xăng,SUV,Mercedes,1650000000,5,30000
Toyota Camry 2.5 HEV Mid 2025,2025,Xe mới,Nhập khẩu,Hybrid,Sedan,Toyota,1400000000,0,0
Hyundai Tucson 1.6 AT Turbo HTRAC Đặc biệt 2024,2024,Xe đã dùng,Lắp ráp trong nước,Xăng,Crossover,Hyundai,939000000,1,14000
Kia Sonet Premium 1.5 AT 2022,2022,Xe đã dùng,Lắp ráp trong nước,Xăng,Crossover,Kia,535000000,3,45689
VinFast VF8 Plus 2025,2025,Xe mới,Lắp ráp trong nước,Điện,SUV,VinFast,1128000000,0,0
Lexus GX 550 Luxury 2025,2025,Xe mới,Nhập khẩu,Xăng,SUV,Lexus,6200000000,0,0
Kia Sonet Premium 1.5 AT 2022,2022,Xe đã dùng,Lắp ráp trong nước,Xăng,Crossover,Kia,518000000,3,67000
Acura MDX 3.7L 2008,2008,Xe đã dùng,Nhập khẩu,Xăng,SUV,Acura,280000000,17,1000
Lexus ES 250 2022,2022,Xe đã dùng,Nhập khẩu,Xăng,Sedan,Lexus,2299000000,3,30000
BMW X6 xDrive40i M Sport 2020,2020,Xe đã dùng,Nhập khẩu,Xăng,SUV,BMW,2890000000,5,42000
Lexus ES 250 2022,2022,Xe đã dùng,Nhập khẩu,Xăng,Sedan,Lexus,2368000000,3,29000
Toyota Fortuner 2.4L 4x2 AT 2024,2024,Xe đã dùng,Lắp ráp trong nước,Dầu,SUV,Toyota,1010000000,1,22000
Mazda 3 1.5L Deluxe 2023,2023,Xe đã dùng,Lắp ráp trong nước,Xăng,Sedan,Mazda,560000000,2,61000
Lexus LX 570 Super Sport 2018,2018,Xe đã dùng,Nhập khẩu,Xăng,SUV,Lexus,6479000000,7,86686
Mitsubishi Xpander Cross 1.5 AT 2025,2025,Xe mới,Nhập khẩu,Xăng,SUV,Mitsubishi,698000000,0,0
Toyota Rush 1.5S AT 2019,2019,Xe đã dùng,Nhập khẩu,Xăng,SUV,Toyota,475000000,6,0
Honda CRV 2.4 AT 2015,2015,Xe đã dùng,Lắp ráp trong nước,Xăng,SUV,Honda,530000000,10,0
Ford Everest Sport 2.0L 4x2 AT 2023,2023,Xe đã dùng,Nhập khẩu,Dầu,SUV,Ford,1165000000,2,23000
Mercedes Benz C class C200 Exclusive 2020,2020,Xe đã dùng,Lắp ráp trong nước,Xăng,Sedan,Mercedes,1022000000,5,102000
Toyota Vios 1.5E 2017,2017,Xe đã dùng,Lắp ráp trong nước,Xăng,Sedan,Toyota,290000000,8,0
Porsche Macan S 2021,2021,Xe đã dùng,Nhập khẩu,Xăng,SUV,Porsche,2998000000,4,50000
Ford Everest Titanium 2.0L 4x2 AT 2023,2023,Xe đã dùng,Nhập khẩu,Dầu,SUV,Ford,1200000000,2,27356
Toyota Vios G 1.5 CVT 2022,2022,Xe đã dùng,Lắp ráp trong nước,Xăng,Sedan,Toyota,455000000,3,66000
Kia K3 Premium 1.6 AT 2022,2022,Xe đã dùng,Lắp ráp trong nước,Xăng,Sedan,Kia,560000000,3,50000
Ford Everest Titanium 2.0L 4x2 AT 2025,2025,Xe mới,Nhập khẩu,Dầu,SUV,Ford,1289000000,0,0
Porsche Cayenne 3.0 V6 2023,2023,Xe đã dùng,Nhập khẩu,Xăng,SUV,Porsche,6500000000,2,8888
Lexus LX 600 Urban 2023,2023,Xe đã dùng,Nhập khẩu,Xăng,SUV,Lexus,8500000000,2,27000
Mercedes Benz C class C300 AMG 2017,2017,Xe đã dùng,Lắp ráp trong nước,Xăng,Sedan,Mercedes,819000000,8,68000
Toyota Innova G 2006,2006,Xe đã dùng,Lắp ráp trong nước,Xăng,Crossover,Toyota,160000000,19,178000
BMW 5 Series 520i Luxury Line 2022,2022,Xe đã dùng,Lắp ráp trong nước,Xăng,Sedan,BMW,1579000000,3,23232
Hyundai Tucson 1.6 AT Turbo 2018,2018,Xe đã dùng,Lắp ráp trong nước,Xăng,Crossover,Hyundai,670000000,7,65000
Toyota Prado LC250 2.4L 2025,2025,Xe mới,Nhập khẩu,Xăng,SUV,Toyota,3480000000,0,0
Kia Sonet Premium 1.5 AT 2023,2023,Xe đã dùng,Lắp ráp trong nước,Xăng,Crossover,Kia,580000000,2,20000
Mercedes Benz S class S63 AMG 2010,2010,Xe đã dùng,Nhập khẩu,Xăng,Sedan,Mercedes,699000000,15,123000
Kia Sorento GAT 2017,2017,Xe đã dùng,Lắp ráp trong nước,Xăng,SUV,Kia,455000000,8,11000
VinFast Minio Green At 2025,2025,Xe mới,Lắp ráp trong nước,Điện,Hatchback,VinFast,269000000,0,0
Lexus RX 350 2021,2021,Xe đã dùng,Nhập khẩu,Xăng,SUV,Lexus,3499000000,4,70000
Mercedes Benz C class C300 AMG 2015,2015,Xe đã dùng,Lắp ráp trong nước,Xăng,Sedan,Mercedes,660000000,10,10000
Mercedes Benz C class C200 2015,2015,Xe đã dùng,Lắp ráp trong nước,Xăng,Sedan,Mercedes,599000000,10,96560
Hyundai Starex Van 2.5 MT 2004,2004,Xe đã dùng,Nhập khẩu,Dầu,Van/Minivan,Hyundai,58000000,21,356876
Toyota Corolla altis 1.8V 2023,2023,Xe đã dùng,Nhập khẩu,Xăng,Sedan,Toyota,668000000,2,33000
Mercedes Benz G class G63 AMG 2019,2019,Xe đã dùng,Nhập khẩu,Xăng,SUV,Mercedes,7490000000,6,0
Chrysler 300C 3.5 V6 2010,2010,Xe đã dùng,Nhập khẩu,Xăng,Sedan,Chrysler,480000000,15,0
Chevrolet Colorado High Country 2.8L 4x4 AT 2018,2018,Xe đã dùng,Nhập khẩu,Dầu,Bán tải / Pickup,Chevrolet,489000000,7,119000
Toyota Camry 2.5Q 2016,2016,Xe đã dùng,Lắp ráp trong nước,Xăng,Sedan,Toyota,625000000,9,110000
Toyota Prado VX 2.7L 2022,2022,Xe đã dùng,Nhập khẩu,Xăng,SUV,Toyota,2190000000,3,70000
Mazda 3 1.6 AT 2010,2010,Xe đã dùng,Nhập khẩu,Xăng,Hatchback,Mazda,255000000,15,150000
VinFast VF7 Plus 2024,2024,Xe mới,Lắp ráp trong nước,Điện,SUV,VinFast,800000000,1,0
Toyota Veloz Cross 1.5 CVT 2025,2025,Xe mới,Lắp ráp trong nước,Xăng,SUV,Toyota,638000000,0,0
Kia Sportage Signature X-Line 1.6T AWD 2024,2024,Xe đã dùng,Lắp ráp trong nước,Xăng,Crossover,Kia,980000000,1,3000
Volvo XC90 Ultimate B6 AWD 2022,2022,Xe đã dùng,Nhập khẩu,Xăng,SUV,Volvo,3190000000,3,70000
Mercedes Benz Maybach S600 2015,2015,Xe đã dùng,Nhập khẩu,Xăng,Sedan,Mercedes,3599000000,10,60000
Lexus LX 570 2016,2016,Xe đã dùng,Nhập khẩu,Xăng,SUV,Lexus,4560000000,9,0
Ford Explorer Limited 2.3L EcoBoost 2022,2022,Xe đã dùng,Nhập khẩu,Xăng,SUV,Ford,1720000000,3,93000
Mercedes Benz E class E250 2009,2009,Xe đã dùng,Lắp ráp trong nước,Xăng,Sedan,Mercedes,300000000,16,92000
Toyota Alphard 2.4 AT 2025,2025,Xe mới,Nhập khẩu,Xăng,Van/Minivan,Toyota,4510000000,0,0
Toyota Fortuner 2.7V 4x4 AT 2014,2014,Xe đã dùng,Lắp ráp trong nước,Xăng,SUV,Toyota,405000000,11,0
Honda CRV 2.0 AT 2015,2015,Xe đã dùng,Lắp ráp trong nước,Xăng,SUV,Honda,495000000,10,80000
Mini Cooper S 5Dr 2014,2014,Xe đã dùng,Nhập khẩu,Xăng,Hatchback,Mini,629000000,11,0
Kia Carnival Premium 2.2D 2022,2022,Xe đã dùng,Lắp ráp trong nước,Dầu,Van/Minivan,Kia,1125000000,3,62000
Maserati Ghibli 3.0 V6 2018,2018,Xe đã dùng,Nhập khẩu,Xăng,Sedan,Maserati,2399000000,7,21000
Mazda 3 1.5 AT 2015,2015,Xe đã dùng,Lắp ráp trong nước,Xăng,Sedan,Mazda,355000000,10,98000
Ford Everest Titanium Plus 2.0L 4x4 AT 2023,2023,Xe đã dùng,Nhập khẩu,Dầu,SUV,Ford,1379000000,2,61789
Toyota Camry 2.0Q 2025,2025,Xe mới,Nhập khẩu,Xăng,Sedan,Toyota,1220000000,0,0
BMW X3 xDrive30i M Sport 2024,2024,Xe mới,Lắp ráp trong nước,Xăng,SUV,BMW,2354000000,1,0
Mazda 6 2.0L Premium 2017,2017,Xe đã dùng,Lắp ráp trong nước,Xăng,Sedan,Mazda,492000000,8,80000
Kia Cerato 1.6 AT 2009,2009,Xe đã dùng,Nhập khẩu,Xăng,Sedan,Kia,222000000,16,128000
Mitsubishi Xpander Cross 1.5 AT 2022,2022,Xe đã dùng,Nhập khẩu,Xăng,SUV,Mitsubishi,555000000,3,69000
BMW 5 Series 520i Luxury Line 2022,2022,Xe đã dùng,Lắp ráp trong nước,Xăng,Sedan,BMW,1578000000,3,22000
Hyundai Tucson 2.0 AT Đặc biệt 2022,2022,Xe đã dùng,Lắp ráp trong nước,Xăng,Crossover,Hyundai,799000000,3,0
Toyota Fortuner 2.7V 4x2 AT TRD 2019,2019,Xe đã dùng,Lắp ráp trong nước,Xăng,SUV,Toyota,790000000,6,30000
Peugeot 2008 GT Line 1.2 AT 2022,2022,Xe đã dùng,Lắp ráp trong nước,Xăng,Crossover,Peugeot,610000000,3,48000
Hyundai i10 Grand 1.2 AT 2017,2017,Xe đã dùng,Nhập khẩu,Xăng,Hatchback,Hyundai,295000000,8,73899
Porsche Macan 2.0 2023,2023,Xe đã dùng,Nhập khẩu,Xăng,SUV,Porsche,3589000000,2,14000
Mitsubishi Xpander 1.5 AT 2021,2021,Xe đã dùng,Nhập khẩu,Xăng,SUV,Mitsubishi,495000000,4,58000
Toyota Hilux 2.4L 4x2 AT 2025,2025,Xe mới,Nhập khẩu,Dầu,Bán tải / Pickup,Toyota,706000000,0,0
Ford Everest Titanium 2.0L 4x4 AT 2019,2019,Xe đã dùng,Nhập khẩu,Dầu,SUV,Ford,918000000,6,39000
Mercedes Benz GLS 450 4Matic 2024,2024,Xe mới,Nhập khẩu,Xăng,SUV,Mercedes,4659000000,1,0
Mitsubishi Zinger GLS 2.4 MT 2009,2009,Xe đã dùng,Lắp ráp trong nước,Xăng,SUV,Mitsubishi,130000000,16,280000
Hyundai Tucson 2.0 AT Đặc biệt 2021,2021,Xe đã dùng,Lắp ráp trong nước,Xăng,Crossover,Hyundai,713000000,4,30000
Hyundai Elantra 2.0 AT 2017,2017,Xe đã dùng,Lắp ráp trong nước,Xăng,Sedan,Hyundai,375000000,8,0
Mercedes Benz S class S400L 2016,2016,Xe đã dùng,Lắp ráp trong nước,Xăng,Sedan,Mercedes,1190000000,9,78000
Ford Everest Titanium Plus 2.0L 4x4 AT 2024,2024,Xe đã dùng,Nhập khẩu,Dầu,SUV,Ford,1485000000,1,5493
Toyota Yaris Cross 1.5 D-CVT 2024,2024,Xe đã dùng,Nhập khẩu,Xăng,SUV,Toyota,650000000,1,6900
Mercedes Benz S class S450L 2020,2020,Xe đã dùng,Lắp ráp trong nước,Xăng,Sedan,Mercedes,2398000000,5,46666
Mitsubishi Attrage 1.2 MT 2020,2020,Xe đã dùng,Nhập khẩu,Xăng,Sedan,Mitsubishi,229000000,5,88000
Chevrolet Spark Duo Van 1.2 MT 2018,2018,Xe đã dùng,Lắp ráp trong nước,Xăng,Van/Minivan,Chevrolet,130000000,7,82000
VinFast VF7 Plus 2025,2025,Xe mới,Lắp ráp trong nước,Điện,SUV,VinFast,893000000,0,0
Hyundai Accent 1.4 AT 2022,2022,Xe đã dùng,Lắp ráp trong nước,Xăng,Sedan,Hyundai,425000000,3,65000
Ford Ranger Wildtrak 2.0L 4x4 AT 2025,2025,Xe mới,Lắp ráp trong nước,Dầu,Bán tải / Pickup,Ford,858000000,0,0
LandRover Range Rover Vogue 3.0 2014,2014,Xe đã dùng,Nhập khẩu,Xăng,SUV,LandRover,2350000000,11,60000
Mercedes Benz GLC 200 2019,2019,Xe đã dùng,Lắp ráp trong nước,Xăng,SUV,Mercedes,1100000000,6,44000
BYD Atto 3 Dynamic 2024,2024,Xe mới,Nhập khẩu,Điện,Crossover,BYD,686000000,1,0
Mitsubishi Xpander 1.5 MT 2020,2020,Xe đã dùng,Nhập khẩu,Xăng,SUV,Mitsubishi,410000000,5,53000
Mazda 3 1.5L Luxury 2019,2019,Xe đã dùng,Lắp ráp trong nước,Xăng,Sedan,Mazda,455000000,6,75000
VinFast Limo Green AT 2025,2025,Xe mới,Lắp ráp trong nước,Điện,SUV,VinFast,749000000,0,0
Mazda 3 1.5L Luxury 2019,2019,Xe đã dùng,Lắp ráp trong nước,Xăng,Sedan,Mazda,445000000,6,90000
Suzuki Ciaz 1.4 AT 2017,2017,Xe đã dùng,Nhập khẩu,Xăng,Sedan,Suzuki,280000000,8,190000
Hyundai Elantra 2.0 AT 2021,2021,Xe đã dùng,Lắp ráp trong nước,Xăng,Sedan,Hyundai,522000000,4,30000
Toyota Rush 1.5S AT 2021,2021,Xe đã dùng,Nhập khẩu,Xăng,SUV,Toyota,499000000,4,29000
Hyundai Tucson 2.0 AT 2019,2019,Xe đã dùng,Lắp ráp trong nước,Xăng,Crossover,Hyundai,595000000,6,0
Toyota Camry 2.5Q 2018,2018,Xe đã dùng,Lắp ráp trong nước,Xăng,Sedan,Toyota,685000000,7,910000
Toyota Corolla Cross 1.8V 2023,2023,Xe đã dùng,Nhập khẩu,Xăng,SUV,Toyota,770000000,2,8800
Mercedes Benz C class C300 AMG 2025,2025,Xe mới,Lắp ráp trong nước,Xăng,Sedan,Mercedes,1889000000,0,0
Volvo S90 Ultra B6 AWD 2025,2025,Xe mới,Nhập khẩu,Xăng,Sedan,Volvo,2269000000,0,0
Hyundai Tucson 1.6 AT Turbo 2019,2019,Xe đã dùng,Lắp ráp trong nước,Xăng,Crossover,Hyundai,655000000,6,57000
Lexus GX 460 2009,2009,Xe đã dùng,Nhập khẩu,Xăng,SUV,Lexus,1169000000,16,140000
Ford Everest Titanium Plus 2.0L 4x4 AT 2025,2025,Xe mới,Nhập khẩu,Dầu,SUV,Ford,1375000000,0,0
VinFast VF5 Plus 2025,2025,Xe đã dùng,Lắp ráp trong nước,Điện,SUV,VinFast,465000000,0,20000
Mazda 2 1.5 AT 2025,2025,Xe mới,Nhập khẩu,Xăng,Sedan,Mazda,399000000,0,0
Kia Carnival Luxury 2.2D 2025,2025,Xe mới,Lắp ráp trong nước,Dầu,Van/Minivan,Kia,1279000000,0,0
Mazda CX5 2.0 AT 2018,2018,Xe đã dùng,Lắp ráp trong nước,Xăng,SUV,Mazda,580000000,7,100000
Audi A4 2.0 TFSI 2016,2016,Xe đã dùng,Nhập khẩu,Xăng,Sedan,Audi,668000000,9,75000
Ford Ranger XLS 2.2L 4x2 AT 2019,2019,Xe đã dùng,Nhập khẩu,Dầu,Bán tải / Pickup,Ford,525000000,6,64000
Mazda 6 Premium 2.0 AT 2023,2023,Xe đã dùng,Lắp ráp trong nước,Xăng,Sedan,Mazda,735000000,2,26000
Kia Sportage Signature 1.6T AWD 2023,2023,Xe đã dùng,Lắp ráp trong nước,Xăng,Crossover,Kia,899000000,2,32000
Mazda 2 1.5 AT 2016,2016,Xe đã dùng,Lắp ráp trong nước,Xăng,Hatchback,Mazda,309000000,9,8
VinFast Lux A 2.0 Tiêu chuẩn 2022,2022,Xe đã dùng,Lắp ráp trong nước,Xăng,Sedan,VinFast,555000000,3,50000
VinFast Fadil Tiêu chuẩn 1.4 AT 2022,2022,Xe đã dùng,Lắp ráp trong nước,Xăng,Hatchback,VinFast,329000000,3,43000
Hyundai i10 Grand 1.2 AT 2016,2016,Xe đã dùng,Nhập khẩu,Xăng,Hatchback,Hyundai,279000000,9,100000
Toyota Innova G 2.0 AT 2021,2021,Xe đã dùng,Lắp ráp trong nước,Xăng,Crossover,Toyota,695000000,4,52000
Mitsubishi Xpander Cross 1.5 AT 2021,2021,Xe đã dùng,Nhập khẩu,Xăng,SUV,Mitsubishi,520000000,4,48000
Honda City L 1.5 AT 2022,2022,Xe đã dùng,Lắp ráp trong nước,Xăng,Sedan,Honda,455000000,3,79000
LandRover Range Rover Velar R-Dynamic 2.0 2018,2018,Xe đã dùng,Nhập khẩu,Xăng,SUV,LandRover,2490000000,7,63000
Toyota Fortuner 2.7V 4x2 AT 2017,2017,Xe đã dùng,Nhập khẩu,Xăng,SUV,Toyota,685000000,8,60000
Audi A1 1.4 TFSI 2010,2010,Xe đã dùng,Nhập khẩu,Xăng,Hatchback,Audi,338000000,15,90000
Mercedes Benz S class S450 4Matic 2023,2023,Xe đã dùng,Nhập khẩu,Xăng,Sedan,Mercedes,3699000000,2,35000
VinFast Lux SA 2.0 Premium 2.0 AT 2019,2019,Xe đã dùng,Lắp ráp trong nước,Xăng,SUV,VinFast,615000000,6,78000
LandRover Range Rover HSE 3.0 V6 2019,2019,Xe đã dùng,Nhập khẩu,Xăng,SUV,LandRover,4799000000,6,64000
Kia Cerato 2.0 AT 2018,2018,Xe đã dùng,Lắp ráp trong nước,Xăng,Sedan,Kia,399000000,7,60000
Mitsubishi Triton 4x4 AT Mivec Premium 2021,2021,Xe đã dùng,Nhập khẩu,Dầu,Bán tải / Pickup,Mitsubishi,635000000,4,120000
Peugeot 2008 GT Line 1.2 AT 2024,2024,Xe đã dùng,Lắp ráp trong nước,Xăng,Crossover,Peugeot,699000000,1,9000
Honda City RS 1.5 AT 2022,2022,Xe đã dùng,Lắp ráp trong nước,Xăng,Sedan,Honda,450000000,3,35000
Toyota Vios G 1.5 CVT 2025,2025,Xe mới,Lắp ráp trong nước,Xăng,Sedan,Toyota,495000000,0,0
Subaru Forester 2.0i-S EyeSight 2024,2024,Xe mới,Nhập khẩu,Xăng,SUV,Subaru,969000000,1,0
Mercedes Benz E class E200 Exclusive 2020,2020,Xe đã dùng,Lắp ráp trong nước,Xăng,Sedan,Mercedes,1099000000,5,45
Porsche Panamera 4 Executive 2019,2019,Xe đã dùng,Nhập khẩu,Xăng,Sedan,Porsche,4590000000,6,34000
Toyota Vios 1.5G 2016,2016,Xe đã dùng,Lắp ráp trong nước,Xăng,Sedan,Toyota,345000000,9,100000
Toyota Fortuner 2.7V 4x4 AT 2010,2010,Xe đã dùng,Lắp ráp trong nước,Xăng,SUV,Toyota,317000000,15,157000
Hyundai SantaFe Cao cấp 2.2L HTRAC 2022,2022,Xe đã dùng,Lắp ráp trong nước,Dầu,SUV,Hyundai,1150000000,3,48000
Ford Everest Titanium 2.0L 4x2 AT 2025,2025,Xe mới,Nhập khẩu,Dầu,SUV,Ford,1189000000,0,0
Toyota Vios 1.5E CVT 2021,2021,Xe đã dùng,Lắp ráp trong nước,Xăng,Sedan,Toyota,395000000,4,80000
Ford Everest Titanium 2.0L 4x2 AT 2022,2022,Xe đã dùng,Nhập khẩu,Dầu,SUV,Ford,975000000,3,21000
Nissan Terra V 2.5 AT 4WD 2018,2018,Xe đã dùng,Nhập khẩu,Xăng,SUV,Nissan,625000000,7,78000
Suzuki Swift 1.4 AT 2014,2014,Xe đã dùng,Lắp ráp trong nước,Xăng,Hatchback,Suzuki,265000000,11,0
Mazda 3 1.5 AT 2017,2017,Xe đã dùng,Lắp ráp trong nước,Xăng,Hatchback,Mazda,385000000,8,60000
Mazda CX5 2.5 AT 2WD 2018,2018,Xe đã dùng,Lắp ráp trong nước,Xăng,SUV,Mazda,625000000,7,96000
Mercedes Benz GLC 300 4Matic 2019,2019,Xe đã dùng,Lắp ráp trong nước,Xăng,SUV,Mercedes,1088000000,6,85000
MG ZS Luxury 1.5 AT 2WD 2025,2025,Xe mới,Nhập khẩu,Xăng,Crossover,MG,480000000,0,0
Toyota Fortuner Legender 2.4L 4x2 AT 2025,2025,Xe mới,Lắp ráp trong nước,Dầu,SUV,Toyota,1130000000,0,0
Hyundai SantaFe 2.4L 4WD 2015,2015,Xe đã dùng,Lắp ráp trong nước,Xăng,SUV,Hyundai,545000000,10,0
Toyota Corolla altis 2.0V Sport 2017,2017,Xe đã dùng,Lắp ráp trong nước,Xăng,Sedan,Toyota,499000000,8,108000
Hyundai Venue 1.0 T-GDi 2025,2025,Xe mới,Lắp ráp trong nước,Xăng,SUV,Hyundai,490000000,0,0
Toyota Vios 1.5E CVT 2018,2018,Xe đã dùng,Lắp ráp trong nước,Xăng,Sedan,Toyota,360000000,7,50000
Suzuki Jimny 1.5L 4x4 AT 2024,2024,Xe mới,Nhập khẩu,Xăng,SUV,Suzuki,675000000,1,0
BMW X5 xDrive40i xLine 2024,2024,Xe mới,Lắp ráp trong nước,Xăng,SUV,BMW,4330000000,1,0
Mazda 6 Premium 2.0 AT 2023,2023,Xe đã dùng,Lắp ráp trong nước,Xăng,Sedan,Mazda,729000000,2,40000
Toyota Corolla Cross 1.8G 2022,2022,Xe đã dùng,Nhập khẩu,Xăng,SUV,Toyota,668000000,3,50000
VinFast VF3 Plus 2025,2025,Xe mới,Lắp ráp trong nước,Điện,Hatchback,VinFast,286000000,0,0
Kia Sonet Premium 1.5 AT 2023,2023,Xe đã dùng,Lắp ráp trong nước,Xăng,Crossover,Kia,580000000,2,20000
BMW 5 Series 520i 2023,2023,Xe đã dùng,Lắp ráp trong nước,Xăng,Sedan,BMW,1699000000,2,16000
LandRover Range Rover HSE 3.0 2014,2014,Xe đã dùng,Nhập khẩu,Xăng,SUV,LandRover,2150000000,11,100000
Mercedes Benz GLC 250 4Matic 2018,2018,Xe đã dùng,Lắp ráp trong nước,Xăng,SUV,Mercedes,959000000,7,90000
Suzuki Swift 1.4 AT 2015,2015,Xe đã dùng,Lắp ráp trong nước,Xăng,Hatchback,Suzuki,252000000,10,10000
Kia K3 Premium 1.6 AT 2024,2024,Xe đã dùng,Lắp ráp trong nước,Xăng,Sedan,Kia,595000000,1,9000
Mercedes Benz E class E300 AMG 2021,2021,Xe đã dùng,Lắp ráp trong nước,Xăng,Sedan,Mercedes,1999000000,4,50000
Mercedes Benz S class S450 4Matic Luxury 2022,2022,Xe đã dùng,Nhập khẩu,Xăng,Sedan,Mercedes,4179000000,3,0
Lexus LX 570 2020,2020,Xe đã dùng,Nhập khẩu,Xăng,SUV,Lexus,7250000000,5,63000
Hyundai SantaFe Cao cấp 2.2L HTRAC 2021,2021,Xe đã dùng,Lắp ráp trong nước,Dầu,SUV,Hyundai,1099000000,4,42000
Toyota Vios 1.5G 2017,2017,Xe đã dùng,Lắp ráp trong nước,Xăng,Sedan,Toyota,368000000,8,77000
MG ZS Standard 1.5 AT 2WD 2021,2021,Xe đã dùng,Nhập khẩu,Xăng,Crossover,MG,399000000,4,55000
VinFast VF8 Lux 2024,2024,Xe mới,Lắp ráp trong nước,Điện,SUV,VinFast,976000000,1,0
Mercedes Benz S class S450L 2020,2020,Xe đã dùng,Lắp ráp trong nước,Xăng,Sedan,Mercedes,2380000000,5,0
Toyota Land Cruiser 3.5 V6 2025,2025,Xe mới,Nhập khẩu,Xăng,SUV,Toyota,4580000000,0,0
Mercedes Benz GLC 300 4Matic 2019,2019,Xe đã dùng,Lắp ráp trong nước,Xăng,SUV,Mercedes,1300000000,6,0
VinFast Lux A 2.0 2.0 AT 2021,2021,Xe đã dùng,Lắp ráp trong nước,Xăng,Sedan,VinFast,535000000,4,50000
Mercedes Benz GLC 200 4Matic 2022,2022,Xe đã dùng,Lắp ráp trong nước,Xăng,SUV,Mercedes,1539000000,3,33000
Kia Morning MT 2022,2022,Xe đã dùng,Lắp ráp trong nước,Xăng,Hatchback,Kia,250000000,3,32212
Toyota Corolla Cross 1.8V 2020,2020,Xe đã dùng,Nhập khẩu,Xăng,SUV,Toyota,655000000,5,60000
Ford Tourneo Trend 2.0 AT 2019,2019,Xe đã dùng,Lắp ráp trong nước,Xăng,Van/Minivan,Ford,650000000,6,67000
BMW 3 Series 330i M Sport 2021,2021,Xe đã dùng,Nhập khẩu,Xăng,Sedan,BMW,1399000000,4,42000
Volkswagen Viloran Luxury 2024,2024,Xe mới,Nhập khẩu,Xăng,Van/Minivan,Volkswagen,2188000000,1,0
Mercedes Benz E class E300 AMG 2019,2019,Xe đã dùng,Lắp ráp trong nước,Xăng,Sedan,Mercedes,1380000000,6,48000
Jaecoo J7 Flagship 1.6 AT Turbo 2025,2025,Xe mới,Nhập khẩu,Xăng,SUV,Jaecoo,729000000,0,0
Lexus GX 460 2020,2020,Xe đã dùng,Nhập khẩu,Xăng,SUV,Lexus,4390000000,5,0
Maserati GranCabrio 4.7 V8 2019,2019,Xe mới,Nhập khẩu,Xăng,Convertible/Cabriolet,Maserati,8283000000,6,0
Mercedes Benz G class G63 AMG 2021,2021,Xe đã dùng,Nhập khẩu,Xăng,SUV,Mercedes,8399000000,4,55000
Hyundai Tucson 2.0 AT Tiêu chuẩn 2021,2021,Xe đã dùng,Lắp ráp trong nước,Xăng,Crossover,Hyundai,655000000,4,40000
Ford Everest Titanium 2.0L 4x2 AT 2025,2025,Xe mới,Nhập khẩu,Dầu,SUV,Ford,1306000000,0,0
Mercedes Benz GLS 400 4Matic 2016,2016,Xe đã dùng,Nhập khẩu,Xăng,SUV,Mercedes,1399000000,9,68000
BMW X7 xDrive40i M Sport 2023,2023,Xe mới,Nhập khẩu,Xăng,SUV,BMW,5549000000,2,0
Lexus ES 250 F Sport 2022,2022,Xe đã dùng,Nhập khẩu,Xăng,Sedan,Lexus,2239000000,3,40000
Toyota Venza 2.7 2009,2009,Xe đã dùng,Nhập khẩu,Xăng,Crossover,Toyota,375000000,16,120000
Toyota Veloz Cross Top 1.5 CVT 2022,2022,Xe đã dùng,Nhập khẩu,Xăng,SUV,Toyota,560000000,3,0
Daewoo Magnus 2.5 AT 2004,2004,Xe đã dùng,Lắp ráp trong nước,Xăng,Sedan,Daewoo,58000000,21,168000
Lexus LX 570 Super Sport 2016,2016,Xe đã dùng,Nhập khẩu,Xăng,SUV,Lexus,4930000000,9,89000
Ford Ranger XLS 2.2L 4x2 AT 2017,2017,Xe đã dùng,Nhập khẩu,Dầu,Bán tải / Pickup,Ford,455000000,8,10000
Mercedes Benz C class C300 AMG 2017,2017,Xe đã dùng,Lắp ráp trong nước,Xăng,Sedan,Mercedes,685000000,8,75000
Toyota Vios 1.5E CVT 2018,2018,Xe đã dùng,Lắp ráp trong nước,Xăng,Sedan,Toyota,360000000,7,80123
Lexus RX 350 Luxury 2023,2023,Xe đã dùng,Nhập khẩu,Xăng,SUV,Lexus,4169000000,2,20000
Mitsubishi Xpander Premium 1.5 AT 2024,2024,Xe đã dùng,Nhập khẩu,Xăng,SUV,Mitsubishi,609000000,1,14000
Ford Explorer Limited 2.3L EcoBoost 2018,2018,Xe đã dùng,Nhập khẩu,Xăng,SUV,Ford,880000000,7,120000
Mercedes Benz GLK Class GLK250 4Matic 2014,2014,Xe đã dùng,Lắp ráp trong nước,Xăng,SUV,Mercedes,565000000,11,96000
Hyundai Elantra 1.6 AT Tiêu chuẩn 2024,2024,Xe đã dùng,Lắp ráp trong nước,Xăng,Sedan,Hyundai,515000000,1,0
Peugeot 408 Allure 1.6 AT 2025,2025,Xe mới,Lắp ráp trong nước,Xăng,Crossover,Peugeot,997000000,0,0
Ford Ranger XLS 2.2L 4x2 AT 2016,2016,Xe đã dùng,Nhập khẩu,Dầu,Bán tải / Pickup,Ford,425000000,9,90000
Kia Seltos Premium 1.4 AT 2023,2023,Xe đã dùng,Lắp ráp trong nước,Xăng,Crossover,Kia,665000000,2,30000
Toyota Corolla Cross 1.8HV 2022,2022,Xe đã dùng,Nhập khẩu,Hybrid,SUV,Toyota,735000000,3,0
Audi A8 L V8 4.0L TFSI 2014,2014,Xe đã dùng,Nhập khẩu,Xăng,Sedan,Audi,1290000000,11,50000
Kia Carnival Signature 2.2D 2022,2022,Xe đã dùng,Lắp ráp trong nước,Dầu,Van/Minivan,Kia,1279000000,3,29000
Wuling Bingo 333 2025,2025,Xe mới,Lắp ráp trong nước,Điện,Hatchback,Wuling,399000000,0,0
Toyota Vios G 1.5 CVT 2025,2025,Xe mới,Lắp ráp trong nước,Xăng,Sedan,Toyota,495000000,0,0
Mitsubishi Outlander 2.0 CVT 2024,2024,Xe đã dùng,Lắp ráp trong nước,Xăng,SUV,Mitsubishi,779000000,1,8000
VinFast Lux SA 2.0 Plus 2.0 AT 2021,2021,Xe đã dùng,Lắp ráp trong nước,Xăng,SUV,VinFast,620000000,4,70484
Audi Q5 2.0 AT 2016,2016,Xe đã dùng,Nhập khẩu,Xăng,SUV,Audi,760000000,9,60000
Mazda CX5 2.0 AT 2019,2019,Xe đã dùng,Lắp ráp trong nước,Xăng,SUV,Mazda,620000000,6,100600
Mazda 3 1.5L Luxury 2023,2023,Xe đã dùng,Lắp ráp trong nước,Xăng,Sedan,Mazda,585000000,2,6600
Hyundai Tucson 1.6 AT Turbo 2018,2018,Xe đã dùng,Lắp ráp trong nước,Xăng,Crossover,Hyundai,625000000,7,65000
Ford Everest Titanium 2.0L 4x2 AT 2025,2025,Xe mới,Nhập khẩu,Dầu,SUV,Ford,1206000000,0,0
Subaru Forester 2.0i-L EyeSight 2024,2024,Xe mới,Nhập khẩu,Xăng,SUV,Subaru,899000000,1,0
Audi A6 45 TFSI 2020,2020,Xe đã dùng,Nhập khẩu,Xăng,Sedan,Audi,1520000000,5,80000
Mazda CX5 2.5 AT 2WD 2018,2018,Xe đã dùng,Lắp ráp trong nước,Xăng,SUV,Mazda,595000000,7,79000
Mercedes Benz S class S400L 2015,2015,Xe đã dùng,Lắp ráp trong nước,Xăng,Sedan,Mercedes,1150000000,10,10000
Mitsubishi Xpander Cross 1.5 AT 2023,2023,Xe đã dùng,Nhập khẩu,Xăng,SUV,Mitsubishi,610000000,2,28000
Bentley Flying Spur W12 2014,2014,Xe đã dùng,Nhập khẩu,Xăng,Sedan,Bentley,4400000000,11,17000
Hyundai SantaFe 2.4L HTRAC 2019,2019,Xe đã dùng,Lắp ráp trong nước,Xăng,SUV,Hyundai,717000000,6,122000
Isuzu MU-X B7 Plus 1.9 4X2 AT 2023,2023,Xe mới,Nhập khẩu,Dầu,SUV,Isuzu,910000000,2,0
Mercedes Benz GLC 250 4Matic 2017,2017,Xe đã dùng,Lắp ráp trong nước,Xăng,SUV,Mercedes,899000000,8,57000
Hyundai SantaFe Cao cấp 2.2L HTRAC 2022,2022,Xe đã dùng,Lắp ráp trong nước,Dầu,SUV,Hyundai,1135000000,3,50000
Mitsubishi Triton 4x2 MT 2019,2019,Xe đã dùng,Nhập khẩu,Dầu,Bán tải / Pickup,Mitsubishi,369000000,6,0
Chevrolet Colorado LT 2.5L 4x2 AT 2018,2018,Xe đã dùng,Nhập khẩu,Dầu,Bán tải / Pickup,Chevrolet,415000000,7,65000
Hyundai Avante 1.6 AT 2011,2011,Xe đã dùng,Lắp ráp trong nước,Xăng,Sedan,Hyundai,225000000,14,110000
Toyota Camry 2.0Q 2023,2023,Xe đã dùng,Nhập khẩu,Xăng,Sedan,Toyota,1090000000,2,32000
Mitsubishi Xpander Premium 1.5 AT 2025,2025,Xe mới,Nhập khẩu,Xăng,SUV,Mitsubishi,580000000,0,0
Toyota Raize G 1.0 CVT 2023,2023,Xe đã dùng,Nhập khẩu,Xăng,SUV,Toyota,490000000,2,17000
Toyota Yaris 1.3G 2016,2016,Xe đã dùng,Nhập khẩu,Xăng,Hatchback,Toyota,420000000,9,78000
VinFast Limo Green AT 2025,2025,Xe mới,Lắp ráp trong nước,Điện,SUV,VinFast,749000000,0,0
Mercedes Benz GLC 200 2022,2022,Xe đã dùng,Lắp ráp trong nước,Xăng,SUV,Mercedes,1389000000,3,28000
Honda Jazz RS 2018,2018,Xe đã dùng,Nhập khẩu,Xăng,Hatchback,Honda,368000000,7,56000
Honda City L 1.5 AT 2025,2025,Xe mới,Lắp ráp trong nước,Xăng,Sedan,Honda,494000000,0,0
Ford Territory Titanium 1.5 AT 2025,2025,Xe mới,Lắp ráp trong nước,Xăng,SUV,Ford,745000000,0,0
Hyundai Stargazer Cao cấp 1.5 AT 2022,2022,Xe đã dùng,Nhập khẩu,Xăng,Van/Minivan,Hyundai,475000000,3,28000
Mazda CX5 2.0 Luxury 2019,2019,Xe đã dùng,Lắp ráp trong nước,Xăng,SUV,Mazda,630000000,6,70000
Hyundai SantaFe Premium 2.2L HTRAC 2020,2020,Xe đã dùng,Lắp ráp trong nước,Dầu,SUV,Hyundai,880000000,5,76000
Toyota Vios E CVT 2025,2025,Xe mới,Lắp ráp trong nước,Xăng,Sedan,Toyota,448000000,0,0
Audi Q5 2.0 AT 2015,2015,Xe đã dùng,Nhập khẩu,Xăng,SUV,Audi,720000000,10,78000
VinFast VF6 Plus 2025,2025,Xe mới,Lắp ráp trong nước,Điện,SUV,VinFast,749000000,0,0
Mercedes Benz G class G63 AMG 2020,2020,Xe đã dùng,Nhập khẩu,Xăng,SUV,Mercedes,8300000000,5,70000
Toyota Corolla Cross 1.8V 2021,2021,Xe đã dùng,Nhập khẩu,Xăng,SUV,Toyota,715000000,4,59000
Honda CRV G 2022,2022,Xe đã dùng,Lắp ráp trong nước,Xăng,SUV,Honda,845000000,3,31000
Nissan Sunny XL 2013,2013,Xe đã dùng,Lắp ráp trong nước,Xăng,Sedan,Nissan,135000000,12,0
BMW X7 xDrive40i M Sport 2023,2023,Xe mới,Nhập khẩu,Xăng,SUV,BMW,4745000000,2,0
Hyundai SantaFe Cao cấp 2.2L HTRAC 2023,2023,Xe đã dùng,Lắp ráp trong nước,Dầu,SUV,Hyundai,1220000000,2,47000
Toyota Yaris 1.5G 2019,2019,Xe đã dùng,Nhập khẩu,Xăng,Hatchback,Toyota,445000000,6,60000
Honda Civic 2.0 AT 2007,2007,Xe đã dùng,Lắp ráp trong nước,Xăng,Sedan,Honda,200000000,18,180000
Toyota Innova G 2.0 AT 2022,2022,Xe đã dùng,Lắp ráp trong nước,Xăng,Crossover,Toyota,722000000,3,0
Porsche Cayenne GTS Coupe 2022,2022,Xe đã dùng,Nhập khẩu,Xăng,SUV,Porsche,7200000000,3,6000
Peugeot 3008 1.6 AT 2019,2019,Xe đã dùng,Lắp ráp trong nước,Xăng,Crossover,Peugeot,609000000,6,84000
Hyundai SantaFe Cao cấp 2.5L HTRAC 2022,2022,Xe đã dùng,Lắp ráp trong nước,Xăng,SUV,Hyundai,1045000000,3,60000
VinFast VF e34 AT 2022,2022,Xe đã dùng,Lắp ráp trong nước,Điện,Crossover,VinFast,460000000,3,64000
Toyota Prado TXL 2.7L 2013,2013,Xe đã dùng,Nhập khẩu,Xăng,SUV,Toyota,880000000,12,150000
Nissan Navara Pro-4X 2.3 AT 4WD 2022,2022,Xe đã dùng,Nhập khẩu,Dầu,Bán tải / Pickup,Nissan,765000000,3,37000
Kia Rondo GAT Deluxe 2020,2020,Xe đã dùng,Lắp ráp trong nước,Xăng,SUV,Kia,450000000,5,58000
Toyota Veloz Cross 1.5 CVT 2025,2025,Xe mới,Lắp ráp trong nước,Xăng,SUV,Toyota,560000000,0,0
Mitsubishi Xpander Premium 1.5 AT 2022,2022,Xe đã dùng,Nhập khẩu,Xăng,SUV,Mitsubishi,535000000,3,50000
Kia K5 GT-Line 2.5 AT 2022,2022,Xe đã dùng,Lắp ráp trong nước,Xăng,Sedan,Kia,760000000,3,10000
Toyota Prado TXL 2.7L 2017,2017,Xe đã dùng,Nhập khẩu,Xăng,SUV,Toyota,1250000000,8,86000
Ford Ranger Raptor 2.0L 4x4 AT 2020,2020,Xe đã dùng,Nhập khẩu,Dầu,Bán tải / Pickup,Ford,850000000,5,100000
Toyota Prado VX 2.7L 2019,2019,Xe đã dùng,Nhập khẩu,Xăng,SUV,Toyota,1890000000,6,110000
Toyota Prado LC250 2.4L 2025,2025,Xe mới,Nhập khẩu,Xăng,SUV,Toyota,3500000000,0,0
Kia Carens 1.5D Signature 2022,2022,Xe đã dùng,Lắp ráp trong nước,Dầu,SUV,Kia,630000000,3,51246
Kia Morning Si AT 2017,2017,Xe đã dùng,Lắp ráp trong nước,Xăng,Hatchback,Kia,265000000,8,57000
Mitsubishi Xpander 1.5 MT 2019,2019,Xe đã dùng,Nhập khẩu,Xăng,SUV,Mitsubishi,375000000,6,93000
Hyundai Tucson 1.6 AT Turbo HTRAC Đặc biệt 2023,2023,Xe đã dùng,Lắp ráp trong nước,Xăng,Crossover,Hyundai,879000000,2,32000
Hyundai Elantra 2.0 AT 2020,2020,Xe đã dùng,Lắp ráp trong nước,Xăng,Sedan,Hyundai,475000000,5,60000
Honda CRV L 2018,2018,Xe đã dùng,Nhập khẩu,Xăng,SUV,Honda,695000000,7,100000
Ford Ranger XLS 2.2L 4x2 AT 2021,2021,Xe đã dùng,Nhập khẩu,Dầu,Bán tải / Pickup,Ford,569000000,4,56000
Mitsubishi Xpander Premium 1.5 AT 2024,2024,Xe đã dùng,Nhập khẩu,Xăng,SUV,Mitsubishi,600000000,1,30000
Ford Everest Titanium 2.2L 4x2 AT 2017,2017,Xe đã dùng,Nhập khẩu,Dầu,SUV,Ford,725000000,8,110000
Mercedes Benz C class C180 2020,2020,Xe đã dùng,Lắp ráp trong nước,Xăng,Sedan,Mercedes,866000000,5,50000
Jaguar XE 25T Prestige 2015,2015,Xe đã dùng,Nhập khẩu,Xăng,Sedan,Jaguar,650000000,10,59000
Mercedes Benz C class C200 Avantgarde Plus 2022,2022,Xe đã dùng,Lắp ráp trong nước,Xăng,Sedan,Mercedes,1395000000,3,10000
Mercedes Benz GLS 350d 4Matic 2016,2016,Xe đã dùng,Nhập khẩu,Dầu,SUV,Mercedes,1679000000,9,100000
Kia Sorento GATH 2017,2017,Xe đã dùng,Lắp ráp trong nước,Xăng,SUV,Kia,495000000,8,70000
BMW 2 Series 218i Gran Tourer 2016,2016,Xe đã dùng,Nhập khẩu,Xăng,Crossover,BMW,499000000,9,0
Kia Morning Si AT 2016,2016,Xe đã dùng,Lắp ráp trong nước,Xăng,Hatchback,Kia,258000000,9,86000
Mercedes Benz S class S450L Luxury 2020,2020,Xe đã dùng,Lắp ráp trong nước,Xăng,Sedan,Mercedes,2750000000,5,0
Mercedes Benz S class S450 4Matic 2022,2022,Xe đã dùng,Nhập khẩu,Xăng,Sedan,Mercedes,3698000000,3,35000
Kia Sorento GAT 2017,2017,Xe đã dùng,Lắp ráp trong nước,Xăng,SUV,Kia,460000000,8,90000
VinFast VF7 Plus 2025,2025,Xe mới,Lắp ráp trong nước,Điện,SUV,VinFast,893000000,0,0
Mercedes Benz GLS 450 4Matic 2021,2021,Xe đã dùng,Nhập khẩu,Xăng,SUV,Mercedes,4099000000,4,29000
VinFast Fadil 1.4 AT 2019,2019,Xe đã dùng,Lắp ráp trong nước,Xăng,Hatchback,VinFast,275000000,6,54000
Subaru Forester 2.0i-S EyeSight 2024,2024,Xe mới,Nhập khẩu,Xăng,SUV,Subaru,969000000,1,0
Audi Q7 45 TFSI Quattro S Line 2024,2024,Xe mới,Nhập khẩu,Xăng,SUV,Audi,3850000000,1,0
Mercedes Benz E class E200 2019,2019,Xe đã dùng,Lắp ráp trong nước,Xăng,Sedan,Mercedes,1068000000,6,70000
Mercedes Benz E class E250 2013,2013,Xe đã dùng,Lắp ráp trong nước,Xăng,Sedan,Mercedes,475000000,12,110000
Toyota Camry GLi 2.2 2001,2001,Xe đã dùng,Nhập khẩu,Xăng,Sedan,Toyota,110000000,24,185000
Kia Morning Van 1.0 AT 2014,2014,Xe đã dùng,Nhập khẩu,Xăng,Van/Minivan,Kia,162000000,11,96000
Mitsubishi Pajero Sport D 4x2 AT 2011,2011,Xe đã dùng,Lắp ráp trong nước,Dầu,SUV,Mitsubishi,335000000,14,120000
Lexus LX 600 Urban 2023,2023,Xe đã dùng,Nhập khẩu,Xăng,SUV,Lexus,8550000000,2,20000
Ford Ranger XLS 2.0L 4x4 AT 2025,2025,Xe mới,Lắp ráp trong nước,Dầu,Bán tải / Pickup,Ford,669000000,0,0
Lexus ES 250 2022,2022,Xe đã dùng,Nhập khẩu,Xăng,Sedan,Lexus,2199000000,3,32000
Toyota Yaris Cross HEV 1.5 CVT 2025,2025,Xe mới,Nhập khẩu,Hybrid,SUV,Toyota,720000000,0,0
Audi Q8 55 TFSI S-Line Quattro 2025,2025,Xe mới,Nhập khẩu,Xăng,SUV,Audi,4240000000,0,0
Kia Carnival Signature 2.2D 2023,2023,Xe đã dùng,Lắp ráp trong nước,Dầu,Van/Minivan,Kia,1279000000,2,65000
Kia Sorento DATH 2017,2017,Xe đã dùng,Lắp ráp trong nước,Dầu,SUV,Kia,606000000,8,90000
Mazda 3 1.5 AT 2017,2017,Xe đã dùng,Lắp ráp trong nước,Xăng,Sedan,Mazda,383000000,8,93000
Mercedes Benz C class C200 Exclusive 2020,2020,Xe đã dùng,Lắp ráp trong nước,Xăng,Sedan,Mercedes,1050000000,5,28000
Mitsubishi Triton Athlete 4WD AT 2025,2025,Xe mới,Nhập khẩu,Dầu,Bán tải / Pickup,Mitsubishi,866000000,0,0
Hyundai SantaFe 2.4L 2012,2012,Xe đã dùng,Nhập khẩu,Xăng,SUV,Hyundai,455000000,13,81000
Mercedes Benz GLE Class GLE 400 4Matic Coupe 2016,2016,Xe đã dùng,Nhập khẩu,Xăng,Coupe,Mercedes,1200000000,9,87800
Mercedes Benz C class C250 2013,2013,Xe đã dùng,Lắp ráp trong nước,Xăng,Sedan,Mercedes,285000000,12,90000
Mercedes Benz GLB 35 4Matic 2021,2021,Xe đã dùng,Nhập khẩu,Xăng,SUV,Mercedes,1550000000,4,0
Lexus ES 250 2021,2021,Xe đã dùng,Nhập khẩu,Xăng,Sedan,Lexus,2080000000,4,0
Toyota Yaris 1.5E 2016,2016,Xe đã dùng,Nhập khẩu,Xăng,Hatchback,Toyota,389000000,9,50000
Ford Explorer Limited 2.3L EcoBoost 2019,2019,Xe đã dùng,Nhập khẩu,Xăng,SUV,Ford,1060000000,6,90000
Mazda CX 30 Luxury 2.0 AT 2022,2022,Xe đã dùng,Nhập khẩu,Xăng,Crossover,Mazda,620000000,3,50000
Mercedes Benz E class E200 2019,2019,Xe đã dùng,Lắp ráp trong nước,Xăng,Sedan,Mercedes,1090000000,6,58000
Honda City 1.5TOP 2020,2020,Xe đã dùng,Lắp ráp trong nước,Xăng,Sedan,Honda,399000000,5,60000
Hyundai Accent 1.4 AT Đặc Biệt 2024,2024,Xe đã dùng,Lắp ráp trong nước,Xăng,Sedan,Hyundai,495000000,1,21000
Hyundai SantaFe Tiêu chuẩn 2.5L 2021,2021,Xe đã dùng,Lắp ráp trong nước,Xăng,SUV,Hyundai,799000000,4,70000
Lexus RX 200t 2016,2016,Xe đã dùng,Nhập khẩu,Xăng,SUV,Lexus,1730000000,9,10
Honda CRV L 2018,2018,Xe đã dùng,Nhập khẩu,Xăng,SUV,Honda,710000000,7,0
Porsche Macan 2.0 2021,2021,Xe đã dùng,Nhập khẩu,Xăng,SUV,Porsche,3199000000,4,22000
Toyota Land Cruiser 3.5 V6 2025,2025,Xe mới,Nhập khẩu,Xăng,SUV,Toyota,4580000000,0,0
Hyundai Accent 1.4 AT Đặc Biệt 2022,2022,Xe đã dùng,Lắp ráp trong nước,Xăng,Sedan,Hyundai,445000000,3,58000
Toyota Fortuner 2.7V 4x2 AT 2018,2018,Xe đã dùng,Nhập khẩu,Xăng,SUV,Toyota,678000000,7,80000
Ford Ranger Wildtrak 2.0L 4x4 AT 2025,2025,Xe mới,Lắp ráp trong nước,Dầu,Bán tải / Pickup,Ford,839000000,0,0
VinFast Lux A 2.0 Premium 2.0 AT 2020,2020,Xe đã dùng,Lắp ráp trong nước,Xăng,Sedan,VinFast,600000000,5,60000
Hyundai i10 Grand 1.0 AT 2014,2014,Xe đã dùng,Nhập khẩu,Xăng,Hatchback,Hyundai,228000000,11,0
Mercedes Benz C class C200 Avantgarde Plus 2022,2022,Xe đã dùng,Lắp ráp trong nước,Xăng,Sedan,Mercedes,1425000000,3,10000
Isuzu MU-X 2.5 4X2 MT 2017,2017,Xe đã dùng,Nhập khẩu,Dầu,SUV,Isuzu,480000000,8,10000
Toyota Corolla Cross 1.8V 2023,2023,Xe đã dùng,Nhập khẩu,Xăng,SUV,Toyota,770000000,2,8860
Toyota Camry 2.5Q 2021,2021,Xe đã dùng,Nhập khẩu,Xăng,Sedan,Toyota,950000000,4,33000
Kia Sportage Signature 1.6T AWD 2024,2024,Xe đã dùng,Lắp ráp trong nước,Xăng,Crossover,Kia,969000000,1,6000
Toyota Raize G 1.0 CVT 2024,2024,Xe đã dùng,Nhập khẩu,Xăng,SUV,Toyota,510000000,1,12000
Hyundai Equus VS 460 2010,2010,Xe đã dùng,Nhập khẩu,Xăng,Sedan,Hyundai,480000000,15,85000
Bentley Flying Spur V8 S 2016,2016,Xe đã dùng,Nhập khẩu,Xăng,Sedan,Bentley,6800000000,9,0
Toyota Vios G 1.5 CVT 2021,2021,Xe đã dùng,Lắp ráp trong nước,Xăng,Sedan,Toyota,420000000,4,39000
Mercedes Benz GLC 200 2022,2022,Xe đã dùng,Lắp ráp trong nước,Xăng,SUV,Mercedes,1388000000,3,28000
Hyundai SantaFe SLX 2010,2010,Xe đã dùng,Nhập khẩu,Dầu,SUV,Hyundai,410000000,15,120000
Hyundai SantaFe Cao cấp 2.5L HTRAC 2022,2022,Xe đã dùng,Lắp ráp trong nước,Xăng,SUV,Hyundai,1045000000,3,53000
Chevrolet Spark LT 0.8 MT 2010,2010,Xe đã dùng,Lắp ráp trong nước,Xăng,Hatchback,Chevrolet,85000000,15,0
Mazda CX5 Luxury 2.0 AT 2025,2025,Xe mới,Lắp ráp trong nước,Xăng,SUV,Mazda,754000000,0,0
Toyota Yaris 1.5G 2018,2018,Xe đã dùng,Nhập khẩu,Xăng,Hatchback,Toyota,480000000,7,49000
Mercedes Benz S class S450 4Matic 2022,2022,Xe đã dùng,Nhập khẩu,Xăng,Sedan,Mercedes,3799000000,3,32000
Toyota Land Cruiser 3.5 V6 2025,2025,Xe mới,Nhập khẩu,Xăng,SUV,Toyota,4580000000,0,0
BMW X6 xDrive40i M Sport 2021,2021,Xe đã dùng,Nhập khẩu,Xăng,SUV,BMW,3139000000,4,15000
Suzuki Vitara 1.6 AT 2015,2015,Xe đã dùng,Nhập khẩu,Xăng,SUV,Suzuki,379000000,10,150000
Honda City 1.5 AT 2014,2014,Xe đã dùng,Lắp ráp trong nước,Xăng,Sedan,Honda,308000000,11,88000
Audi Q5 2.0 AT 2018,2018,Xe đã dùng,Nhập khẩu,Xăng,SUV,Audi,1296000000,7,65000
Jeep Wrangler Rubicon 2.0 4x4 AT 2023,2023,Xe mới,Nhập khẩu,Xăng,SUV,Jeep,3388000000,2,0
Mercedes Benz GLS 450 4Matic 2022,2022,Xe đã dùng,Nhập khẩu,Xăng,SUV,Mercedes,4700000000,3,5000
VinFast Lux A 2.0 Tiêu chuẩn 2022,2022,Xe đã dùng,Lắp ráp trong nước,Xăng,Sedan,VinFast,562000000,3,54000
Kia Cerato 1.6 AT 2018,2018,Xe đã dùng,Lắp ráp trong nước,Xăng,Sedan,Kia,405000000,7,62000
VinFast VF3 Plus 2025,2025,Xe mới,Lắp ráp trong nước,Điện,Hatchback,VinFast,299000000,0,0
Lexus RX 300 2021,2021,Xe đã dùng,Nhập khẩu,Xăng,SUV,Lexus,2989000000,4,50000
Nissan Navara VL 2.3 AT 4WD 2023,2023,Xe đã dùng,Nhập khẩu,Dầu,Bán tải / Pickup,Nissan,775000000,2,13000
Lexus RX 350 AWD 2014,2014,Xe đã dùng,Nhập khẩu,Xăng,SUV,Lexus,1250000000,11,80000
Mercedes Benz S class S450L 2020,2020,Xe đã dùng,Lắp ráp trong nước,Xăng,Sedan,Mercedes,2689000000,5,29000
Hyundai Tucson 1.6 AT Turbo 2019,2019,Xe đã dùng,Lắp ráp trong nước,Xăng,Crossover,Hyundai,655000000,6,55000
Ford Ranger Raptor 2.0L 4x4 AT 2025,2025,Xe mới,Nhập khẩu,Dầu,Bán tải / Pickup,Ford,1169000000,0,0
BMW X7 xDrive40i M Sport 2022,2022,Xe đã dùng,Nhập khẩu,Xăng,SUV,BMW,4390000000,3,29000
Kia Morning X-Line 2025,2025,Xe đã dùng,Lắp ráp trong nước,Xăng,Hatchback,Kia,420000000,0,3000
Hyundai Grand Starex Van 2.5 AT 2009,2009,Xe đã dùng,Nhập khẩu,Dầu,Van/Minivan,Hyundai,345000000,16,240000
Mercedes Benz G class G580 EQ 2025,2025,Xe mới,Nhập khẩu,Điện,SUV,Mercedes,7750000000,0,0
Hyundai i30 1.6 AT 2013,2013,Xe đã dùng,Nhập khẩu,Xăng,Hatchback,Hyundai,305000000,12,120000
Lexus RX 350 2016,2016,Xe đã dùng,Nhập khẩu,Xăng,SUV,Lexus,2220000000,9,81000
Lexus LS 500 2023,2023,Xe đã dùng,Nhập khẩu,Xăng,Sedan,Lexus,5999000000,2,17000
Mercedes Benz E class E200 Exclusive 2021,2021,Xe đã dùng,Lắp ráp trong nước,Xăng,Sedan,Mercedes,1499000000,4,51000
Toyota Wigo G 1.2 AT 2024,2024,Xe đã dùng,Nhập khẩu,Xăng,Hatchback,Toyota,425000000,1,16000
Mercedes Benz GLC 300 4Matic 2018,2018,Xe đã dùng,Lắp ráp trong nước,Xăng,SUV,Mercedes,979000000,7,40000
Hyundai Elantra 2.0 AT 2021,2021,Xe đã dùng,Lắp ráp trong nước,Xăng,Sedan,Hyundai,520000000,4,20000
Ford Ranger XLS 2.0L 4x2 AT 2024,2024,Xe đã dùng,Lắp ráp trong nước,Dầu,Bán tải / Pickup,Ford,699000000,1,20000
Toyota Vios G 1.5 CVT 2022,2022,Xe đã dùng,Lắp ráp trong nước,Xăng,Sedan,Toyota,459000000,3,40000
MG 5 Luxury 1.5 AT 2023,2023,Xe đã dùng,Nhập khẩu,Xăng,Sedan,MG,465000000,2,10000
Hyundai SantaFe MLX 2.2L 2007,2007,Xe đã dùng,Nhập khẩu,Dầu,SUV,Hyundai,285000000,18,160880
Audi Q2 1.4 TFSI 2017,2017,Xe đã dùng,Nhập khẩu,Xăng,Crossover,Audi,788000000,8,72000
Mercedes Benz GLC 250 4Matic 2017,2017,Xe đã dùng,Lắp ráp trong nước,Xăng,SUV,Mercedes,870000000,8,81000
Volvo XC90 Ultimate B6 AWD 2022,2022,Xe đã dùng,Nhập khẩu,Xăng,SUV,Volvo,3190000000,3,70000
Mercedes Benz S class S400L 2016,2016,Xe đã dùng,Lắp ráp trong nước,Xăng,Sedan,Mercedes,1295000000,9,70000
GAC M6 Pro GL 1.5T 2024,2024,Xe mới,Nhập khẩu,Xăng,Van/Minivan,GAC,799000000,1,0
LandRover Range Rover Sport HSE 2015,2015,Xe đã dùng,Nhập khẩu,Xăng,SUV,LandRover,1589000000,10,88000
VinFast Lux SA 2.0 Premium 2.0 AT 2021,2021,Xe đã dùng,Lắp ráp trong nước,Xăng,SUV,VinFast,725000000,4,0
Kia Cerato 1.6 AT Luxury 2021,2021,Xe đã dùng,Lắp ráp trong nước,Xăng,Sedan,Kia,510000000,4,28000
LandRover Range Rover Vogue 3.0 2015,2015,Xe đã dùng,Nhập khẩu,Xăng,SUV,LandRover,2380000000,10,145000
Chevrolet Camaro RS 3.6 V6 2011,2011,Xe đã dùng,Nhập khẩu,Xăng,Coupe,Chevrolet,1250000000,14,50000
Ford Territory Titanium 1.5 AT 2025,2025,Xe mới,Lắp ráp trong nước,Xăng,SUV,Ford,775000000,0,0
Mercedes Benz GLC 300 4Matic 2018,2018,Xe đã dùng,Lắp ráp trong nước,Xăng,SUV,Mercedes,1060000000,7,65000
Toyota Vios E 1.5 MT 2022,2022,Xe đã dùng,Lắp ráp trong nước,Xăng,Sedan,Toyota,355000000,3,80000
BMW 5 Series 530i M Sport 2022,2022,Xe đã dùng,Nhập khẩu,Xăng,Sedan,BMW,1950000000,3,28000
Porsche Panamera 3.6 V6 2013,2013,Xe đã dùng,Nhập khẩu,Xăng,Sedan,Porsche,1550000000,12,78346
Toyota Corolla altis 1.8G AT 2018,2018,Xe đã dùng,Lắp ráp trong nước,Xăng,Sedan,Toyota,510000000,7,83000
Mercedes Benz S class S450L Luxury 2019,2019,Xe đã dùng,Lắp ráp trong nước,Xăng,Sedan,Mercedes,2389000000,6,52000
Audi A7 3.0 TFSI 2011,2011,Xe đã dùng,Nhập khẩu,Xăng,Sedan,Audi,610000000,14,0
Mercedes Benz E class E300 AMG 2025,2025,Xe mới,Lắp ráp trong nước,Xăng,Sedan,Mercedes,2260000000,0,0
Mercedes Benz EQB 250 2023,2023,Xe đã dùng,Nhập khẩu,Điện,SUV,Mercedes,1899000000,2,79
Toyota Veloz Cross 1.5 CVT 2023,2023,Xe đã dùng,Lắp ráp trong nước,Xăng,SUV,Toyota,545000000,2,0
Kia Carnival Signature 2.2D 2023,2023,Xe đã dùng,Lắp ráp trong nước,Dầu,Van/Minivan,Kia,1300000000,2,40000
Toyota Prado TXL 2.7L 2010,2010,Xe đã dùng,Nhập khẩu,Xăng,SUV,Toyota,695000000,15,200000
Lexus NX 300 2018,2018,Xe đã dùng,Nhập khẩu,Xăng,SUV,Lexus,1699000000,7,0
MG ZS Luxury 1.5 AT 2WD 2025,2025,Xe mới,Nhập khẩu,Xăng,Crossover,MG,480000000,0,0
Mercedes Benz C class C200 Exclusive 2020,2020,Xe đã dùng,Lắp ráp trong nước,Xăng,Sedan,Mercedes,1039000000,5,13000
Mazda 3 1.5L Luxury 2019,2019,Xe đã dùng,Lắp ráp trong nước,Xăng,Sedan,Mazda,465000000,6,67899
Toyota Fortuner 2.5G 2011,2011,Xe đã dùng,Lắp ráp trong nước,Dầu,SUV,Toyota,395000000,14,0
Ford Everest Titanium 2.0L 4x2 AT 2024,2024,Xe đã dùng,Nhập khẩu,Dầu,SUV,Ford,1289000000,1,20000
VinFast Lux SA 2.0 2.0 AT 2021,2021,Xe đã dùng,Lắp ráp trong nước,Xăng,SUV,VinFast,699000000,4,40000
Ford Ranger XLS 2.0L 4x2 AT 2025,2025,Xe mới,Lắp ráp trong nước,Dầu,Bán tải / Pickup,Ford,657000000,0,0
Mercedes Benz GLC 300 4Matic 2023,2023,Xe đã dùng,Lắp ráp trong nước,Xăng,SUV,Mercedes,2399000000,2,12751
Toyota Fortuner Legender 2.7L 4x2 AT 2025,2025,Xe mới,Nhập khẩu,Xăng,SUV,Toyota,1260000000,0,0
VinFast VF8 Eco 2025,2025,Xe mới,Lắp ráp trong nước,Điện,SUV,VinFast,890000000,0,0
VinFast Limo Green AT 2025,2025,Xe mới,Lắp ráp trong nước,Điện,SUV,VinFast,749000000,0,0
Nissan X trail V Series 2.5 SV Luxury 4WD 2019,2019,Xe đã dùng,Lắp ráp trong nước,Xăng,SUV,Nissan,635000000,6,50000
Toyota Previa 2.4 AT 1992,1992,Xe đã dùng,Nhập khẩu,Xăng,Van/Minivan,Toyota,72000000,33,189500
Ford Everest Titanium 2.0L 4x2 AT 2022,2022,Xe đã dùng,Nhập khẩu,Dầu,SUV,Ford,1195000000,3,39000
Ford Ranger Raptor 2.0L 4x4 AT 2022,2022,Xe đã dùng,Nhập khẩu,Dầu,Bán tải / Pickup,Ford,960000000,3,61500
Mazda 3 1.5 AT 2017,2017,Xe đã dùng,Lắp ráp trong nước,Xăng,Sedan,Mazda,379000000,8,90000
Porsche Cayenne GTS 2008,2008,Xe đã dùng,Nhập khẩu,Xăng,SUV,Porsche,399000000,17,120000
Toyota Veloz Cross Top 1.5 CVT 2023,2023,Xe đã dùng,Lắp ráp trong nước,Xăng,SUV,Toyota,589000000,2,92844
VinFast VF8 Eco 2023,2023,Xe đã dùng,Lắp ráp trong nước,Điện,SUV,VinFast,749000000,2,34000
Lexus RX 300 2021,2021,Xe đã dùng,Nhập khẩu,Xăng,SUV,Lexus,2890000000,4,47000
Lexus RX 350 AWD 2010,2010,Xe đã dùng,Nhập khẩu,Xăng,SUV,Lexus,830000000,15,110000
Hyundai Creta Cao cấp 1.5 AT 2022,2022,Xe đã dùng,Nhập khẩu,Xăng,Crossover,Hyundai,625000000,3,28000
Mazda CX5 2.5 AT 2WD 2019,2019,Xe đã dùng,Lắp ráp trong nước,Xăng,SUV,Mazda,630000000,6,46000
Jaguar F-Pace Prestige 2016,2016,Xe đã dùng,Nhập khẩu,Xăng,SUV,Jaguar,1150000000,9,65000
Honda CRV L 2019,2019,Xe đã dùng,Nhập khẩu,Xăng,SUV,Honda,760000000,6,90000
Toyota Corolla altis 2.0V AT 2017,2017,Xe đã dùng,Lắp ráp trong nước,Xăng,Sedan,Toyota,520000000,8,86000
Mazda CX5 Deluxe 2.0 AT 2025,2025,Xe mới,Lắp ráp trong nước,Xăng,SUV,Mazda,714000000,0,0
Ford Territory Titanium 1.5 AT 2022,2022,Xe đã dùng,Lắp ráp trong nước,Xăng,SUV,Ford,750000000,3,50000
Mazda 3 2.0L Signature Premium 2019,2019,Xe đã dùng,Lắp ráp trong nước,Xăng,Sedan,Mazda,560000000,6,48000
Toyota Vios E CVT 2022,2022,Xe đã dùng,Lắp ráp trong nước,Xăng,Sedan,Toyota,436000000,3,20000
VinFast Fadil 1.4 AT 2021,2021,Xe đã dùng,Lắp ráp trong nước,Xăng,Hatchback,VinFast,289000000,4,700000
Mercedes Benz GLC 300 4Matic 2019,2019,Xe đã dùng,Lắp ráp trong nước,Xăng,SUV,Mercedes,1190000000,6,0
Porsche Macan 2.0 2023,2023,Xe đã dùng,Nhập khẩu,Xăng,SUV,Porsche,3799000000,2,8500
Mercedes Benz Maybach S450 4Matic 2023,2023,Xe đã dùng,Nhập khẩu,Xăng,Sedan,Mercedes,7200000000,2,3900
Mercedes Benz E class E300 AMG 2020,2020,Xe đã dùng,Lắp ráp trong nước,Xăng,Sedan,Mercedes,1499000000,5,60000
Mercedes Benz GLC 200 4Matic 2020,2020,Xe đã dùng,Lắp ráp trong nước,Xăng,SUV,Mercedes,1390000000,5,63666
Hyundai SantaFe Premium 2.2L HTRAC 2019,2019,Xe đã dùng,Lắp ráp trong nước,Dầu,SUV,Hyundai,835000000,6,96000
Toyota Yaris 1.5G 2017,2017,Xe đã dùng,Nhập khẩu,Xăng,Hatchback,Toyota,425000000,8,24000
Kia Seltos Luxury 1.6 AT 2024,2024,Xe đã dùng,Lắp ráp trong nước,Xăng,Crossover,Kia,649000000,1,22000
Lexus LX 570 2016,2016,Xe đã dùng,Nhập khẩu,Xăng,SUV,Lexus,4560000000,9,0
Peugeot 3008 Allure 1.6 AT 2020,2020,Xe đã dùng,Lắp ráp trong nước,Xăng,Crossover,Peugeot,650000000,5,46000
Ford EcoSport Titanium 1.5L AT 2015,2015,Xe đã dùng,Lắp ráp trong nước,Xăng,SUV,Ford,305000000,10,60000
Mercedes Benz C class C200 2017,2017,Xe đã dùng,Lắp ráp trong nước,Xăng,Sedan,Mercedes,755000000,8,40000
Mercedes Benz GLS 450 4Matic 2022,2022,Xe đã dùng,Nhập khẩu,Xăng,SUV,Mercedes,3750000000,3,35000
VinFast Lux SA 2.0 Plus 2.0 AT 2021,2021,Xe đã dùng,Lắp ráp trong nước,Xăng,SUV,VinFast,709000000,4,28000
Toyota Innova G 2008,2008,Xe đã dùng,Lắp ráp trong nước,Xăng,Crossover,Toyota,198000000,17,150000
Hyundai Accent 1.4 AT 2022,2022,Xe đã dùng,Lắp ráp trong nước,Xăng,Sedan,Hyundai,409000000,3,36000
Mitsubishi Xpander 1.5 AT 2020,2020,Xe đã dùng,Nhập khẩu,Xăng,SUV,Mitsubishi,479000000,5,90000
Subaru Forester 2.0i-S EyeSight 2023,2023,Xe đã dùng,Nhập khẩu,Xăng,SUV,Subaru,869000000,2,34000
Toyota Corolla altis 1.8E AT 2021,2021,Xe đã dùng,Lắp ráp trong nước,Xăng,Sedan,Toyota,515000000,4,60000
Mazda 6 Premium 2.5 AT 2019,2019,Xe đã dùng,Lắp ráp trong nước,Xăng,Sedan,Mazda,555000000,6,55000
Hyundai Elantra Sport 1.6 AT 2021,2021,Xe đã dùng,Lắp ráp trong nước,Xăng,Sedan,Hyundai,520000000,4,43000
Peugeot 5008 AL 1.6 AT 2021,2021,Xe đã dùng,Lắp ráp trong nước,Xăng,SUV,Peugeot,815000000,4,42000
Toyota Fortuner TRD Sportivo 4x2 AT 2016,2016,Xe đã dùng,Lắp ráp trong nước,Xăng,SUV,Toyota,500000000,9,100000
Mercedes Benz E class E200 Exclusive 2023,2023,Xe mới,Lắp ráp trong nước,Xăng,Sedan,Mercedes,2222000000,2,0
Toyota Vios 1.5G 2019,2019,Xe đã dùng,Lắp ráp trong nước,Xăng,Sedan,Toyota,385000000,6,98000
Mazda CX5 2.5 AT 2WD 2017,2017,Xe đã dùng,Lắp ráp trong nước,Xăng,SUV,Mazda,515000000,8,74000
Toyota Corolla altis 1.8G MT 2010,2010,Xe đã dùng,Lắp ráp trong nước,Xăng,Sedan,Toyota,215000000,15,15000
VinFast VF9 Plus 2023,2023,Xe đã dùng,Lắp ráp trong nước,Điện,SUV,VinFast,1190000000,2,4
MG 5 Luxury 1.5 AT 2022,2022,Xe đã dùng,Nhập khẩu,Xăng,Sedan,MG,425000000,3,28000
Toyota Camry 2.5Q 2017,2017,Xe đã dùng,Lắp ráp trong nước,Xăng,Sedan,Toyota,649000000,8,83000
Ford EcoSport Titanium 1.5L AT 2018,2018,Xe đã dùng,Lắp ráp trong nước,Xăng,SUV,Ford,399000000,7,66000
Mercedes Benz C class C200 2017,2017,Xe đã dùng,Lắp ráp trong nước,Xăng,Sedan,Mercedes,639000000,8,70000
Audi Q5 2.0 AT 2017,2017,Xe đã dùng,Nhập khẩu,Xăng,SUV,Audi,950000000,8,0
Kia Carnival Signature 1.6 Turbo HEV 7S 2025,2025,Xe mới,Lắp ráp trong nước,Hybrid,Van/Minivan,Kia,1849000000,0,0
Honda City 1.5 AT 2013,2013,Xe đã dùng,Lắp ráp trong nước,Xăng,Sedan,Honda,285000000,12,55000
Toyota Corolla Cross 1.8HV 2021,2021,Xe đã dùng,Nhập khẩu,Hybrid,SUV,Toyota,750000000,4,58000
Mazda 3 1.5L Luxury 2020,2020,Xe đã dùng,Lắp ráp trong nước,Xăng,Sedan,Mazda,525000000,5,49000
Hyundai Kona 2.0 ATH 2021,2021,Xe đã dùng,Lắp ráp trong nước,Xăng,Crossover,Hyundai,495000000,4,104000
Mitsubishi Xpander Cross 1.5 AT 2021,2021,Xe đã dùng,Nhập khẩu,Xăng,SUV,Mitsubishi,518000000,4,51000
BMW Z4 sDrive20i 2015,2015,Xe đã dùng,Nhập khẩu,Xăng,Convertible/Cabriolet,BMW,1199000000,10,49000
Mercedes Benz S class S450L Luxury 2020,2020,Xe đã dùng,Lắp ráp trong nước,Xăng,Sedan,Mercedes,2790000000,5,40000
Rolls Royce Phantom 6.7 V12 2009,2009,Xe đã dùng,Nhập khẩu,Xăng,Sedan,Rolls,9500000000,16,60000
Toyota Prado TXL 2.7L 2010,2010,Xe đã dùng,Nhập khẩu,Xăng,SUV,Toyota,690000000,15,0
Ford Ranger Stormtrak 2.0L 4x4 AT 2024,2024,Xe đã dùng,Nhập khẩu,Dầu,Bán tải / Pickup,Ford,1035000000,1,2400
Mercedes Benz E class E200 Exclusive 2022,2022,Xe đã dùng,Lắp ráp trong nước,Xăng,Sedan,Mercedes,1900000000,3,23000
Peugeot 2008 Active 1.2 AT 2023,2023,Xe đã dùng,Lắp ráp trong nước,Xăng,Crossover,Peugeot,599000000,2,26000
Mazda CX8 Premium 2.5 AT 2025,2025,Xe mới,Lắp ráp trong nước,Xăng,SUV,Mazda,1128000000,0,0
Toyota Innova Cross HEV 2.0 CVT 2025,2025,Xe mới,Nhập khẩu,Hybrid,Crossover,Toyota,990000000,0,0
Honda City RS 1.5 AT 2023,2023,Xe đã dùng,Lắp ráp trong nước,Xăng,Sedan,Honda,479000000,2,71000
Porsche Cayenne Coupe 2023,2023,Xe đã dùng,Nhập khẩu,Xăng,SUV,Porsche,6699000000,2,9500
Volkswagen Viloran Luxury 2024,2024,Xe mới,Nhập khẩu,Xăng,Van/Minivan,Volkswagen,2188000000,1,0
Mercedes Benz S class S450 4Matic 2024,2024,Xe mới,Nhập khẩu,Xăng,Sedan,Mercedes,4400000000,1,0
Honda City RS 1.5 AT 2022,2022,Xe đã dùng,Lắp ráp trong nước,Xăng,Sedan,Honda,482000000,3,40000
Honda Civic G 1.8 AT 2021,2021,Xe đã dùng,Nhập khẩu,Xăng,Sedan,Honda,530000000,4,78000
Mazda 3 1.5L Luxury 2024,2024,Xe đã dùng,Lắp ráp trong nước,Xăng,Sedan,Mazda,638000000,1,15000
Toyota Camry 2.5G 2014,2014,Xe đã dùng,Lắp ráp trong nước,Xăng,Sedan,Toyota,450000000,11,68000
VinFast VF5 Plus 2023,2023,Xe đã dùng,Lắp ráp trong nước,Điện,SUV,VinFast,372000000,2,59000
Toyota Innova 2.0E 2015,2015,Xe đã dùng,Lắp ráp trong nước,Xăng,Crossover,Toyota,245000000,10,0
Kia Carnival Signature 1.6 Turbo HEV 7S 2025,2025,Xe mới,Lắp ráp trong nước,Hybrid,Van/Minivan,Kia,1849000000,0,0
Honda CRV L 2020,2020,Xe đã dùng,Nhập khẩu,Xăng,SUV,Honda,795000000,5,63000
Mercedes Benz Maybach S650 2018,2018,Xe đã dùng,Nhập khẩu,Xăng,Sedan,Mercedes,7199000000,7,18000
Hyundai SantaFe Cao cấp 2.5L HTRAC 2022,2022,Xe đã dùng,Lắp ráp trong nước,Xăng,SUV,Hyundai,1065000000,3,70000
Toyota Land Cruiser 3.5 V6 2025,2025,Xe mới,Nhập khẩu,Xăng,SUV,Toyota,4580000000,0,0
Kia Carens 1.5D Premium 2022,2022,Xe đã dùng,Lắp ráp trong nước,Dầu,SUV,Kia,635000000,3,50000
Mazda CX8 Luxury 2020,2020,Xe đã dùng,Lắp ráp trong nước,Xăng,SUV,Mazda,728000000,5,66000
Toyota Innova 2.0E 2012,2012,Xe đã dùng,Lắp ráp trong nước,Xăng,Crossover,Toyota,250000000,13,120000
Hyundai i20 1.4 AT 2011,2011,Xe đã dùng,Nhập khẩu,Xăng,Hatchback,Hyundai,199000000,14,150000
Mazda CX5 2.0 AT 2014,2014,Xe đã dùng,Lắp ráp trong nước,Xăng,SUV,Mazda,415000000,11,92000
Toyota Land Cruiser 4.6 V8 2020,2020,Xe đã dùng,Nhập khẩu,Xăng,SUV,Toyota,4050000000,5,100000
Ford Ranger Raptor 2.0L 4x4 AT 2023,2023,Xe đã dùng,Nhập khẩu,Dầu,Bán tải / Pickup,Ford,1130000000,2,20000
Toyota Wigo 1.2G AT 2019,2019,Xe đã dùng,Nhập khẩu,Xăng,Hatchback,Toyota,299000000,6,31000
VinFast Fadil 1.4 AT 2021,2021,Xe đã dùng,Lắp ráp trong nước,Xăng,Hatchback,VinFast,310000000,4,42000
Hyundai SantaFe Cao cấp 2.4L HTRAC 2021,2021,Xe đã dùng,Lắp ráp trong nước,Xăng,SUV,Hyundai,899000000,4,21000
Mercedes Benz GLC 300 4Matic 2020,2020,Xe đã dùng,Lắp ráp trong nước,Xăng,SUV,Mercedes,1399000000,5,80000
Lexus RX 350 2020,2020,Xe đã dùng,Nhập khẩu,Xăng,SUV,Lexus,3380000000,5,48000
Honda Brio RS 2019,2019,Xe đã dùng,Nhập khẩu,Xăng,Hatchback,Honda,323000000,6,90000
Lexus GX 460 2021,2021,Xe đã dùng,Nhập khẩu,Xăng,SUV,Lexus,4390000000,4,40000
Lexus LX 600 Vip 2025,2025,Xe mới,Nhập khẩu,Xăng,SUV,Lexus,9700000000,0,0
Lexus LM 350 2022,2022,Xe đã dùng,Nhập khẩu,Xăng,Van/Minivan,Lexus,5950000000,3,50000
Volvo S90 Inscription T6 2020,2020,Xe đã dùng,Nhập khẩu,Xăng,Sedan,Volvo,1499000000,5,34000
Mini Cooper Convertible S 2023,2023,Xe đã dùng,Nhập khẩu,Xăng,Convertible/Cabriolet,Mini,2299000000,2,1000
Toyota Innova 2.0 Venturer 2020,2020,Xe đã dùng,Lắp ráp trong nước,Xăng,Crossover,Toyota,670000000,5,20000
Ford EcoSport Titanium 1.5L AT 2019,2019,Xe đã dùng,Lắp ráp trong nước,Xăng,SUV,Ford,412000000,6,90000
MG 5 Standard 1.5 AT 2024,2024,Xe mới,Nhập khẩu,Xăng,Sedan,MG,395000000,1,0
Mercedes Benz Maybach S450 4Matic 2023,2023,Xe đã dùng,Nhập khẩu,Xăng,Sedan,Mercedes,7200000000,2,3900
Ford Ranger Wildtrak 2.0L 4x4 AT 2025,2025,Xe mới,Lắp ráp trong nước,Dầu,Bán tải / Pickup,Ford,879000000,0,0
VinFast VF8 Plus 2025,2025,Xe mới,Lắp ráp trong nước,Điện,SUV,VinFast,1128000000,0,0
Mercedes Benz C class C200 Avantgarde 2023,2023,Xe đã dùng,Lắp ráp trong nước,Xăng,Sedan,Mercedes,1420000000,2,1170
Hyundai Elantra 1.6 AT Tiêu chuẩn 2024,2024,Xe đã dùng,Lắp ráp trong nước,Xăng,Sedan,Hyundai,518000000,1,0
VinFast Lux A 2.0 Premium 2.0 AT 2020,2020,Xe đã dùng,Lắp ráp trong nước,Xăng,Sedan,VinFast,500000000,5,75000
Volkswagen Teramont President 2.0 AT 2024,2024,Xe đã dùng,Nhập khẩu,Xăng,SUV,Volkswagen,2379000000,1,2400
BMW 5 Series 530i M Sport 2025,2025,Xe mới,Lắp ráp trong nước,Xăng,Sedan,BMW,2932000000,0,0
Toyota Innova 2.0E 2016,2016,Xe đã dùng,Lắp ráp trong nước,Xăng,Crossover,Toyota,376000000,9,108000
Mercedes Benz C class C300 AMG 2017,2017,Xe đã dùng,Lắp ráp trong nước,Xăng,Sedan,Mercedes,760000000,8,60000
Hyundai Kona 2.0 AT 2019,2019,Xe đã dùng,Lắp ráp trong nước,Xăng,Crossover,Hyundai,455000000,6,62000
Mini Cooper S 3 Door 2022,2022,Xe đã dùng,Nhập khẩu,Xăng,Hatchback,Mini,1699000000,3,12222
Toyota Vios 1.5G 2016,2016,Xe đã dùng,Lắp ráp trong nước,Xăng,Sedan,Toyota,345000000,9,90000
Honda CRV L 2018,2018,Xe đã dùng,Nhập khẩu,Xăng,SUV,Honda,760000000,7,43000
Mitsubishi Mirage 1.2 AT 2014,2014,Xe đã dùng,Nhập khẩu,Xăng,Hatchback,Mitsubishi,215000000,11,120000
Ford Ranger XLS 2.0L 4x2 AT 2025,2025,Xe mới,Lắp ráp trong nước,Dầu,Bán tải / Pickup,Ford,605000000,0,0
Mercedes Benz S class S450L 2019,2019,Xe đã dùng,Lắp ráp trong nước,Xăng,Sedan,Mercedes,2280000000,6,0
Mercedes Benz S class S450 4Matic Luxury 2022,2022,Xe đã dùng,Nhập khẩu,Xăng,Sedan,Mercedes,4289000000,3,31000
Peugeot 5008 GT 1.6 AT 2024,2024,Xe đã dùng,Lắp ráp trong nước,Xăng,SUV,Peugeot,1039000000,1,8000
Honda City 1.5TOP 2018,2018,Xe đã dùng,Lắp ráp trong nước,Xăng,Sedan,Honda,395000000,7,52000
Toyota Innova 2.0E 2013,2013,Xe đã dùng,Lắp ráp trong nước,Xăng,Crossover,Toyota,245000000,12,150000
Porsche Cayenne S 2019,2019,Xe đã dùng,Nhập khẩu,Xăng,SUV,Porsche,3800000000,6,80000
Suzuki XL7 1.5 AT 2021,2021,Xe đã dùng,Nhập khẩu,Xăng,SUV,Suzuki,435000000,4,70000
Lexus RX 350L 2021,2021,Xe đã dùng,Nhập khẩu,Xăng,SUV,Lexus,3750000000,4,58000
Omoda C5 Premium 1.5 Turbo 2024,2024,Xe mới,Nhập khẩu,Xăng,SUV,Omoda,530000000,1,0
Mercedes Benz C class C200 Exclusive 2020,2020,Xe đã dùng,Lắp ráp trong nước,Xăng,Sedan,Mercedes,999000000,5,41000
Kia Sportage Signature 2.0G 2023,2023,Xe đã dùng,Lắp ráp trong nước,Xăng,Crossover,Kia,868000000,2,18000
Hyundai Tucson 2.0 ATH 2015,2015,Xe đã dùng,Nhập khẩu,Xăng,Crossover,Hyundai,535000000,10,84000
Peugeot 408 GT 1.6 AT 2025,2025,Xe mới,Lắp ráp trong nước,Xăng,Crossover,Peugeot,1247000000,0,0
Hyundai SantaFe Cao cấp 2.5L HTRAC 2021,2021,Xe đã dùng,Lắp ráp trong nước,Xăng,SUV,Hyundai,969000000,4,0
Toyota Raize G 1.0 CVT 2023,2023,Xe đã dùng,Nhập khẩu,Xăng,SUV,Toyota,495000000,2,18000
Mitsubishi Xpander 1.5 AT 2022,2022,Xe đã dùng,Nhập khẩu,Xăng,SUV,Mitsubishi,485000000,3,50000
Mercedes Benz GLB 35 4Matic 2021,2021,Xe đã dùng,Nhập khẩu,Xăng,SUV,Mercedes,1590000000,4,67000
Mercedes Benz GLC 200 4Matic 2022,2022,Xe đã dùng,Lắp ráp trong nước,Xăng,SUV,Mercedes,1595000000,3,28000
Kia Sedona 2.2 DAT Deluxe 2021,2021,Xe đã dùng,Lắp ráp trong nước,Dầu,Van/Minivan,Kia,838000000,4,68000
Lexus LS 460 2010,2010,Xe đã dùng,Nhập khẩu,Xăng,Sedan,Lexus,880000000,15,100000
Toyota Land Cruiser 3.5 V6 2023,2023,Xe đã dùng,Nhập khẩu,Xăng,SUV,Toyota,5350000000,2,42000
Hyundai Tucson 1.6 AT Turbo HTRAC Đặc biệt 2025,2025,Xe mới,Lắp ráp trong nước,Xăng,Crossover,Hyundai,935000000,0,0
Lexus RX 350 Luxury 2024,2024,Xe đã dùng,Nhập khẩu,Xăng,SUV,Lexus,4370000000,1,9000
Mercedes Benz S class S450 4Matic 2024,2024,Xe mới,Nhập khẩu,Xăng,Sedan,Mercedes,4459000000,1,0
Toyota Fortuner 2.4G 4x2 AT Legender 2021,2021,Xe đã dùng,Lắp ráp trong nước,Dầu,SUV,Toyota,990000000,4,85000
MG ZS Standard 1.5 AT 2WD 2024,2024,Xe mới,Nhập khẩu,Xăng,Crossover,MG,400000000,1,0
Mercedes Benz GLK Class GLK250 AMG 4Matic 2014,2014,Xe đã dùng,Lắp ráp trong nước,Xăng,SUV,Mercedes,685000000,11,90000
Suzuki Super Carry Van Blind Van 1998,1998,Xe đã dùng,Lắp ráp trong nước,Xăng,Van/Minivan,Suzuki,52000000,27,164000
Suzuki Swift GLX 1.2 AT 2019,2019,Xe đã dùng,Nhập khẩu,Xăng,Hatchback,Suzuki,415000000,6,50000
Ford Everest Titanium 2.0L 4x2 AT 2025,2025,Xe mới,Nhập khẩu,Dầu,SUV,Ford,1296000000,0,0
Hyundai Accent 1.5 AT 2025,2025,Xe mới,Lắp ráp trong nước,Xăng,Sedan,Hyundai,478000000,0,0
Honda CRV L 2024,2024,Xe đã dùng,Lắp ráp trong nước,Xăng,SUV,Honda,1065000000,1,15001
Toyota Land Cruiser 3.5 V6 2024,2024,Xe đã dùng,Nhập khẩu,Xăng,SUV,Toyota,5600000000,1,8000
Mercedes Benz C class C300 AMG 2019,2019,Xe đã dùng,Lắp ráp trong nước,Xăng,Sedan,Mercedes,999000000,6,60000
Honda HRV RS 2022,2022,Xe đã dùng,Nhập khẩu,Xăng,Crossover,Honda,730000000,3,49000
Honda CRV 2.4 AT 2015,2015,Xe đã dùng,Lắp ráp trong nước,Xăng,SUV,Honda,485000000,10,110000
Mitsubishi Outlander Premium 2.0 CVT 2022,2022,Xe đã dùng,Lắp ráp trong nước,Xăng,SUV,Mitsubishi,719000000,3,50000
Mercedes Benz GLS 450 4Matic 2021,2021,Xe đã dùng,Nhập khẩu,Xăng,SUV,Mercedes,3989000000,4,0
Volvo S90 LWB Ultimate B6 AWD 2023,2023,Xe đã dùng,Nhập khẩu,Xăng,Sedan,Volvo,1899000000,2,20000
Honda CRV 2.4 AT 2015,2015,Xe đã dùng,Lắp ráp trong nước,Xăng,SUV,Honda,495000000,10,80000
Lexus ES 250 2022,2022,Xe đã dùng,Nhập khẩu,Xăng,Sedan,Lexus,2280000000,3,50000
Honda City RS 1.5 AT 2022,2022,Xe đã dùng,Lắp ráp trong nước,Xăng,Sedan,Honda,475000000,3,60000
Mercedes Benz E class E200 Exclusive 2021,2021,Xe đã dùng,Lắp ráp trong nước,Xăng,Sedan,Mercedes,1539000000,4,30000
Volvo S60 B5 R-Design AWD 2021,2021,Xe đã dùng,Nhập khẩu,Xăng,Sedan,Volvo,1219000000,4,18000
Hyundai i10 Grand 1.0 AT 2016,2016,Xe đã dùng,Nhập khẩu,Xăng,Hatchback,Hyundai,270000000,9,93000
Audi A6 2.0T 2012,2012,Xe đã dùng,Nhập khẩu,Xăng,Sedan,Audi,525000000,13,0
Honda City RS 1.5 AT 2024,2024,Xe mới,Lắp ráp trong nước,Xăng,Sedan,Honda,554000000,1,0
Hyundai Equus Vs 500 2013,2013,Xe đã dùng,Nhập khẩu,Xăng,Sedan,Hyundai,1150000000,12,11000
Ford Ranger XLS 2.2L 4x2 AT 2020,2020,Xe đã dùng,Nhập khẩu,Dầu,Bán tải / Pickup,Ford,565000000,5,69000
Lexus RX 450h 2021,2021,Xe đã dùng,Nhập khẩu,Hybrid,SUV,Lexus,4050000000,4,16000
Honda HRV RS 2024,2024,Xe đã dùng,Nhập khẩu,Xăng,Crossover,Honda,825000000,1,3300
Mazda BT50 2.2L 4x4 MT 2013,2013,Xe đã dùng,Nhập khẩu,Dầu,Bán tải / Pickup,Mazda,310000000,12,95000
Honda HRV L 2018,2018,Xe đã dùng,Nhập khẩu,Xăng,Crossover,Honda,530000000,7,56000
GAC GS8 GT 2.0T 2025,2025,Xe mới,Nhập khẩu,Xăng,SUV,GAC,1269000000,0,0
Mitsubishi Pajero Sport 2.4D 4x2 MT 2019,2019,Xe đã dùng,Nhập khẩu,Dầu,SUV,Mitsubishi,650000000,6,98000
VinFast VF3 Plus 2024,2024,Xe mới,Lắp ráp trong nước,Điện,Hatchback,VinFast,259000000,1,0
Nissan Terra E 2.5 AT 2WD 2019,2019,Xe đã dùng,Nhập khẩu,Xăng,SUV,Nissan,510000000,6,0
Isuzu QKR QMR77HE5A 2025,2025,Xe mới,Lắp ráp trong nước,Dầu,Truck,Isuzu,573000000,0,0
Peugeot 408 GT 1.6 AT 2023,2023,Xe đã dùng,Lắp ráp trong nước,Xăng,Crossover,Peugeot,1025000000,2,40000
Ford Ranger Wildtrak 2.0L 4x4 AT 2023,2023,Xe đã dùng,Lắp ráp trong nước,Dầu,Bán tải / Pickup,Ford,838000000,2,20000
Mercedes Benz GLC 200 2019,2019,Xe đã dùng,Lắp ráp trong nước,Xăng,SUV,Mercedes,990000000,6,67000
Mercedes Benz C class C250 Exclusive 2016,2016,Xe đã dùng,Lắp ráp trong nước,Xăng,Sedan,Mercedes,695000000,9,0
Toyota Innova 2.0E 2018,2018,Xe đã dùng,Lắp ráp trong nước,Xăng,Crossover,Toyota,438000000,7,120000
Ford Transit Standard MID 2014,2014,Xe đã dùng,Lắp ráp trong nước,Dầu,Van/Minivan,Ford,265000000,11,250000
Ford EcoSport Ambiente 1.5L AT 2020,2020,Xe đã dùng,Lắp ráp trong nước,Xăng,SUV,Ford,380000000,5,51000
Hyundai Elantra 1.6 MT 2019,2019,Xe đã dùng,Lắp ráp trong nước,Xăng,Sedan,Hyundai,388000000,6,0
Honda Civic RS 1.5 AT 2022,2022,Xe đã dùng,Nhập khẩu,Xăng,Sedan,Honda,790000000,3,17500
Mercedes Benz E class E200 2016,2016,Xe đã dùng,Lắp ráp trong nước,Xăng,Sedan,Mercedes,799000000,9,74000
Mercedes Benz S class S450 4Matic Luxury 2022,2022,Xe đã dùng,Nhập khẩu,Xăng,Sedan,Mercedes,3999000000,3,35000
VinFast Lux A 2.0 Plus 2.0 AT 2019,2019,Xe đã dùng,Lắp ráp trong nước,Xăng,Sedan,VinFast,495000000,6,1
Hyundai i10 Grand 1.2 AT 2017,2017,Xe đã dùng,Nhập khẩu,Xăng,Hatchback,Hyundai,295000000,8,43000
Mazda 3 1.5L Luxury 2023,2023,Xe đã dùng,Lắp ráp trong nước,Xăng,Sedan,Mazda,590000000,2,18068
Kia Rondo GMT 2018,2018,Xe đã dùng,Lắp ráp trong nước,Xăng,SUV,Kia,315000000,7,0
Ford Transit Premium 2025,2025,Xe mới,Lắp ráp trong nước,Dầu,Van/Minivan,Ford,914000000,0,0
Hyundai SantaFe MLX 2.0L 2009,2009,Xe đã dùng,Nhập khẩu,Dầu,SUV,Hyundai,325000000,16,120000
BMW 3 Series 320i 2013,2013,Xe đã dùng,Nhập khẩu,Xăng,Sedan,BMW,395000000,12,117000
BMW 7 Series 730Li 2015,2015,Xe đã dùng,Nhập khẩu,Xăng,Sedan,BMW,1559000000,10,30000
Lexus GS 350 F-Sport 2012,2012,Xe đã dùng,Nhập khẩu,Xăng,Sedan,Lexus,820000000,13,70000
Ford Ranger Wildtrak 3.2L 4x4 AT 2016,2016,Xe đã dùng,Nhập khẩu,Dầu,Bán tải / Pickup,Ford,525000000,9,108000
Mitsubishi Xpander 1.5 MT 2019,2019,Xe đã dùng,Nhập khẩu,Xăng,SUV,Mitsubishi,369000000,6,90000
Hyundai SantaFe 2.7 MT 2009,2009,Xe đã dùng,Nhập khẩu,Xăng,SUV,Hyundai,220000000,16,105272
Toyota Veloz Cross 1.5 CVT 2023,2023,Xe đã dùng,Lắp ráp trong nước,Xăng,SUV,Toyota,555000000,2,57000
Toyota Yaris Cross 1.5 D-CVT 2024,2024,Xe đã dùng,Nhập khẩu,Xăng,SUV,Toyota,665000000,1,12000
Kia Sonet Luxury 1.5 AT 2023,2023,Xe đã dùng,Lắp ráp trong nước,Xăng,Crossover,Kia,535000000,2,21000
Mercedes Benz GLS 400 4Matic 2016,2016,Xe đã dùng,Nhập khẩu,Xăng,SUV,Mercedes,1445000000,9,0
Chevrolet Colorado LTZ 2.8L 4x4 AT 2017,2017,Xe đã dùng,Nhập khẩu,Dầu,Bán tải / Pickup,Chevrolet,408000000,8,120000
Mercedes Benz C class C300 AMG 2018,2018,Xe đã dùng,Lắp ráp trong nước,Xăng,Sedan,Mercedes,775000000,7,96000
Toyota Land Cruiser 3.5 V6 2025,2025,Xe mới,Nhập khẩu,Xăng,SUV,Toyota,4286000000,0,0
Mercedes Benz S class S450L 2018,2018,Xe đã dùng,Lắp ráp trong nước,Xăng,Sedan,Mercedes,1999000000,7,68000
Peugeot 2008 GT Line 1.2 AT 2023,2023,Xe đã dùng,Lắp ráp trong nước,Xăng,Crossover,Peugeot,709000000,2,0
Ford Everest Titanium 2.0L 4x2 AT 2024,2024,Xe đã dùng,Nhập khẩu,Dầu,SUV,Ford,1275000000,1,43000
Nissan Teana 2.0 AT 2010,2010,Xe đã dùng,Nhập khẩu,Xăng,Sedan,Nissan,235000000,15,100000
Hyundai Accent 1.4 ATH 2018,2018,Xe đã dùng,Lắp ráp trong nước,Xăng,Sedan,Hyundai,360000000,7,66000
Kia Sorento DATH 2017,2017,Xe đã dùng,Lắp ráp trong nước,Dầu,SUV,Kia,579000000,8,91000
Ford Transit Premium+ 2025,2025,Xe mới,Lắp ráp trong nước,Dầu,Van/Minivan,Ford,1091000000,0,0
Toyota Hilux 2.5E 4x2 MT 2009,2009,Xe đã dùng,Nhập khẩu,Dầu,Bán tải / Pickup,Toyota,232000000,16,0
Hyundai Centennial 3.5 AT 2007,2007,Xe đã dùng,Nhập khẩu,Xăng,Sedan,Hyundai,399000000,18,170000
Ford EcoSport Titanium 1.5L AT 2017,2017,Xe đã dùng,Lắp ráp trong nước,Xăng,SUV,Ford,365000000,8,80000
Chevrolet Trailblazer LT 2.5L 4x2 MT 2018,2018,Xe đã dùng,Nhập khẩu,Dầu,SUV,Chevrolet,420000000,7,90000
Mazda CX5 Signature Exclusive 2.5 AT 2024,2024,Xe mới,Lắp ráp trong nước,Xăng,SUV,Mazda,999000000,1,0
Honda Civic RS 1.5 AT 2024,2024,Xe mới,Nhập khẩu,Xăng,Sedan,Honda,800000000,1,0
Kia Morning AT 2019,2019,Xe đã dùng,Lắp ráp trong nước,Xăng,Hatchback,Kia,285000000,6,80000
Mercedes Benz E class E200 2019,2019,Xe đã dùng,Lắp ráp trong nước,Xăng,Sedan,Mercedes,1099000000,6,58000
Mercedes Benz C class C300 AMG 2020,2020,Xe đã dùng,Lắp ráp trong nước,Xăng,Sedan,Mercedes,1199000000,5,53000
Toyota Corolla Cross 1.8HEV 2025,2025,Xe mới,Nhập khẩu,Hybrid,SUV,Toyota,870000000,0,0
Toyota Prado LC250 2.4L 2025,2025,Xe mới,Nhập khẩu,Xăng,SUV,Toyota,3480000000,0,0
Ford Flex Limited EcoBoost 2014,2014,Xe đã dùng,Nhập khẩu,Xăng,SUV,Ford,1380000000,11,0
Ford Ranger Raptor 2.0L 4x4 AT 2023,2023,Xe đã dùng,Nhập khẩu,Dầu,Bán tải / Pickup,Ford,1150000000,2,51000
Nissan Sunny Q Series XT Premium 2018,2018,Xe đã dùng,Lắp ráp trong nước,Xăng,Sedan,Nissan,299000000,7,0
Ford Territory Titanium 1.5 AT 2025,2025,Xe mới,Lắp ráp trong nước,Xăng,SUV,Ford,745000000,0,0
Mitsubishi Xforce Premium 2025,2025,Xe mới,Nhập khẩu,Xăng,SUV,Mitsubishi,591000000,0,0
Mercedes Benz G class G63 AMG 2021,2021,Xe đã dùng,Nhập khẩu,Xăng,SUV,Mercedes,8650000000,4,30000
Kia Carnival Premium 2.2D 2021,2021,Xe đã dùng,Lắp ráp trong nước,Dầu,Van/Minivan,Kia,1035000000,4,44001
Kia Sorento Premium 2.5 AT 2022,2022,Xe đã dùng,Lắp ráp trong nước,Xăng,SUV,Kia,840000000,3,0
Hyundai Tucson 2.0 ATH 2020,2020,Xe đã dùng,Lắp ráp trong nước,Xăng,Crossover,Hyundai,660000000,5,48000
Toyota Raize G 1.0 CVT 2022,2022,Xe đã dùng,Nhập khẩu,Xăng,SUV,Toyota,479000000,3,20000
Nissan Terra V 2.5 AT 4WD 2018,2018,Xe đã dùng,Nhập khẩu,Xăng,SUV,Nissan,625000000,7,80000
Nissan Almera EL 1.0 CVT 2022,2022,Xe đã dùng,Nhập khẩu,Xăng,Sedan,Nissan,385000000,3,60000
Nissan Sunny XV 2013,2013,Xe đã dùng,Lắp ráp trong nước,Xăng,Sedan,Nissan,245000000,12,87000
Toyota Raize G 1.0 CVT 2025,2025,Xe mới,Nhập khẩu,Xăng,SUV,Toyota,536000000,0,0
Ford Ranger XLS 2.0L 4x2 AT 2025,2025,Xe mới,Lắp ráp trong nước,Dầu,Bán tải / Pickup,Ford,640000000,0,0
Peugeot 3008 GT 2022,2022,Xe đã dùng,Lắp ráp trong nước,Xăng,Crossover,Peugeot,845000000,3,50000
Mazda 3 1.5L Luxury 2022,2022,Xe đã dùng,Lắp ráp trong nước,Xăng,Sedan,Mazda,555000000,3,50000
Kia Cerato 2.0 AT Premium 2021,2021,Xe đã dùng,Lắp ráp trong nước,Xăng,Sedan,Kia,495000000,4,80000
VinFast Fadil Tiêu chuẩn 1.4 AT 2022,2022,Xe đã dùng,Lắp ráp trong nước,Xăng,Hatchback,VinFast,330000000,3,44000
Kia Sorento DATH 2015,2015,Xe đã dùng,Lắp ráp trong nước,Dầu,SUV,Kia,490000000,10,110000
Toyota Fortuner 2.4G 4x2 MT 2019,2019,Xe đã dùng,Nhập khẩu,Dầu,SUV,Toyota,739000000,6,0
Toyota Yaris 1.3G 2015,2015,Xe đã dùng,Nhập khẩu,Xăng,Hatchback,Toyota,370000000,10,61000
Hyundai Kona 2.0 ATH 2021,2021,Xe đã dùng,Lắp ráp trong nước,Xăng,Crossover,Hyundai,525000000,4,60000
Mercedes Benz C class C250 AMG 2015,2015,Xe đã dùng,Lắp ráp trong nước,Xăng,Sedan,Mercedes,639000000,10,0
Hyundai Accent Cao cấp 1.5 AT 2024,2024,Xe đã dùng,Lắp ráp trong nước,Xăng,Sedan,Hyundai,535000000,1,28000
Hyundai Tucson 2.0 AT Đặc biệt 2021,2021,Xe đã dùng,Lắp ráp trong nước,Xăng,Crossover,Hyundai,699000000,4,54000
Ford Ranger XLS 2.2L 4x2 MT 2016,2016,Xe đã dùng,Nhập khẩu,Dầu,Bán tải / Pickup,Ford,350000000,9,0
Mitsubishi Triton 4x2 AT 2023,2023,Xe đã dùng,Nhập khẩu,Dầu,Bán tải / Pickup,Mitsubishi,585000000,2,10000
Kia Optima 2.4 GT line 2016,2016,Xe đã dùng,Nhập khẩu,Xăng,Sedan,Kia,475000000,9,110000
Porsche Macan 2.0 2021,2021,Xe đã dùng,Nhập khẩu,Xăng,SUV,Porsche,3199000000,4,44000
Mazda 3 1.5L Deluxe 2020,2020,Xe đã dùng,Lắp ráp trong nước,Xăng,Sedan,Mazda,499000000,5,39000
Mitsubishi Outlander 2.0 CVT 2021,2021,Xe đã dùng,Lắp ráp trong nước,Xăng,SUV,Mitsubishi,645000000,4,68000
Lexus RX 350 F-Sport 2016,2016,Xe đã dùng,Nhập khẩu,Xăng,SUV,Lexus,2199000000,9,65000
Mazda 3 2.0 AT 2018,2018,Xe đã dùng,Lắp ráp trong nước,Xăng,Sedan,Mazda,455000000,7,60000
MG 5 1.5 MT 2023,2023,Xe mới,Nhập khẩu,Xăng,Sedan,MG,300000000,2,0
Mazda 3 S 1.6 AT 2014,2014,Xe đã dùng,Lắp ráp trong nước,Xăng,Sedan,Mazda,305000000,11,90000
VinFast President 6.2 V8 2021,2021,Xe đã dùng,Lắp ráp trong nước,Xăng,SUV,VinFast,1250000000,4,70000
Hyundai Tucson 2.0 AT 2018,2018,Xe đã dùng,Lắp ráp trong nước,Xăng,Crossover,Hyundai,560000000,7,80000
Toyota Fortuner 2.4G 4x2 AT 2020,2020,Xe đã dùng,Lắp ráp trong nước,Dầu,SUV,Toyota,875000000,5,96000
Mazda CX5 2.5 AT 2WD 2017,2017,Xe đã dùng,Lắp ráp trong nước,Xăng,SUV,Mazda,517000000,8,85000
Toyota Vios G 1.5 CVT 2021,2021,Xe đã dùng,Lắp ráp trong nước,Xăng,Sedan,Toyota,455000000,4,33659
Hyundai SantaFe Premium 2.4L HTRAC 2019,2019,Xe đã dùng,Lắp ráp trong nước,Xăng,SUV,Hyundai,770000000,6,0
Ford Ranger Wildtrak 3.2L 4x4 AT 2018,2018,Xe đã dùng,Nhập khẩu,Dầu,Bán tải / Pickup,Ford,575000000,7,85000
Volvo XC60 Ultimate Bright B6 AWD 2023,2023,Xe đã dùng,Nhập khẩu,Xăng,SUV,Volvo,2100000000,2,28000
Hyundai Tucson 1.6 AT Turbo HTRAC Đặc biệt 2022,2022,Xe đã dùng,Lắp ráp trong nước,Xăng,Crossover,Hyundai,810000000,3,45000
Chevrolet Aveo LTZ 1.5 AT 2014,2014,Xe đã dùng,Lắp ráp trong nước,Xăng,Sedan,Chevrolet,198000000,11,80000
Honda HRV L 2025,2025,Xe mới,Nhập khẩu,Xăng,Crossover,Honda,710000000,0,0
Kia Cerato 1.6 AT Deluxe 2021,2021,Xe đã dùng,Lắp ráp trong nước,Xăng,Sedan,Kia,445000000,4,57000
Ford Ranger XLS 2.0L 4x2 AT 2023,2023,Xe đã dùng,Lắp ráp trong nước,Dầu,Bán tải / Pickup,Ford,648000000,2,61000
BMW 5 Series 520i Luxury 2020,2020,Xe đã dùng,Nhập khẩu,Xăng,Sedan,BMW,1399000000,5,48888
Ford Everest Platinum 2.0L 4x4 AT 2025,2025,Xe mới,Nhập khẩu,Dầu,SUV,Ford,1545000000,0,0
Kia Carnival Luxury 2.2D 2021,2021,Xe đã dùng,Lắp ráp trong nước,Dầu,Van/Minivan,Kia,979000000,4,79000
Porsche Macan GTS 2016,2016,Xe đã dùng,Nhập khẩu,Xăng,SUV,Porsche,1888000000,9,90000
Lexus LX 570 Super Sport 2018,2018,Xe đã dùng,Nhập khẩu,Xăng,SUV,Lexus,6250000000,7,70000
BMW 5 Series 520i Luxury 2021,2021,Xe đã dùng,Nhập khẩu,Xăng,Sedan,BMW,1330000000,4,40000
Kia Cerato 1.6 AT 2018,2018,Xe đã dùng,Lắp ráp trong nước,Xăng,Sedan,Kia,405000000,7,83000
BMW 5 Series 528i GT 2016,2016,Xe đã dùng,Nhập khẩu,Xăng,Sedan,BMW,1060000000,9,0
Mazda CX8 Premium 2023,2023,Xe đã dùng,Lắp ráp trong nước,Xăng,SUV,Mazda,930000000,2,40000
Hyundai Creta Cao cấp 1.5 AT 2022,2022,Xe đã dùng,Nhập khẩu,Xăng,Crossover,Hyundai,615000000,3,30000
Toyota Corolla Cross 1.8V 2025,2025,Xe mới,Nhập khẩu,Xăng,SUV,Toyota,754000000,0,0
BMW X3 xDrive20i M Sport 2025,2025,Xe mới,Lắp ráp trong nước,Xăng,SUV,BMW,2629000000,0,0
Mercedes Benz GLC 300 4Matic 2017,2017,Xe đã dùng,Lắp ráp trong nước,Xăng,SUV,Mercedes,990000000,8,96000
VinFast VF9 Eco 2025,2025,Xe mới,Lắp ráp trong nước,Điện,SUV,VinFast,1250000000,0,0
Kia Cerato 2.0 AT Premium 2019,2019,Xe đã dùng,Lắp ráp trong nước,Xăng,Sedan,Kia,469000000,6,61000
Hyundai Tucson 2.0 AT Tiêu chuẩn 2025,2025,Xe mới,Lắp ráp trong nước,Xăng,Crossover,Hyundai,730000000,0,0
Toyota Land Cruiser 3.5 V6 2025,2025,Xe mới,Nhập khẩu,Xăng,SUV,Toyota,4580000000,0,0
Ford Ranger XLS 2.2L 4x2 AT 2019,2019,Xe đã dùng,Nhập khẩu,Dầu,Bán tải / Pickup,Ford,525000000,6,80000
Ford Transit Premium 2025,2025,Xe mới,Lắp ráp trong nước,Dầu,Van/Minivan,Ford,889000000,0,0
Ford Ranger Wildtrak 2.0L 4x4 AT 2025,2025,Xe mới,Lắp ráp trong nước,Dầu,Bán tải / Pickup,Ford,840000000,0,0
BMW 3 Series 320i M Sport 2023,2023,Xe đã dùng,Lắp ráp trong nước,Xăng,Sedan,BMW,1286000000,2,39000
VinFast VF5 Plus 2024,2024,Xe mới,Lắp ráp trong nước,Điện,SUV,VinFast,513000000,1,0
Mercedes Benz C class C250 Exclusive 2016,2016,Xe đã dùng,Lắp ráp trong nước,Xăng,Sedan,Mercedes,699000000,9,89600
Lexus RX 350h Premium 2025,2025,Xe mới,Nhập khẩu,Hybrid,SUV,Lexus,3500000000,0,0
VinFast Fadil 1.4 AT Plus 2021,2021,Xe đã dùng,Lắp ráp trong nước,Xăng,Hatchback,VinFast,325000000,4,50000
Mini Cooper S Convertible 2019,2019,Xe đã dùng,Nhập khẩu,Xăng,Convertible/Cabriolet,Mini,1439000000,6,0
Kia Seltos Luxury 1.4 AT 2021,2021,Xe đã dùng,Lắp ráp trong nước,Xăng,Crossover,Kia,579000000,4,50000
Ford Territory Titanium 1.5 AT 2025,2025,Xe mới,Lắp ráp trong nước,Xăng,SUV,Ford,745000000,0,0
Honda HRV RS 2023,2023,Xe đã dùng,Nhập khẩu,Xăng,Crossover,Honda,769000000,2,4500
Mercedes Benz GLS 450 4Matic 2021,2021,Xe đã dùng,Nhập khẩu,Xăng,SUV,Mercedes,3880000000,4,55000
Mazda 3 1.5L Luxury 2020,2020,Xe đã dùng,Lắp ráp trong nước,Xăng,Sedan,Mazda,525000000,5,60000
Mitsubishi Pajero Sport G 4x4 AT 2015,2015,Xe đã dùng,Lắp ráp trong nước,Xăng,SUV,Mitsubishi,425000000,10,0
Ford Ranger Wildtrak 3.2L 4x4 AT 2017,2017,Xe đã dùng,Nhập khẩu,Dầu,Bán tải / Pickup,Ford,535000000,8,90000
BMW 1 Series 116i 2014,2014,Xe đã dùng,Nhập khẩu,Xăng,Hatchback,BMW,389000000,11,87000
Mazda CX5 2.0 AT 2015,2015,Xe đã dùng,Lắp ráp trong nước,Xăng,SUV,Mazda,450000000,10,85000
Suzuki XL7 1.5 AT 2020,2020,Xe đã dùng,Nhập khẩu,Xăng,SUV,Suzuki,455000000,5,62000
Ford EcoSport Titanium 1.5L AT 2020,2020,Xe đã dùng,Lắp ráp trong nước,Xăng,SUV,Ford,435000000,5,0
Mercedes Benz C class C300 AMG 2022,2022,Xe đã dùng,Lắp ráp trong nước,Xăng,Sedan,Mercedes,1679000000,3,21000
Audi A6 45 TFSI 2023,2023,Xe đã dùng,Nhập khẩu,Xăng,Sedan,Audi,1975000000,2,9000
BMW 3 Series 320i 2018,2018,Xe đã dùng,Nhập khẩu,Xăng,Sedan,BMW,768000000,7,0
Ford Ranger XLS 2.2L 4x2 AT 2020,2020,Xe đã dùng,Nhập khẩu,Dầu,Bán tải / Pickup,Ford,550000000,5,0
Hyundai i10 Grand 1.2 AT 2018,2018,Xe đã dùng,Lắp ráp trong nước,Xăng,Hatchback,Hyundai,310000000,7,50000
Toyota Camry 2.5G 2015,2015,Xe đã dùng,Lắp ráp trong nước,Xăng,Sedan,Toyota,525000000,10,105000
Hyundai Accent 1.4 AT 2022,2022,Xe đã dùng,Lắp ráp trong nước,Xăng,Sedan,Hyundai,429000000,3,17000
Lexus RX 300 2020,2020,Xe đã dùng,Nhập khẩu,Xăng,SUV,Lexus,2550000000,5,100000
Mercedes Benz GLC 200 4Matic 2021,2021,Xe đã dùng,Lắp ráp trong nước,Xăng,SUV,Mercedes,1450000000,4,45000
Ford Ranger Wildtrak 2.0L 4x4 AT 2025,2025,Xe mới,Lắp ráp trong nước,Dầu,Bán tải / Pickup,Ford,839000000,0,0
Mazda CX5 2.5 Signature Premium AWD I-Activ 2020,2020,Xe đã dùng,Lắp ráp trong nước,Xăng,SUV,Mazda,720000000,5,60000
BMW 3 Series 330i M Sport 2023,2023,Xe đã dùng,Lắp ráp trong nước,Xăng,Sedan,BMW,1769000000,2,17000
Isuzu MU-X Prestige 1.9 4X2 AT 2025,2025,Xe mới,Nhập khẩu,Dầu,SUV,Isuzu,1078000000,0,0
Mazda 6 2.0L Premium 2017,2017,Xe đã dùng,Lắp ráp trong nước,Xăng,Sedan,Mazda,510000000,8,80000
BMW X4 xDrive20i M Sport 2025,2025,Xe mới,Nhập khẩu,Xăng,SUV,BMW,2850000000,0,0
Ford Ranger XLS 2.2L 4x2 AT 2017,2017,Xe đã dùng,Nhập khẩu,Dầu,Bán tải / Pickup,Ford,444000000,8,120000
Kia Sedona 3.3L GATH 2018,2018,Xe đã dùng,Lắp ráp trong nước,Xăng,Van/Minivan,Kia,618000000,7,69000
Mercedes Benz Maybach S600 2015,2015,Xe đã dùng,Nhập khẩu,Xăng,Sedan,Mercedes,3500000000,10,53000
VinFast Lux SA 2.0 Premium 2.0 AT 2019,2019,Xe đã dùng,Lắp ráp trong nước,Xăng,SUV,VinFast,699000000,6,74000
Toyota Fortuner 2.4G 4x2 MT 2019,2019,Xe đã dùng,Nhập khẩu,Dầu,SUV,Toyota,730000000,6,108000
Kia Seltos 1.5 AT 2025,2025,Xe mới,Lắp ráp trong nước,Xăng,Crossover,Kia,579000000,0,0
Hyundai i10 Grand 1.2 AT 2019,2019,Xe đã dùng,Lắp ráp trong nước,Xăng,Hatchback,Hyundai,318000000,6,50000
Mazda 3 1.5L Luxury 2021,2021,Xe đã dùng,Lắp ráp trong nước,Xăng,Sedan,Mazda,535000000,4,40000
Suzuki Swift GLX 1.2 AT 2019,2019,Xe đã dùng,Nhập khẩu,Xăng,Hatchback,Suzuki,399000000,6,56000
Audi Q5 2.0 AT 2018,2018,Xe đã dùng,Nhập khẩu,Xăng,SUV,Audi,1298000000,7,60000
Mazda 3 1.5L Luxury 2022,2022,Xe đã dùng,Lắp ráp trong nước,Xăng,Sedan,Mazda,559000000,3,61000
Kia Morning Van 1.0 AT 2010,2010,Xe đã dùng,Nhập khẩu,Xăng,Van/Minivan,Kia,115000000,15,129000
Lexus RX 350 Luxury 2023,2023,Xe đã dùng,Nhập khẩu,Xăng,SUV,Lexus,4190000000,2,10555
Lexus LM 350 2022,2022,Xe đã dùng,Nhập khẩu,Xăng,Van/Minivan,Lexus,5900000000,3,12000
Mercedes Benz C class C300 AMG 2019,2019,Xe đã dùng,Lắp ráp trong nước,Xăng,Sedan,Mercedes,985000000,6,80000
Bentley Flying Spur W12 S 2016,2016,Xe đã dùng,Nhập khẩu,Xăng,Sedan,Bentley,5999000000,9,80000
Mitsubishi Outlander 2.0 CVT 2021,2021,Xe đã dùng,Lắp ráp trong nước,Xăng,SUV,Mitsubishi,679000000,4,22000
Ford Ranger XLS 2.2L 4x2 AT 2018,2018,Xe đã dùng,Nhập khẩu,Dầu,Bán tải / Pickup,Ford,438000000,7,85000
Kia K3 2.0 AT 2016,2016,Xe đã dùng,Lắp ráp trong nước,Xăng,Sedan,Kia,359000000,9,83000
VinFast Fadil 1.4 AT Plus 2021,2021,Xe đã dùng,Lắp ráp trong nước,Xăng,Hatchback,VinFast,325000000,4,45000
Toyota IQ 1.0 AT 2009,2009,Xe đã dùng,Nhập khẩu,Xăng,Hatchback,Toyota,459000000,16,32000
Hyundai Kona 1.6 Turbo 2018,2018,Xe đã dùng,Lắp ráp trong nước,Xăng,Crossover,Hyundai,445000000,7,90000
Toyota Land Cruiser 3.5 V6 2024,2024,Xe đã dùng,Nhập khẩu,Xăng,SUV,Toyota,5599000000,1,8888
Suzuki Super Carry Van Blind Van 2011,2011,Xe đã dùng,Lắp ráp trong nước,Xăng,Van/Minivan,Suzuki,80000000,14,268578
Mercedes Benz S class S450L Luxury 2020,2020,Xe đã dùng,Lắp ráp trong nước,Xăng,Sedan,Mercedes,2790000000,5,40000
VinFast VF3 Plus 2025,2025,Xe đã dùng,Lắp ráp trong nước,Điện,Hatchback,VinFast,245000000,0,2000
Lexus NX 200t 2015,2015,Xe đã dùng,Nhập khẩu,Xăng,SUV,Lexus,990000000,10,157715
VinFast VF5 Plus 2025,2025,Xe đã dùng,Lắp ráp trong nước,Điện,SUV,VinFast,465000000,0,20000
Chevrolet Cruze LT 1.6L 2017,2017,Xe đã dùng,Lắp ráp trong nước,Xăng,Sedan,Chevrolet,250000000,8,75000
Toyota Land Cruiser 3.5 V6 2025,2025,Xe mới,Nhập khẩu,Xăng,SUV,Toyota,4580000000,0,0
Lexus ES 250 2019,2019,Xe đã dùng,Nhập khẩu,Xăng,Sedan,Lexus,1690000000,6,45107
Ford Everest Titanium 2.0L 4x2 AT 2019,2019,Xe đã dùng,Nhập khẩu,Dầu,SUV,Ford,768000000,6,80000
Hyundai SantaFe 2.2L 4WD 2017,2017,Xe đã dùng,Lắp ráp trong nước,Dầu,SUV,Hyundai,685000000,8,105000
Kia Carnival Signature 3.5G 2021,2021,Xe đã dùng,Lắp ráp trong nước,Xăng,Van/Minivan,Kia,1190000000,4,60000
Ford Territory Trend 1.5 AT 2025,2025,Xe mới,Lắp ráp trong nước,Xăng,SUV,Ford,689000000,0,0
Lexus LX 600 F-Sport 2023,2023,Xe mới,Nhập khẩu,Xăng,SUV,Lexus,8950000000,2,0
Mercedes Benz GLS 450 4Matic 2022,2022,Xe đã dùng,Nhập khẩu,Xăng,SUV,Mercedes,4278000000,3,32000
Hyundai SantaFe Cao cấp 2.2L HTRAC 2022,2022,Xe đã dùng,Lắp ráp trong nước,Dầu,SUV,Hyundai,1150000000,3,48000
Audi Q7 2.0 AT 2017,2017,Xe đã dùng,Nhập khẩu,Xăng,SUV,Audi,1380000000,8,60000
Hyundai Tucson 1.6 AT Turbo HTRAC Đặc biệt 2025,2025,Xe mới,Lắp ráp trong nước,Xăng,Crossover,Hyundai,935000000,0,0
Chevrolet Spark LT 1.2 MT 2018,2018,Xe đã dùng,Lắp ráp trong nước,Xăng,Hatchback,Chevrolet,148000000,7,126000
VinFast VF3 Plus 2025,2025,Xe mới,Lắp ráp trong nước,Điện,Hatchback,VinFast,286000000,0,0
Lexus RX 300 2021,2021,Xe đã dùng,Nhập khẩu,Xăng,SUV,Lexus,2895000000,4,70000
Hyundai Accent Cao cấp 1.5 AT 2024,2024,Xe đã dùng,Lắp ráp trong nước,Xăng,Sedan,Hyundai,525000000,1,2555
Toyota Camry 2.5Q 2015,2015,Xe đã dùng,Lắp ráp trong nước,Xăng,Sedan,Toyota,590000000,10,68000
Mazda BT50 Luxury 2.2L 4x2 AT 2020,2020,Xe đã dùng,Nhập khẩu,Dầu,Bán tải / Pickup,Mazda,505000000,5,40000
VinFast VF7 Plus 2025,2025,Xe mới,Lắp ráp trong nước,Điện,SUV,VinFast,893000000,0,0
Ford Ranger Raptor 2.0L 4x4 AT 2025,2025,Xe mới,Nhập khẩu,Dầu,Bán tải / Pickup,Ford,1299000000,0,0
Mercedes Benz S class S450 4Matic 2024,2024,Xe đã dùng,Nhập khẩu,Xăng,Sedan,Mercedes,4679000000,1,0
Toyota Corolla XLi 1.6 AT 2009,2009,Xe đã dùng,Nhập khẩu,Xăng,Sedan,Toyota,285000000,16,120000
Hyundai SantaFe Cao cấp 2.5L HTRAC 2021,2021,Xe đã dùng,Lắp ráp trong nước,Xăng,SUV,Hyundai,1015000000,4,52000
VinFast VF3 Plus 2024,2024,Xe đã dùng,Lắp ráp trong nước,Điện,Hatchback,VinFast,239000000,1,13658
Toyota Corolla Cross 1.8HEV 2024,2024,Xe đã dùng,Nhập khẩu,Hybrid,SUV,Toyota,895000000,1,20000
Ford Everest Titanium Plus 2.0L 4x4 AT 2024,2024,Xe đã dùng,Nhập khẩu,Dầu,SUV,Ford,1485000000,1,5500
BMW X3 xDrive30i M Sport 2023,2023,Xe đã dùng,Lắp ráp trong nước,Xăng,SUV,BMW,1999000000,2,9000
Toyota Innova 2.0G 2017,2017,Xe đã dùng,Lắp ráp trong nước,Xăng,Crossover,Toyota,479000000,8,80000
Toyota Fortuner Legender 2.8L 4x4 AT 2025,2025,Xe mới,Lắp ráp trong nước,Dầu,SUV,Toyota,1280000000,0,0
Ford Everest Sport 2.0L 4x2 AT 2025,2025,Xe mới,Nhập khẩu,Dầu,SUV,Ford,1079000000,0,0
Kia Cerato 2.0 AT Premium 2020,2020,Xe đã dùng,Lắp ráp trong nước,Xăng,Sedan,Kia,495000000,5,64000
BMW 5 Series 520i Premium 2025,2025,Xe mới,Lắp ráp trong nước,Xăng,Sedan,BMW,2579000000,0,0
Porsche 718 Boxster 2.0 AT 2018,2018,Xe đã dùng,Nhập khẩu,Xăng,Convertible/Cabriolet,Porsche,3699000000,7,9500
Mitsubishi Outlander 2.0 CVT 2021,2021,Xe đã dùng,Lắp ráp trong nước,Xăng,SUV,Mitsubishi,645000000,4,0
Mercedes Benz S class S400L 2015,2015,Xe đã dùng,Lắp ráp trong nước,Xăng,Sedan,Mercedes,1140000000,10,0
Hyundai SantaFe 2.4L 4WD 2017,2017,Xe đã dùng,Lắp ráp trong nước,Xăng,SUV,Hyundai,599000000,8,80000
VinFast Fadil Nâng cao 1.4 AT 2022,2022,Xe đã dùng,Lắp ráp trong nước,Xăng,Hatchback,VinFast,315000000,3,28368
Lexus RX 350 2018,2018,Xe đã dùng,Nhập khẩu,Xăng,SUV,Lexus,2690000000,7,85000
Hyundai Grand Starex Van 2.4 MT 2015,2015,Xe đã dùng,Nhập khẩu,Xăng,Van/Minivan,Hyundai,385000000,10,110000
Honda CRV L 2025,2025,Xe mới,Lắp ráp trong nước,Xăng,SUV,Honda,1033000000,0,0
Mitsubishi Outlander 2.0 CVT 2021,2021,Xe đã dùng,Lắp ráp trong nước,Xăng,SUV,Mitsubishi,635000000,4,58000
Mercedes Benz C class C300 AMG 2022,2022,Xe đã dùng,Lắp ráp trong nước,Xăng,Sedan,Mercedes,1759000000,3,27000
Skoda Kodiaq Ambition 1.4 AT 2024,2024,Xe mới,Nhập khẩu,Xăng,SUV,Skoda,1169000000,1,0
Lamborghini Urus 4.0 V8 2022,2022,Xe đã dùng,Nhập khẩu,Xăng,SUV,Lamborghini,15000000000,3,12345
Toyota Vios G 1.5 CVT 2023,2023,Xe đã dùng,Lắp ráp trong nước,Xăng,Sedan,Toyota,490000000,2,47000
Mazda 6 Premium 2.0 AT 2023,2023,Xe đã dùng,Lắp ráp trong nước,Xăng,Sedan,Mazda,750000000,2,10000
Ford EcoSport Titanium 1.5L AT 2019,2019,Xe đã dùng,Lắp ráp trong nước,Xăng,SUV,Ford,418000000,6,76000
VinFast VF5 Plus 2025,2025,Xe đã dùng,Lắp ráp trong nước,Điện,SUV,VinFast,459000000,0,9000
Toyota Land Cruiser VX 4.6 V8 2014,2014,Xe đã dùng,Nhập khẩu,Xăng,SUV,Toyota,1790000000,11,140000
Toyota Camry 2.0Q 2021,2021,Xe đã dùng,Nhập khẩu,Xăng,Sedan,Toyota,938000000,4,57000
Mazda 2 1.5 AT 2025,2025,Xe mới,Nhập khẩu,Xăng,Sedan,Mazda,403000000,0,0
Ford EcoSport Trend 1.5L AT 2015,2015,Xe đã dùng,Lắp ráp trong nước,Xăng,SUV,Ford,255000000,10,110000
Mazda CX5 2.5 AT 2WD 2017,2017,Xe đã dùng,Lắp ráp trong nước,Xăng,SUV,Mazda,515000000,8,96689
Mercedes Benz S class S400L 2017,2017,Xe đã dùng,Lắp ráp trong nước,Xăng,Sedan,Mercedes,1750000000,8,60000
Ford Territory Titanium X 1.5 AT 2025,2025,Xe mới,Lắp ráp trong nước,Xăng,SUV,Ford,800000000,0,0
Kia K3 Premium 2.0 AT 2022,2022,Xe đã dùng,Lắp ráp trong nước,Xăng,Sedan,Kia,540000000,3,36000
MG ZS Standard 1.5 AT 2WD 2022,2022,Xe đã dùng,Nhập khẩu,Xăng,Crossover,MG,420000000,3,65000
Kia Sonet Deluxe 1.5 AT 2024,2024,Xe đã dùng,Lắp ráp trong nước,Xăng,SUV,Kia,525000000,1,11000
Mazda 2 1.5 AT 2020,2020,Xe đã dùng,Nhập khẩu,Xăng,Sedan,Mazda,380000000,5,64000
Hyundai Tucson 2.0 AT Đặc biệt 2021,2021,Xe đã dùng,Lắp ráp trong nước,Xăng,Crossover,Hyundai,755000000,4,75000
Toyota Hilux 2.4L 4x2 AT 2025,2025,Xe mới,Nhập khẩu,Dầu,Bán tải / Pickup,Toyota,679000000,0,0
LandRover Range Rover Autobiography LWB 3.0 I6 AWD 2025,2025,Xe mới,Nhập khẩu,Xăng,SUV,LandRover,13219000000,0,0
Mercedes Benz R class R350 2008,2008,Xe đã dùng,Nhập khẩu,Xăng,Crossover,Mercedes,259000000,17,0
Toyota Vios E CVT 2022,2022,Xe đã dùng,Lắp ráp trong nước,Xăng,Sedan,Toyota,415000000,3,55000
Toyota Corolla Cross 1.8V 2021,2021,Xe đã dùng,Nhập khẩu,Xăng,SUV,Toyota,725000000,4,36000
Nissan Almera VL 1.0 CVT Cao cấp 2021,2021,Xe đã dùng,Nhập khẩu,Xăng,Sedan,Nissan,420000000,4,70000
Mercedes Benz GLC 300 4Matic 2023,2023,Xe đã dùng,Lắp ráp trong nước,Xăng,SUV,Mercedes,2388000000,2,15000
BMW X4 xDrive20i M Sport 2020,2020,Xe đã dùng,Nhập khẩu,Xăng,SUV,BMW,1979000000,5,42000
Toyota Vios 1.5G 2019,2019,Xe đã dùng,Lắp ráp trong nước,Xăng,Sedan,Toyota,395000000,6,87000
Nissan Navara EL A-IVI 2.5 AT 2WD 2020,2020,Xe đã dùng,Nhập khẩu,Dầu,Bán tải / Pickup,Nissan,479000000,5,83000
Toyota Camry 2.0E 2009,2009,Xe đã dùng,Nhập khẩu,Xăng,Sedan,Toyota,330000000,16,109000
Toyota Yaris 1.3 AT 2007,2007,Xe đã dùng,Nhập khẩu,Xăng,Hatchback,Toyota,199000000,18,130000
Kia Sonet Premium 1.5 AT 2022,2022,Xe đã dùng,Lắp ráp trong nước,Xăng,Crossover,Kia,560000000,3,41000
Mercedes Benz C class C200 Avantgarde 2025,2025,Xe mới,Lắp ráp trong nước,Xăng,Sedan,Mercedes,1535000000,0,0
Ford Everest Titanium 2.0L 4x2 AT 2019,2019,Xe đã dùng,Nhập khẩu,Dầu,SUV,Ford,845000000,6,65000
Hyundai Tucson 2.0 AT CRDi Đặc biệt 2023,2023,Xe đã dùng,Lắp ráp trong nước,Dầu,Crossover,Hyundai,879000000,2,27000
Chevrolet Spark Lite Van 0.8 MT 2013,2013,Xe đã dùng,Lắp ráp trong nước,Xăng,Van/Minivan,Chevrolet,68000000,12,95000
Ford EcoSport Titanium 1.5 AT 2020,2020,Xe đã dùng,Lắp ráp trong nước,Xăng,SUV,Ford,420000000,5,48000
Mazda 3 2.0 AT 2016,2016,Xe đã dùng,Lắp ráp trong nước,Xăng,Sedan,Mazda,379000000,9,989898
Toyota Vios 1.5E CVT 2019,2019,Xe đã dùng,Lắp ráp trong nước,Xăng,Sedan,Toyota,379000000,6,55000
Peugeot 3008 AL 2021,2021,Xe đã dùng,Lắp ráp trong nước,Xăng,Crossover,Peugeot,700000000,4,20000
Ford Ranger XLS 2.2L 4x2 AT 2018,2018,Xe đã dùng,Nhập khẩu,Dầu,Bán tải / Pickup,Ford,495000000,7,110000
Ford Everest Titanium Plus 2.0L 4x4 AT 2024,2024,Xe đã dùng,Nhập khẩu,Dầu,SUV,Ford,1390000000,1,25000
Mercedes Benz E class E400 AMG Cabriolet 2015,2015,Xe đã dùng,Nhập khẩu,Xăng,Convertible/Cabriolet,Mercedes,1450000000,10,0
Hyundai Stargazer X Cao cấp 1.5 AT 2025,2025,Xe mới,Nhập khẩu,Xăng,Van/Minivan,Hyundai,566000000,0,0
Toyota Corolla altis 1.8G AT 2019,2019,Xe đã dùng,Lắp ráp trong nước,Xăng,Sedan,Toyota,560000000,6,54000
Mazda CX5 Premium Exclusive 2.0 AT 2025,2025,Xe mới,Lắp ráp trong nước,Xăng,SUV,Mazda,839000000,0,0
Kia Morning VAN 1.0 AT 2011,2011,Xe đã dùng,Nhập khẩu,Xăng,Van/Minivan,Kia,145000000,14,90000
Toyota Raize G 1.0 CVT 2023,2023,Xe đã dùng,Nhập khẩu,Xăng,SUV,Toyota,505000000,2,39000
Ford Ranger Stormtrak 2.0L 4x4 AT 2025,2025,Xe mới,Nhập khẩu,Dầu,Bán tải / Pickup,Ford,957000000,0,0
Hyundai i10 1.2 AT 2025,2025,Xe mới,Lắp ráp trong nước,Xăng,Hatchback,Hyundai,425000000,0,0
Volkswagen Teramont X Platinum 2.0 AT 2024,2024,Xe đã dùng,Nhập khẩu,Xăng,SUV,Volkswagen,2090000000,1,1000
Ford Transit Tiêu chuẩn 2024,2024,Xe đã dùng,Lắp ráp trong nước,Dầu,Van/Minivan,Ford,718000000,1,33000
Mercedes Benz C class C200 Exclusive 2021,2021,Xe đã dùng,Lắp ráp trong nước,Xăng,Sedan,Mercedes,1589000000,4,36000
Kia Carnival Signature 3.5G 2024,2024,Xe mới,Lắp ráp trong nước,Xăng,Van/Minivan,Kia,1549000000,1,0
Ford Ranger Wildtrak 2.0L 4x4 AT 2022,2022,Xe đã dùng,Lắp ráp trong nước,Dầu,Bán tải / Pickup,Ford,828000000,3,31000
Mercedes Benz GLS 400 4Matic 2017,2017,Xe đã dùng,Nhập khẩu,Xăng,SUV,Mercedes,1750000000,8,68000
VinFast VF3 Plus 2025,2025,Xe mới,Lắp ráp trong nước,Điện,Hatchback,VinFast,299000000,0,0
Mercedes Benz GLC 300 4Matic 2024,2024,Xe đã dùng,Lắp ráp trong nước,Xăng,SUV,Mercedes,2398000000,1,12000
Toyota Fortuner 2.4L 4x2 AT 2022,2022,Xe đã dùng,Lắp ráp trong nước,Dầu,SUV,Toyota,886000000,3,69000
BMW i8 1.5L Hybrid 2015,2015,Xe đã dùng,Nhập khẩu,Hybrid,Coupe,BMW,2059000000,10,32000
VinFast VF3 Plus 2024,2024,Xe mới,Lắp ráp trong nước,Điện,Hatchback,VinFast,266000000,1,0
Ford Everest Titanium Plus 2.0L 4x4 AT 2022,2022,Xe đã dùng,Nhập khẩu,Dầu,SUV,Ford,1245000000,3,93000
Hyundai Elantra 2.0 AT 2017,2017,Xe đã dùng,Lắp ráp trong nước,Xăng,Sedan,Hyundai,375000000,8,120000
Hyundai Accent 1.4 AT Đặc Biệt 2021,2021,Xe đã dùng,Lắp ráp trong nước,Xăng,Sedan,Hyundai,442000000,4,40000
Ford Ranger Wildtrak 2.0L 4x4 AT 2025,2025,Xe mới,Lắp ráp trong nước,Dầu,Bán tải / Pickup,Ford,845000000,0,0
BMW 5 Series 528i GT 2017,2017,Xe đã dùng,Nhập khẩu,Xăng,Sedan,BMW,779000000,8,62000
Porsche Macan 2.0 2021,2021,Xe đã dùng,Nhập khẩu,Xăng,SUV,Porsche,3199000000,4,45000
Toyota Land Cruiser 3.5 V6 2025,2025,Xe mới,Nhập khẩu,Xăng,SUV,Toyota,4580000000,0,0
Ford Everest 2.5L 4x2 AT 2014,2014,Xe đã dùng,Lắp ráp trong nước,Dầu,SUV,Ford,405000000,11,152100
Hyundai SantaFe Cao cấp 2.5L HTRAC 2021,2021,Xe đã dùng,Lắp ráp trong nước,Xăng,SUV,Hyundai,1015000000,4,27000
Audi Q5 2.0 AT 2017,2017,Xe đã dùng,Nhập khẩu,Xăng,SUV,Audi,999000000,8,82000
VinFast Lux A 2.0 Premium 2.0 AT 2019,2019,Xe đã dùng,Lắp ráp trong nước,Xăng,Sedan,VinFast,495000000,6,110000
Toyota Camry 2.0G 2021,2021,Xe đã dùng,Nhập khẩu,Xăng,Sedan,Toyota,779000000,4,69000
Toyota Yaris 1.5G 2019,2019,Xe đã dùng,Nhập khẩu,Xăng,Hatchback,Toyota,465000000,6,70000
Toyota Prado VX 2.7L 2021,2021,Xe đã dùng,Nhập khẩu,Xăng,SUV,Toyota,2199000000,4,55000
VinFast Lux A 2.0 Plus 2.0 AT 2019,2019,Xe đã dùng,Lắp ráp trong nước,Xăng,Sedan,VinFast,490000000,6,0
Hyundai SantaFe Cao cấp 2.5L HTRAC 2022,2022,Xe đã dùng,Lắp ráp trong nước,Xăng,SUV,Hyundai,1030000000,3,60000
Toyota Highlander 2.7 2009,2009,Xe đã dùng,Nhập khẩu,Xăng,SUV,Toyota,425000000,16,160000
Hyundai Tucson 2.0 AT Đặc biệt 2024,2024,Xe mới,Lắp ráp trong nước,Xăng,Crossover,Hyundai,819000000,1,0
BMW 7 Series 740Li 2018,2018,Xe đã dùng,Nhập khẩu,Xăng,Sedan,BMW,2350000000,7,0
Mitsubishi Pajero Sport 3.0G 4x4 AT Premium 2018,2018,Xe đã dùng,Nhập khẩu,Xăng,SUV,Mitsubishi,650000000,7,900000
Ford Everest Titanium Plus 2.0L 4x4 AT 2025,2025,Xe mới,Nhập khẩu,Dầu,SUV,Ford,1418000000,0,0
Toyota Fortuner 2.8V 4x4 AT 2018,2018,Xe đã dùng,Nhập khẩu,Dầu,SUV,Toyota,815000000,7,93000
Mitsubishi L300 Van 2.0 MT 2006,2006,Xe đã dùng,Nhập khẩu,Dầu,Van/Minivan,Mitsubishi,32000000,19,0
Toyota Land Cruiser 3.5 V6 2025,2025,Xe mới,Nhập khẩu,Xăng,SUV,Toyota,4286000000,0,0
Toyota Raize G 1.0 CVT 2023,2023,Xe đã dùng,Nhập khẩu,Xăng,SUV,Toyota,499000000,2,18695
Toyota Yaris 1.5G 2019,2019,Xe đã dùng,Nhập khẩu,Xăng,Hatchback,Toyota,486000000,6,60000
Mercedes Benz GLE Class GLE 450 4Matic 2022,2022,Xe đã dùng,Nhập khẩu,Xăng,SUV,Mercedes,3889000000,3,0
Kia Sorento 2.2 DAT Premium 2020,2020,Xe đã dùng,Lắp ráp trong nước,Dầu,SUV,Kia,660000000,5,120000
Honda City 1.5 AT 2017,2017,Xe đã dùng,Lắp ráp trong nước,Xăng,Sedan,Honda,355000000,8,54000
Chevrolet Colorado High Country 2.8L 4x4 AT 2018,2018,Xe đã dùng,Nhập khẩu,Dầu,Bán tải / Pickup,Chevrolet,449000000,7,110000
Hyundai Accent 1.4 ATH 2019,2019,Xe đã dùng,Lắp ráp trong nước,Xăng,Sedan,Hyundai,415000000,6,58000
Mitsubishi Xpander 1.5 AT 2021,2021,Xe đã dùng,Nhập khẩu,Xăng,SUV,Mitsubishi,499000000,4,68000
Audi A5 Sportback 2.0 2017,2017,Xe đã dùng,Nhập khẩu,Xăng,Sedan,Audi,1160000000,8,0
Ford Everest Titanium 2.0L 4x4 AT 2019,2019,Xe đã dùng,Nhập khẩu,Dầu,SUV,Ford,828000000,6,90000
Mazda 3 1.5L Luxury 2019,2019,Xe đã dùng,Lắp ráp trong nước,Xăng,Sedan,Mazda,455000000,6,75000
Mercedes Benz Maybach S450 4Matic 2019,2019,Xe đã dùng,Nhập khẩu,Xăng,Sedan,Mercedes,3860000000,6,63000
LandRover Range Rover Autobiography LWB Black Edition 2015,2015,Xe đã dùng,Nhập khẩu,Xăng,SUV,LandRover,3839000000,10,55000
Toyota Raize G 1.0 CVT 2021,2021,Xe đã dùng,Nhập khẩu,Xăng,SUV,Toyota,460000000,4,69000
Hyundai i10 1.2 AT 2025,2025,Xe mới,Lắp ráp trong nước,Xăng,Hatchback,Hyundai,420000000,0,0
Toyota Venza 3.5 AWD 2009,2009,Xe đã dùng,Nhập khẩu,Xăng,Crossover,Toyota,400000000,16,68000
Lexus LM 300h Royal Lounge 2020,2020,Xe đã dùng,Nhập khẩu,Hybrid,Van/Minivan,Lexus,4950000000,5,0
LandRover Defender 110 X Dynamic P300 2.0 AT 2022,2022,Xe đã dùng,Nhập khẩu,Xăng,SUV,LandRover,4299000000,3,50000
VinFast VF8 Eco 2024,2024,Xe đã dùng,Lắp ráp trong nước,Điện,SUV,VinFast,830000000,1,19000
Lexus LX 570 Super Sport 2018,2018,Xe đã dùng,Nhập khẩu,Xăng,SUV,Lexus,6480000000,7,0
Volvo XC90 T6 Inscription 2018,2018,Xe đã dùng,Nhập khẩu,Xăng,SUV,Volvo,1750000000,7,160000
Honda HRV G 2025,2025,Xe mới,Nhập khẩu,Xăng,Crossover,Honda,656000000,0,0
VinFast Lux A 2.0 Cao cấp 2022,2022,Xe đã dùng,Lắp ráp trong nước,Xăng,Sedan,VinFast,660000000,3,30000
Ford Ranger Wildtrak 2.0L 4x4 AT 2020,2020,Xe đã dùng,Nhập khẩu,Dầu,Bán tải / Pickup,Ford,675000000,5,70000
Mercedes Benz S class S450 2021,2021,Xe đã dùng,Nhập khẩu,Xăng,Sedan,Mercedes,3895000000,4,40000
Cadillac SRX 3.0 V6 2010,2010,Xe đã dùng,Nhập khẩu,Xăng,Crossover,Cadillac,395000000,15,0
Mazda 3 Luxury 2020,2020,Xe đã dùng,Lắp ráp trong nước,Xăng,Sedan,Mazda,476000000,5,1
Toyota Rush 1.5S AT 2020,2020,Xe đã dùng,Nhập khẩu,Xăng,SUV,Toyota,495000000,5,50000
Hyundai Elantra Sport 1.6 AT 2018,2018,Xe đã dùng,Lắp ráp trong nước,Xăng,Sedan,Hyundai,489000000,7,66000
Ford Territory Titanium X 1.5 AT 2023,2023,Xe đã dùng,Lắp ráp trong nước,Xăng,SUV,Ford,775000000,2,65000
LandRover Range Rover HSE 3.0 2014,2014,Xe đã dùng,Nhập khẩu,Xăng,SUV,LandRover,2150000000,11,80000
VinFast Lux A 2.0 2.0 AT 2021,2021,Xe đã dùng,Lắp ráp trong nước,Xăng,Sedan,VinFast,555000000,4,40000
Mercedes Benz S class S450L 2017,2017,Xe đã dùng,Lắp ráp trong nước,Xăng,Sedan,Mercedes,1950000000,8,40000
Mercedes Benz GLC 200 2021,2021,Xe đã dùng,Lắp ráp trong nước,Xăng,SUV,Mercedes,1290000000,4,50000
Lexus RX 300 2022,2022,Xe đã dùng,Nhập khẩu,Xăng,SUV,Lexus,2999000000,3,22000
Ford Ranger XLS 2.0L 4x2 AT 2025,2025,Xe mới,Lắp ráp trong nước,Dầu,Bán tải / Pickup,Ford,647000000,0,0
Ford Ranger XLS 2.0L 4x2 AT 2024,2024,Xe mới,Lắp ráp trong nước,Dầu,Bán tải / Pickup,Ford,707000000,1,0
Porsche Cayenne GTS 2008,2008,Xe đã dùng,Nhập khẩu,Xăng,SUV,Porsche,550000000,17,86000
Audi A4 1.8 TFSI 2017,2017,Xe đã dùng,Nhập khẩu,Xăng,Sedan,Audi,795000000,8,47000
Mercedes Benz GLC 300 4Matic 2021,2021,Xe đã dùng,Lắp ráp trong nước,Xăng,SUV,Mercedes,1699000000,4,77000
Kia Cerato 2.0 AT Premium 2020,2020,Xe đã dùng,Lắp ráp trong nước,Xăng,Sedan,Kia,485000000,5,50000
Mazda 3 1.5L Luxury 2023,2023,Xe đã dùng,Lắp ráp trong nước,Xăng,Sedan,Mazda,530000000,2,90000
Kia Cerato 1.6 AT Luxury 2021,2021,Xe đã dùng,Lắp ráp trong nước,Xăng,Sedan,Kia,490000000,4,50000
MG ZS Standard 1.5 AT 2WD 2025,2025,Xe mới,Nhập khẩu,Xăng,Crossover,MG,425000000,0,0
Mazda 3 Luxury 2020,2020,Xe đã dùng,Lắp ráp trong nước,Xăng,Sedan,Mazda,495000000,5,46000
Volkswagen Teramont Limited Edition 2.0 AT 2024,2024,Xe mới,Nhập khẩu,Xăng,SUV,Volkswagen,2138000000,1,0
Mini Cooper S 5 Door 2022,2022,Xe đã dùng,Nhập khẩu,Xăng,Hatchback,Mini,1480000000,3,48809
Lexus NX 300 2018,2018,Xe đã dùng,Nhập khẩu,Xăng,SUV,Lexus,1520000000,7,65000
Volkswagen Teramont X Platinum 2.0 AT 2024,2024,Xe mới,Nhập khẩu,Xăng,SUV,Volkswagen,2168000000,1,0
Mercedes Benz E class E250 AMG 2015,2015,Xe đã dùng,Lắp ráp trong nước,Xăng,Sedan,Mercedes,580000000,10,65000
Lexus LX 600 Urban 2025,2025,Xe mới,Nhập khẩu,Xăng,SUV,Lexus,8590000000,0,0
BYD Han EV 2024,2024,Xe mới,Nhập khẩu,Điện,Sedan,BYD,1489000000,1,0
Toyota Hilux 2.4G 4x4 MT 2019,2019,Xe đã dùng,Nhập khẩu,Dầu,Bán tải / Pickup,Toyota,595000000,6,120000
Ford Ranger XLS 2.2L 4x2 AT 2020,2020,Xe đã dùng,Nhập khẩu,Dầu,Bán tải / Pickup,Ford,545000000,5,75
Toyota Innova Cross 2.0 CVT 2025,2025,Xe mới,Nhập khẩu,Xăng,Crossover,Toyota,800000000,0,0
Mercedes Benz E class E200 2018,2018,Xe đã dùng,Lắp ráp trong nước,Xăng,Sedan,Mercedes,925000000,7,79000
Mazda CX5 2.5 AT AWD 2016,2016,Xe đã dùng,Lắp ráp trong nước,Xăng,SUV,Mazda,505000000,9,90000
Toyota Vios G 1.5 CVT 2025,2025,Xe mới,Lắp ráp trong nước,Xăng,Sedan,Toyota,495000000,0,0
Mazda 3 1.5L Sport Premium 2022,2022,Xe đã dùng,Lắp ráp trong nước,Xăng,Hatchback,Mazda,625000000,3,24000
Honda Accord 2.4 AT 2018,2018,Xe đã dùng,Nhập khẩu,Xăng,Sedan,Honda,655000000,7,90000
Ford Everest Titanium 2.0L 4x2 AT 2023,2023,Xe đã dùng,Nhập khẩu,Dầu,SUV,Ford,1235000000,2,19000
Hyundai Accent Cao cấp 1.5 AT 2024,2024,Xe đã dùng,Lắp ráp trong nước,Xăng,Sedan,Hyundai,530000000,1,2000
Mercedes Benz G class G63 AMG 2020,2020,Xe đã dùng,Nhập khẩu,Xăng,SUV,Mercedes,8300000000,5,64000
Mazda CX5 Deluxe 2.0 AT 2022,2022,Xe đã dùng,Lắp ráp trong nước,Xăng,SUV,Mazda,679000000,3,21000
LandRover Range Rover Autobiography LWB 5.0 2014,2014,Xe đã dùng,Nhập khẩu,Xăng,SUV,LandRover,2789000000,11,66000
Toyota Hilux 2.4L 4x2 AT 2025,2025,Xe mới,Nhập khẩu,Dầu,Bán tải / Pickup,Toyota,679000000,0,0
Hyundai Tucson 1.6 AT Turbo HTRAC Đặc biệt 2025,2025,Xe đã dùng,Lắp ráp trong nước,Xăng,Crossover,Hyundai,969000000,0,2800
Mercedes Benz Maybach S450 4Matic 2019,2019,Xe đã dùng,Nhập khẩu,Xăng,Sedan,Mercedes,3888000000,6,69000
Lexus RX 300 2021,2021,Xe đã dùng,Nhập khẩu,Xăng,SUV,Lexus,2850000000,4,70000
Mercedes Benz GLC 300 4Matic Coupe 2020,2020,Xe đã dùng,Nhập khẩu,Xăng,SUV,Mercedes,1799000000,5,0
BMW 7 Series 730Li M Sport 2020,2020,Xe đã dùng,Nhập khẩu,Xăng,Sedan,BMW,2550000000,5,51000
Mercedes Benz C class C300 AMG 2020,2020,Xe đã dùng,Lắp ráp trong nước,Xăng,Sedan,Mercedes,1190000000,5,22000
VinFast VF7 Plus 2025,2025,Xe mới,Lắp ráp trong nước,Điện,SUV,VinFast,949000000,0,0
Mercedes Benz GL 400 4Matic 2014,2014,Xe đã dùng,Nhập khẩu,Xăng,SUV,Mercedes,1850000000,11,120000
Toyota Corolla Cross 1.8HV 2021,2021,Xe đã dùng,Nhập khẩu,Hybrid,SUV,Toyota,760000000,4,68000
VinFast VF3 Plus 2025,2025,Xe mới,Lắp ráp trong nước,Điện,Hatchback,VinFast,220000000,0,0
VinFast Lux SA 2.0 Premium 2.0 AT 2019,2019,Xe đã dùng,Lắp ráp trong nước,Xăng,SUV,VinFast,620000000,6,105000
Nissan Navara EL Premium R 2019,2019,Xe đã dùng,Nhập khẩu,Dầu,Bán tải / Pickup,Nissan,465000000,6,100000
Kia Sonet Premium 1.5 AT 2023,2023,Xe đã dùng,Lắp ráp trong nước,Xăng,Crossover,Kia,565000000,2,9000
Mazda 3 S 1.6 AT 2013,2013,Xe đã dùng,Lắp ráp trong nước,Xăng,Sedan,Mazda,280000000,12,96000
Mercedes Benz GLC 300 4Matic 2022,2022,Xe đã dùng,Lắp ráp trong nước,Xăng,SUV,Mercedes,1888000000,3,32000
Ford Ranger XLS 2.0L 4x2 AT 2024,2024,Xe đã dùng,Lắp ráp trong nước,Dầu,Bán tải / Pickup,Ford,658000000,1,26000
Toyota Vios G 1.5 CVT 2022,2022,Xe đã dùng,Lắp ráp trong nước,Xăng,Sedan,Toyota,455000000,3,60000
Mazda 3 1.5L Luxury 2019,2019,Xe đã dùng,Lắp ráp trong nước,Xăng,Sedan,Mazda,470000000,6,60000
VinFast VF3 Plus 2025,2025,Xe mới,Lắp ráp trong nước,Điện,Hatchback,VinFast,270000000,0,0
Honda HRV e:HEV RS 2025,2025,Xe mới,Nhập khẩu,Hybrid,Crossover,Honda,839000000,0,0
Hyundai Creta Cao cấp 1.5 AT 2023,2023,Xe đã dùng,Lắp ráp trong nước,Xăng,Crossover,Hyundai,640000000,2,37000
Mazda 6 Premium 2.5 AT 2019,2019,Xe đã dùng,Lắp ráp trong nước,Xăng,Sedan,Mazda,570000000,6,32000
Toyota Fortuner 2.4L 4x2 AT 2022,2022,Xe đã dùng,Lắp ráp trong nước,Dầu,SUV,Toyota,930000000,3,25665
Volkswagen Teramont X Platinum 2.0 AT 2025,2025,Xe mới,Nhập khẩu,Xăng,SUV,Volkswagen,2168000000,0,0
Honda City RS 1.5 AT 2025,2025,Xe mới,Lắp ráp trong nước,Xăng,Sedan,Honda,569000000,0,0
Lexus RX 350 Luxury 2023,2023,Xe đã dùng,Nhập khẩu,Xăng,SUV,Lexus,4230000000,2,10555
VinFast VF9 Eco 2024,2024,Xe mới,Lắp ráp trong nước,Điện,SUV,VinFast,1100000000,1,0
Toyota Fortuner 2.7L 4x2 AT 2025,2025,Xe mới,Nhập khẩu,Xăng,SUV,Toyota,1155000000,0,0
Ford Ranger Wildtrak 2.0L 4x4 AT 2023,2023,Xe đã dùng,Lắp ráp trong nước,Dầu,Bán tải / Pickup,Ford,827000000,2,31900
Toyota Camry SE 2.5 AT 2015,2015,Xe đã dùng,Nhập khẩu,Xăng,Sedan,Toyota,795000000,10,90135
Ford Transit Premium 2025,2025,Xe mới,Lắp ráp trong nước,Dầu,Van/Minivan,Ford,895000000,0,0
LandRover Range Rover HSE LWB 5.0 2013,2013,Xe đã dùng,Nhập khẩu,Xăng,SUV,LandRover,1880000000,12,90000
Ford Ranger XLS 2.0L 4x2 AT 2025,2025,Xe mới,Lắp ráp trong nước,Dầu,Bán tải / Pickup,Ford,620000000,0,0
BMW X3 xDrive20i 2020,2020,Xe đã dùng,Nhập khẩu,Xăng,SUV,BMW,1299000000,5,80000
BMW i8 1.5L Hybrid 2014,2014,Xe đã dùng,Nhập khẩu,Hybrid,Coupe,BMW,2330000000,11,43000
Mercedes Benz GLC 300 4Matic 2023,2023,Xe đã dùng,Lắp ráp trong nước,Xăng,SUV,Mercedes,2390000000,2,34000
VinFast Lux A 2.0 Premium 2.0 AT 2021,2021,Xe đã dùng,Lắp ráp trong nước,Xăng,Sedan,VinFast,615000000,4,50000
Hyundai SantaFe 2.4L 4WD 2015,2015,Xe đã dùng,Lắp ráp trong nước,Xăng,SUV,Hyundai,548000000,10,0
Honda Civic G 1.8 AT 2019,2019,Xe đã dùng,Nhập khẩu,Xăng,Sedan,Honda,545000000,6,97000
LandRover Range Rover Autobiography LWB 4.4 V8 AWD 2023,2023,Xe đã dùng,Nhập khẩu,Xăng,SUV,LandRover,20900000000,2,5000
Toyota Innova 2.0E 2020,2020,Xe đã dùng,Lắp ráp trong nước,Xăng,Crossover,Toyota,550000000,5,99000
Toyota Wigo G 1.2 AT 2024,2024,Xe đã dùng,Nhập khẩu,Xăng,Hatchback,Toyota,405000000,1,12000
Peugeot 2008 GT Line 1.2 AT 2022,2022,Xe đã dùng,Lắp ráp trong nước,Xăng,Crossover,Peugeot,628000000,3,0
Mercedes Benz GLC 200 4Matic 2020,2020,Xe đã dùng,Lắp ráp trong nước,Xăng,SUV,Mercedes,1299000000,5,52000
Toyota Fortuner 2.7V 4x2 AT 2015,2015,Xe đã dùng,Lắp ráp trong nước,Xăng,SUV,Toyota,430000000,10,120000
Toyota Corolla Cross 1.8V 2021,2021,Xe đã dùng,Nhập khẩu,Xăng,SUV,Toyota,715000000,4,85000
Honda Civic G 1.5 AT 2023,2023,Xe đã dùng,Nhập khẩu,Xăng,Sedan,Honda,735000000,2,16000
Mercedes Benz GLC 300 4Matic 2019,2019,Xe đã dùng,Lắp ráp trong nước,Xăng,SUV,Mercedes,1440000000,6,54000
Toyota Fortuner Legender 2.4L 4x2 AT 2025,2025,Xe mới,Lắp ráp trong nước,Dầu,SUV,Toyota,1125000000,0,0
Ford Everest Titanium 2.0L 4x4 AT 2019,2019,Xe đã dùng,Nhập khẩu,Dầu,SUV,Ford,865000000,6,98000
VinFast VF7 Plus 2025,2025,Xe mới,Lắp ráp trong nước,Điện,SUV,VinFast,893000000,0,0
Ford Ranger Wildtrak 2.0L 4x2 AT 2020,2020,Xe đã dùng,Nhập khẩu,Dầu,Bán tải / Pickup,Ford,660000000,5,80000
Ford Everest Titanium 2.0L 4x2 AT 2025,2025,Xe mới,Nhập khẩu,Dầu,SUV,Ford,1250000000,0,0
Honda City RS 1.5 AT 2021,2021,Xe đã dùng,Lắp ráp trong nước,Xăng,Sedan,Honda,465000000,4,4500
VinFast Lux A 2.0 Tiêu chuẩn 2022,2022,Xe đã dùng,Lắp ráp trong nước,Xăng,Sedan,VinFast,545000000,3,45000
LandRover Range Rover SVAutobiography LWB 5.0 V8 2019,2019,Xe đã dùng,Nhập khẩu,Xăng,SUV,LandRover,8000000000,6,36000
Mitsubishi Outlander Premium 2.0 CVT 2022,2022,Xe đã dùng,Lắp ráp trong nước,Xăng,SUV,Mitsubishi,785000000,3,12000
Toyota Raize G 1.0 CVT 2025,2025,Xe mới,Nhập khẩu,Xăng,SUV,Toyota,500000000,0,0
Ford Explorer Limited 2.3L EcoBoost 2022,2022,Xe đã dùng,Nhập khẩu,Xăng,SUV,Ford,1640000000,3,26000
Lexus GX 460 2016,2016,Xe đã dùng,Nhập khẩu,Xăng,SUV,Lexus,2350000000,9,68000
Mazda 3 2.0 AT 2017,2017,Xe đã dùng,Lắp ráp trong nước,Xăng,Sedan,Mazda,396000000,8,60000
Peugeot 3008 GT 2021,2021,Xe đã dùng,Lắp ráp trong nước,Xăng,Crossover,Peugeot,599000000,4,30000
Volvo S90 LWB Ultimate B6 AWD 2022,2022,Xe đã dùng,Nhập khẩu,Xăng,Sedan,Volvo,1839000000,3,9000
Jeep Wrangler Rubicon 2.0 4x4 AT 2021,2021,Xe đã dùng,Nhập khẩu,Xăng,SUV,Jeep,2449000000,4,43000
Ford Transit Premium+ 2025,2025,Xe mới,Lắp ráp trong nước,Dầu,Van/Minivan,Ford,1091000000,0,0
Hyundai Accent 1.4 MT Tiêu Chuẩn 2023,2023,Xe đã dùng,Lắp ráp trong nước,Xăng,Sedan,Hyundai,345000000,2,43000
Toyota Corolla altis 1.8G AT 2014,2014,Xe đã dùng,Lắp ráp trong nước,Xăng,Sedan,Toyota,430000000,11,180000
MG 5 Standard 1.5 AT 2024,2024,Xe mới,Nhập khẩu,Xăng,Sedan,MG,395000000,1,0
Mitsubishi Outlander 2.0 CVT 2022,2022,Xe đã dùng,Lắp ráp trong nước,Xăng,SUV,Mitsubishi,675000000,3,66000
Toyota Land Cruiser 4.6 V8 2019,2019,Xe đã dùng,Nhập khẩu,Xăng,SUV,Toyota,3990000000,6,129000
Lexus ES 250 2022,2022,Xe đã dùng,Nhập khẩu,Xăng,Sedan,Lexus,2286000000,3,27000
VinFast VF3 Plus 2024,2024,Xe đã dùng,Lắp ráp trong nước,Điện,Hatchback,VinFast,238000000,1,3000
Kia Forte SX 1.6 AT 2012,2012,Xe đã dùng,Lắp ráp trong nước,Xăng,Sedan,Kia,268000000,13,100000
VinFast VF9 Plus 2025,2025,Xe mới,Lắp ráp trong nước,Điện,SUV,VinFast,1598000000,0,0
Audi A4 1.8 TFSI 2015,2015,Xe đã dùng,Nhập khẩu,Xăng,Sedan,Audi,450000000,10,140000
Hyundai SantaFe Cao cấp 2.2L HTRAC 2021,2021,Xe đã dùng,Lắp ráp trong nước,Dầu,SUV,Hyundai,915000000,4,52000
Peugeot 5008 GT 1.6 AT 2021,2021,Xe đã dùng,Lắp ráp trong nước,Xăng,SUV,Peugeot,865000000,4,0
Toyota Land Cruiser 3.5 V6 2025,2025,Xe mới,Nhập khẩu,Xăng,SUV,Toyota,4286000000,0,0
Kia Morning Si MT 2017,2017,Xe đã dùng,Lắp ráp trong nước,Xăng,Hatchback,Kia,190000000,8,70000
Toyota Raize G 1.0 CVT 2022,2022,Xe đã dùng,Nhập khẩu,Xăng,SUV,Toyota,468000000,3,68000
Mazda 3 1.5L Luxury 2022,2022,Xe đã dùng,Lắp ráp trong nước,Xăng,Sedan,Mazda,550000000,3,35000
Kia Sorento Signature 2.2 AT AWD 2024,2024,Xe đã dùng,Lắp ráp trong nước,Dầu,SUV,Kia,1140000000,1,20000
Toyota Camry 2.5 HEV Top 2025,2025,Xe mới,Nhập khẩu,Hybrid,Sedan,Toyota,1510000000,0,0
Kia K3 1.6 AT 2014,2014,Xe đã dùng,Lắp ráp trong nước,Xăng,Sedan,Kia,320000000,11,90000
Mercedes Benz E class E200 2019,2019,Xe đã dùng,Lắp ráp trong nước,Xăng,Sedan,Mercedes,1039000000,6,65000
Hyundai Accent 1.4 MT Tiêu Chuẩn 2023,2023,Xe đã dùng,Lắp ráp trong nước,Xăng,Sedan,Hyundai,345000000,2,43000
BMW 2 Series 218i Gran Tourer 2018,2018,Xe đã dùng,Nhập khẩu,Xăng,Crossover,BMW,699000000,7,33000
Mercedes Benz C class C180 AMG 2021,2021,Xe đã dùng,Lắp ráp trong nước,Xăng,Sedan,Mercedes,939000000,4,34000
Peugeot 3008 GT 2023,2023,Xe đã dùng,Lắp ráp trong nước,Xăng,Crossover,Peugeot,935000000,2,7000
Mercedes Benz C class C200 2017,2017,Xe đã dùng,Lắp ráp trong nước,Xăng,Sedan,Mercedes,655000000,8,790000
VinFast VF5 Plus 2025,2025,Xe mới,Lắp ráp trong nước,Điện,SUV,VinFast,529000000,0,0
VinFast VF7 Plus 2025,2025,Xe mới,Lắp ráp trong nước,Điện,SUV,VinFast,893000000,0,0
Toyota Land Cruiser 3.5 V6 2025,2025,Xe mới,Nhập khẩu,Xăng,SUV,Toyota,4850000000,0,0
Mercedes Benz Maybach S600 2015,2015,Xe đã dùng,Nhập khẩu,Xăng,Sedan,Mercedes,3850000000,10,38266
Mazda 2 1.5 AT 2016,2016,Xe đã dùng,Lắp ráp trong nước,Xăng,Sedan,Mazda,300000000,9,98000
Toyota Yaris RS 1.5 AT 2012,2012,Xe đã dùng,Nhập khẩu,Xăng,Hatchback,Toyota,280000000,13,84000
Hyundai Palisade Prestige 2.2 AT HTRAC 2025,2025,Xe mới,Lắp ráp trong nước,Dầu,SUV,Hyundai,1421000000,0,0
Lexus RX 350 F Sport 2019,2019,Xe đã dùng,Nhập khẩu,Xăng,SUV,Lexus,2880000000,6,129000
Hyundai Tucson 2.0 ATH 2017,2017,Xe đã dùng,Nhập khẩu,Xăng,Crossover,Hyundai,610000000,8,98000
Toyota Veloz Cross Top 1.5 CVT 2025,2025,Xe đã dùng,Lắp ráp trong nước,Xăng,SUV,Toyota,615000000,0,15000
VinFast VF9 Plus 2024,2024,Xe đã dùng,Lắp ráp trong nước,Điện,SUV,VinFast,1180000000,1,3200
Mazda CX5 Luxury 2.0 AT 2021,2021,Xe đã dùng,Lắp ráp trong nước,Xăng,SUV,Mazda,715000000,4,62000
Ford EcoSport Titanium 1.5L AT 2015,2015,Xe đã dùng,Lắp ráp trong nước,Xăng,SUV,Ford,288000000,10,83000
Bentley Bentayga 4.0 V8 2021,2021,Xe đã dùng,Nhập khẩu,Xăng,SUV,Bentley,12900000000,4,6900
Isuzu MU-X B7 Plus 1.9 4X2 AT 2023,2023,Xe mới,Nhập khẩu,Dầu,SUV,Isuzu,910000000,2,0
Toyota Prado LC250 2.4L 2025,2025,Xe mới,Nhập khẩu,Xăng,SUV,Toyota,3480000000,0,0
Toyota Corolla altis 1.8G AT 2017,2017,Xe đã dùng,Lắp ráp trong nước,Xăng,Sedan,Toyota,485000000,8,131000
Mercedes Benz C class C200 Exclusive 2019,2019,Xe đã dùng,Lắp ráp trong nước,Xăng,Sedan,Mercedes,859000000,6,45000
Mazda 2 1.5 AT 2017,2017,Xe đã dùng,Lắp ráp trong nước,Xăng,Sedan,Mazda,345000000,8,85000
Hyundai Tucson 2.0 AT Tiêu chuẩn 2021,2021,Xe đã dùng,Lắp ráp trong nước,Xăng,Crossover,Hyundai,660000000,4,48000
Mitsubishi Xforce Ultimate 2025,2025,Xe mới,Nhập khẩu,Xăng,SUV,Mitsubishi,650000000,0,0
Isuzu QKR QMR77HE5A Thùng Kín 2025,2025,Xe mới,Lắp ráp trong nước,Dầu,Truck,Isuzu,573000000,0,0
MG ZS Luxury 1.5 AT 2WD 2025,2025,Xe mới,Nhập khẩu,Xăng,Crossover,MG,480000000,0,0
LandRover Range Rover Autobiography 5.0 2011,2011,Xe đã dùng,Nhập khẩu,Xăng,SUV,LandRover,590000000,14,89700
VinFast Lux A 2.0 Cao cấp 2022,2022,Xe đã dùng,Lắp ráp trong nước,Xăng,Sedan,VinFast,675000000,3,18000
Isuzu QKR QMR77HE5A Thùng Kín 2025,2025,Xe mới,Lắp ráp trong nước,Dầu,Truck,Isuzu,573000000,0,0
Mercedes Benz S class S400L 2017,2017,Xe đã dùng,Lắp ráp trong nước,Xăng,Sedan,Mercedes,1295000000,8,80000
BMW X7 xDrive40i 2022,2022,Xe mới,Nhập khẩu,Xăng,SUV,BMW,5979000000,3,0
Kia Cerato 1.6 AT Luxury 2019,2019,Xe đã dùng,Lắp ráp trong nước,Xăng,Sedan,Kia,435000000,6,0
Kia Morning Van 1.0 AT 2016,2016,Xe đã dùng,Nhập khẩu,Xăng,Van/Minivan,Kia,199000000,9,99088
VinFast VF e34 AT 2022,2022,Xe đã dùng,Lắp ráp trong nước,Điện,Crossover,VinFast,470000000,3,27000
Toyota Veloz Cross Top 1.5 CVT 2022,2022,Xe đã dùng,Nhập khẩu,Xăng,SUV,Toyota,565000000,3,43000
Peugeot 2008 GT Line 1.2 AT 2021,2021,Xe đã dùng,Lắp ráp trong nước,Xăng,Crossover,Peugeot,579000000,4,40000
Toyota Corolla Cross 1.8HEV 2025,2025,Xe mới,Nhập khẩu,Hybrid,SUV,Toyota,870000000,0,0
Hyundai Tucson 2.0 ATH 2019,2019,Xe đã dùng,Lắp ráp trong nước,Xăng,Crossover,Hyundai,660000000,6,85000
Toyota Innova 2.0E 2015,2015,Xe đã dùng,Lắp ráp trong nước,Xăng,Crossover,Toyota,299000000,10,130000
Mitsubishi Triton GLX 2WD AT 2025,2025,Xe mới,Nhập khẩu,Dầu,Bán tải / Pickup,Mitsubishi,595000000,0,0
Mercedes Benz E class E300 AMG 2021,2021,Xe đã dùng,Lắp ráp trong nước,Xăng,Sedan,Mercedes,1790000000,4,50000
Mercedes Benz C class C200 2019,2019,Xe đã dùng,Lắp ráp trong nước,Xăng,Sedan,Mercedes,799000000,6,0
Toyota Camry 2.0E 2014,2014,Xe đã dùng,Lắp ráp trong nước,Xăng,Sedan,Toyota,430000000,11,170000
Toyota Vios G 1.5 CVT 2025,2025,Xe mới,Lắp ráp trong nước,Xăng,Sedan,Toyota,487000000,0,0
Toyota Camry 2.4G 2012,2012,Xe đã dùng,Lắp ráp trong nước,Xăng,Sedan,Toyota,378000000,13,150000
Toyota Vios 1.5E 2018,2018,Xe đã dùng,Lắp ráp trong nước,Xăng,Sedan,Toyota,300000000,7,90000
Mercedes Benz Maybach S450 4Matic 2017,2017,Xe đã dùng,Nhập khẩu,Xăng,Sedan,Mercedes,3499000000,8,35000
Hyundai Elantra 1.6 AT Đặc biệt 2024,2024,Xe đã dùng,Lắp ráp trong nước,Xăng,Sedan,Hyundai,625000000,1,13000
Isuzu NPR 85KE5 Thùng Kín 2025,2025,Xe mới,Lắp ráp trong nước,Dầu,Truck,Isuzu,799000000,0,0
Ford Everest Titanium Plus 2.0L 4x4 AT 2022,2022,Xe đã dùng,Nhập khẩu,Dầu,SUV,Ford,1315000000,3,50000
VinFast VF e34 AT 2022,2022,Xe đã dùng,Lắp ráp trong nước,Điện,Crossover,VinFast,465000000,3,70000
Volkswagen Tiguan Luxury S 2021,2021,Xe đã dùng,Nhập khẩu,Xăng,SUV,Volkswagen,1299000000,4,27000
VinFast Lux A 2.0 Premium 2.0 AT 2021,2021,Xe đã dùng,Lắp ráp trong nước,Xăng,Sedan,VinFast,625000000,4,48000
Kia Carnival Signature 2.2D 2022,2022,Xe đã dùng,Lắp ráp trong nước,Dầu,Van/Minivan,Kia,1200000000,3,70000
Ford Everest Titanium 2.0L 4x2 AT 2025,2025,Xe mới,Nhập khẩu,Dầu,SUV,Ford,1299000000,0,0
Ford EcoSport Titanium 1.5L AT 2016,2016,Xe đã dùng,Lắp ráp trong nước,Xăng,SUV,Ford,318000000,9,120000
VinFast VF e34 AT 2022,2022,Xe đã dùng,Lắp ráp trong nước,Điện,Crossover,VinFast,445000000,3,72000
MG 5 1.5 MT 2023,2023,Xe mới,Nhập khẩu,Xăng,Sedan,MG,300000000,2,0
Nissan X trail 2.5 SV Luxury 2020,2020,Xe đã dùng,Lắp ráp trong nước,Xăng,SUV,Nissan,650000000,5,60000
Ford Ranger Wildtrak 2.0L 4x4 AT 2022,2022,Xe đã dùng,Lắp ráp trong nước,Dầu,Bán tải / Pickup,Ford,815000000,3,63000
Peugeot 408 Allure 1.6 AT 2024,2024,Xe đã dùng,Lắp ráp trong nước,Xăng,Crossover,Peugeot,979000000,1,11000
Ford Ranger XLS 2.0L 4x2 AT 2023,2023,Xe đã dùng,Lắp ráp trong nước,Dầu,Bán tải / Pickup,Ford,645000000,2,40000
Ford Ranger Wildtrak 3.2L 4x4 AT 2016,2016,Xe đã dùng,Nhập khẩu,Dầu,Bán tải / Pickup,Ford,575000000,9,110000
Ford Territory Sport 1.5 AT 2025,2025,Xe mới,Lắp ráp trong nước,Xăng,SUV,Ford,826000000,0,0
Hyundai SantaFe 2.2L 4WD 2017,2017,Xe đã dùng,Lắp ráp trong nước,Dầu,SUV,Hyundai,690000000,8,64000
Honda City RS 1.5 AT 2021,2021,Xe đã dùng,Lắp ráp trong nước,Xăng,Sedan,Honda,458000000,4,0
Mercedes Benz E class E200 Exclusive 2021,2021,Xe đã dùng,Lắp ráp trong nước,Xăng,Sedan,Mercedes,1450000000,4,50000
Toyota Highlander LE 2.7 2011,2011,Xe đã dùng,Nhập khẩu,Xăng,SUV,Toyota,595000000,14,0
Porsche Cayenne GTS 2008,2008,Xe đã dùng,Nhập khẩu,Xăng,SUV,Porsche,390000000,17,0
Mercedes Benz E class E300 2010,2010,Xe đã dùng,Lắp ráp trong nước,Xăng,Sedan,Mercedes,330000000,15,14000
LandRover Range Rover Evoque HSE Dynamic 2017,2017,Xe đã dùng,Nhập khẩu,Xăng,SUV,LandRover,1199000000,8,60000
Hyundai Kona 2.0 AT 2018,2018,Xe đã dùng,Lắp ráp trong nước,Xăng,Crossover,Hyundai,448000000,7,61000
Ford Ranger Wildtrak 2.0L 4x4 AT 2025,2025,Xe mới,Lắp ráp trong nước,Dầu,Bán tải / Pickup,Ford,840000000,0,0
Toyota Corolla Cross 1.8HEV 2025,2025,Xe mới,Nhập khẩu,Hybrid,SUV,Toyota,872000000,0,0
Mercedes Benz GLC 300 4Matic 2019,2019,Xe đã dùng,Lắp ráp trong nước,Xăng,SUV,Mercedes,1465000000,6,95000
Mercedes Benz GLC 300 4Matic 2020,2020,Xe đã dùng,Lắp ráp trong nước,Xăng,SUV,Mercedes,1489000000,5,70000
Kia Cerato 2.0 AT 2016,2016,Xe đã dùng,Lắp ráp trong nước,Xăng,Sedan,Kia,355000000,9,91000
Hyundai Accent 1.4 AT Đặc Biệt 2023,2023,Xe đã dùng,Lắp ráp trong nước,Xăng,Sedan,Hyundai,485000000,2,20000
Mercedes Benz GLC 300 4Matic 2023,2023,Xe đã dùng,Lắp ráp trong nước,Xăng,SUV,Mercedes,2399000000,2,15000
Mercedes Benz C class C300 AMG 2022,2022,Xe đã dùng,Lắp ráp trong nước,Xăng,Sedan,Mercedes,1619000000,3,50000
Mercedes Benz Maybach S450 4Matic 2022,2022,Xe đã dùng,Nhập khẩu,Xăng,Sedan,Mercedes,7500000000,3,1500
Toyota Yaris Cross 1.5 D-CVT 2025,2025,Xe mới,Nhập khẩu,Xăng,SUV,Toyota,615000000,0,0
Honda CRV L 2019,2019,Xe đã dùng,Nhập khẩu,Xăng,SUV,Honda,765000000,6,600000
Toyota Corolla Cross 1.8V 2020,2020,Xe đã dùng,Nhập khẩu,Xăng,SUV,Toyota,659000000,5,62000
VinFast VF3 Plus 2025,2025,Xe mới,Lắp ráp trong nước,Điện,Hatchback,VinFast,281000000,0,0
Mercedes Benz C class C300 AMG 2022,2022,Xe đã dùng,Lắp ráp trong nước,Xăng,Sedan,Mercedes,1779000000,3,12874
Ford EcoSport Titanium 1.5L AT 2016,2016,Xe đã dùng,Lắp ráp trong nước,Xăng,SUV,Ford,335000000,9,40000
Mercedes Benz GLC 250 4Matic 2019,2019,Xe đã dùng,Lắp ráp trong nước,Xăng,SUV,Mercedes,1099000000,6,22000
Volvo XC60 Ultra B6 AWD 2025,2025,Xe mới,Nhập khẩu,Xăng,SUV,Volvo,2165000000,0,0
Toyota Camry 2.5Q 2019,2019,Xe đã dùng,Nhập khẩu,Xăng,Sedan,Toyota,868000000,6,70000
Toyota Vios E CVT 2023,2023,Xe đã dùng,Lắp ráp trong nước,Xăng,Sedan,Toyota,415000000,2,130000
Hyundai Tucson 2.0 AT Đặc biệt 2021,2021,Xe đã dùng,Lắp ráp trong nước,Xăng,Crossover,Hyundai,699000000,4,60000
Chevrolet Spark Duo Van 1.2 MT 2018,2018,Xe đã dùng,Lắp ráp trong nước,Xăng,Van/Minivan,Chevrolet,138000000,7,132000
VinFast VF9 Plus 2025,2025,Xe mới,Lắp ráp trong nước,Điện,SUV,VinFast,1598000000,0,0
Hyundai SantaFe Calligraphy 2.5L Turbo HTRAC 2025,2025,Xe mới,Lắp ráp trong nước,Xăng,SUV,Hyundai,1225000000,0,0
Mercedes Benz GLC 300 4Matic 2020,2020,Xe đã dùng,Lắp ráp trong nước,Xăng,SUV,Mercedes,1479000000,5,43000
Mazda 3 1.5L Luxury 2022,2022,Xe đã dùng,Lắp ráp trong nước,Xăng,Sedan,Mazda,550000000,3,69000
BMW 7 Series 740Li 2018,2018,Xe đã dùng,Nhập khẩu,Xăng,Sedan,BMW,2350000000,7,64000
Toyota Prado GX 2.7 AT 2007,2007,Xe đã dùng,Nhập khẩu,Xăng,SUV,Toyota,415000000,18,139000
Toyota Camry 2.0Q 2025,2025,Xe mới,Nhập khẩu,Xăng,Sedan,Toyota,1168000000,0,0
VinFast Lux A 2.0 Plus 2.0 AT 2021,2021,Xe đã dùng,Lắp ráp trong nước,Xăng,Sedan,VinFast,595000000,4,23000
Mazda 3 1.5L Luxury 2024,2024,Xe đã dùng,Lắp ráp trong nước,Xăng,Sedan,Mazda,628000000,1,10000
Honda City RS 1.5 AT 2022,2022,Xe đã dùng,Lắp ráp trong nước,Xăng,Sedan,Honda,499000000,3,50000
Porsche Macan 2.0 2021,2021,Xe đã dùng,Nhập khẩu,Xăng,SUV,Porsche,2790000000,4,40000
Ford EcoSport Titanium 1.5L AT 2016,2016,Xe đã dùng,Lắp ráp trong nước,Xăng,SUV,Ford,315000000,9,92000
Kia Morning SX 1.1 AT 2009,2009,Xe đã dùng,Lắp ráp trong nước,Xăng,Hatchback,Kia,152000000,16,0
Toyota Land Cruiser 3.5 V6 2025,2025,Xe mới,Nhập khẩu,Xăng,SUV,Toyota,4580000000,0,0
Toyota Yaris 1.5E 2016,2016,Xe đã dùng,Nhập khẩu,Xăng,Hatchback,Toyota,390000000,9,64000
Lexus RX 450h 2010,2010,Xe đã dùng,Nhập khẩu,Hybrid,SUV,Lexus,880000000,15,61000
Toyota Prado VX 2.7L 2022,2022,Xe đã dùng,Nhập khẩu,Xăng,SUV,Toyota,2780000000,3,75000
Nissan Terra V 2.5 AT 4WD 2018,2018,Xe đã dùng,Nhập khẩu,Xăng,SUV,Nissan,625000000,7,78000
Honda CRV L 2022,2022,Xe đã dùng,Lắp ráp trong nước,Xăng,SUV,Honda,900000000,3,41000
Mazda CX5 Luxury 2.0 AT 2025,2025,Xe mới,Lắp ráp trong nước,Xăng,SUV,Mazda,754000000,0,0
Mercedes Benz GLC 300 4Matic 2019,2019,Xe đã dùng,Lắp ráp trong nước,Xăng,SUV,Mercedes,1199000000,6,68000
Audi A6 45 TFSI 2020,2020,Xe đã dùng,Nhập khẩu,Xăng,Sedan,Audi,1486000000,5,80000
Mercedes Benz GLC 200 4Matic 2021,2021,Xe đã dùng,Lắp ráp trong nước,Xăng,SUV,Mercedes,1439000000,4,64000
Honda City RS 1.5 AT 2022,2022,Xe đã dùng,Lắp ráp trong nước,Xăng,Sedan,Honda,510000000,3,39000
Honda City 1.5TOP 2020,2020,Xe đã dùng,Lắp ráp trong nước,Xăng,Sedan,Honda,395000000,5,60000
VinFast VF8 Eco 2025,2025,Xe mới,Lắp ráp trong nước,Điện,SUV,VinFast,958000000,0,0
Kia Morning Si AT 2016,2016,Xe đã dùng,Lắp ráp trong nước,Xăng,Hatchback,Kia,245000000,9,120000
Lexus GX 470 2008,2008,Xe đã dùng,Nhập khẩu,Xăng,SUV,Lexus,738000000,17,90000
Toyota Innova 2.0E 2019,2019,Xe đã dùng,Lắp ráp trong nước,Xăng,Crossover,Toyota,485000000,6,0
Toyota Yaris Cross 1.5 D-CVT 2024,2024,Xe đã dùng,Nhập khẩu,Xăng,SUV,Toyota,645000000,1,18000
Honda City RS 1.5 AT 2021,2021,Xe đã dùng,Lắp ráp trong nước,Xăng,Sedan,Honda,458000000,4,59000
BMW 3 Series 320i Sport Line 2024,2024,Xe mới,Lắp ráp trong nước,Xăng,Sedan,BMW,1429000000,1,0
Toyota Alphard HEV 2.5 AT 2025,2025,Xe mới,Nhập khẩu,Hybrid,Van/Minivan,Toyota,4615000000,0,0
Mercedes Benz GLC 300 4Matic 2016,2016,Xe đã dùng,Lắp ráp trong nước,Xăng,SUV,Mercedes,849000000,9,68000
Hyundai SantaFe Tiêu chuẩn 2.5L 2022,2022,Xe đã dùng,Lắp ráp trong nước,Xăng,SUV,Hyundai,935000000,3,40000
Honda Civic 1.8 E 2019,2019,Xe đã dùng,Nhập khẩu,Xăng,Sedan,Honda,460000000,6,72000
Lexus GX 470 2008,2008,Xe đã dùng,Nhập khẩu,Xăng,SUV,Lexus,760000000,17,160000
VinFast VF8 Plus 2025,2025,Xe mới,Lắp ráp trong nước,Điện,SUV,VinFast,1103000000,0,0
Volvo XC60 Inscription B6 AWD 2022,2022,Xe đã dùng,Nhập khẩu,Xăng,SUV,Volvo,1699000000,3,70000
Toyota Land Cruiser 3.5 V6 2025,2025,Xe mới,Nhập khẩu,Xăng,SUV,Toyota,4580000000,0,0
VinFast VF8 Eco 2023,2023,Xe đã dùng,Lắp ráp trong nước,Điện,SUV,VinFast,770000000,2,35000
MG ZS Luxury 1.5 AT 2WD 2025,2025,Xe mới,Nhập khẩu,Xăng,Crossover,MG,480000000,0,0
VinFast VF9 Plus 2024,2024,Xe đã dùng,Lắp ráp trong nước,Điện,SUV,VinFast,1170000000,1,35000
Hyundai Elantra 1.6 AT Tiêu chuẩn 2025,2025,Xe mới,Lắp ráp trong nước,Xăng,Sedan,Hyundai,562000000,0,0
Kia Cerato 1.6 AT 2018,2018,Xe đã dùng,Lắp ráp trong nước,Xăng,Sedan,Kia,435000000,7,18000
Kia Sedona 2.2L DATH 2018,2018,Xe đã dùng,Lắp ráp trong nước,Dầu,Van/Minivan,Kia,689000000,7,0
LandRover Range Rover SV SWB 3.0 I6 AWD 2025,2025,Xe mới,Nhập khẩu,Xăng,SUV,LandRover,20165000000,0,0
Suzuki Swift GLX 1.2 AT 2020,2020,Xe đã dùng,Nhập khẩu,Xăng,Hatchback,Suzuki,420000000,5,42000
Kia Sorento Signature 2.2 AT AWD 2024,2024,Xe đã dùng,Lắp ráp trong nước,Dầu,SUV,Kia,1168000000,1,3000
VinFast VF9 Plus 2025,2025,Xe mới,Lắp ráp trong nước,Điện,SUV,VinFast,1515000000,0,0
Volkswagen Viloran Luxury 2024,2024,Xe mới,Nhập khẩu,Xăng,Van/Minivan,Volkswagen,2188000000,1,0
Honda Civic G 1.5 AT 2021,2021,Xe đã dùng,Nhập khẩu,Xăng,Sedan,Honda,660000000,4,55000
Gaz Gazelle Next Van 2.8 MT 2025,2025,Xe mới,Lắp ráp trong nước,Dầu,Van/Minivan,Gaz,615000000,0,0
BMW 3 Series 328i 2012,2012,Xe đã dùng,Nhập khẩu,Xăng,Sedan,BMW,438000000,13,130000
Mercedes Benz C class C200 Avantgarde Plus 2022,2022,Xe đã dùng,Lắp ráp trong nước,Xăng,Sedan,Mercedes,1435000000,3,6000
Mercedes Benz C class C200 Avantgarde 2023,2023,Xe đã dùng,Lắp ráp trong nước,Xăng,Sedan,Mercedes,1369000000,2,14000
Mercedes Benz GLC 300 4Matic 2022,2022,Xe đã dùng,Lắp ráp trong nước,Xăng,SUV,Mercedes,1895000000,3,24000
VinFast VF3 Plus 2025,2025,Xe mới,Lắp ráp trong nước,Điện,Hatchback,VinFast,240000000,0,0
BMW X1 sDrive20i 2016,2016,Xe đã dùng,Nhập khẩu,Xăng,SUV,BMW,599000000,9,60000
Toyota Corolla Cross 1.8HV 2020,2020,Xe đã dùng,Nhập khẩu,Hybrid,SUV,Toyota,670000000,5,56000
Toyota Innova G 2011,2011,Xe đã dùng,Lắp ráp trong nước,Xăng,Crossover,Toyota,229000000,14,128000
Mazda 3 1.5L Luxury 2023,2023,Xe đã dùng,Lắp ráp trong nước,Xăng,Sedan,Mazda,579000000,2,50000
Mitsubishi Xpander 1.5 AT 2019,2019,Xe đã dùng,Nhập khẩu,Xăng,SUV,Mitsubishi,448000000,6,78066
Hyundai SantaFe Cao cấp 2.2L HTRAC 2022,2022,Xe đã dùng,Lắp ráp trong nước,Dầu,SUV,Hyundai,1120000000,3,48000
Ford Ranger XLS 2.0L 4x2 AT 2025,2025,Xe mới,Lắp ráp trong nước,Dầu,Bán tải / Pickup,Ford,640000000,0,0
Hyundai Palisade Exclusive 2.2 AT 2025,2025,Xe mới,Lắp ráp trong nước,Dầu,SUV,Hyundai,1325000000,0,0
Ford Ranger XLS 2.2L 4x2 AT 2021,2021,Xe đã dùng,Lắp ráp trong nước,Dầu,Bán tải / Pickup,Ford,550000000,4,48000
Ford Everest Titanium 2.0L 4x2 AT 2025,2025,Xe mới,Nhập khẩu,Dầu,SUV,Ford,1219000000,0,0
Ford Territory Titanium 1.5 AT 2022,2022,Xe đã dùng,Lắp ráp trong nước,Xăng,SUV,Ford,745000000,3,70000
Honda Civic 2.0 AT 2008,2008,Xe đã dùng,Lắp ráp trong nước,Xăng,Sedan,Honda,215000000,17,120000
Ford Everest Titanium 2.0L 4x4 AT 2022,2022,Xe đã dùng,Nhập khẩu,Dầu,SUV,Ford,998000000,3,52000
Mazda CX5 Luxury 2.0 AT 2025,2025,Xe mới,Lắp ráp trong nước,Xăng,SUV,Mazda,754000000,0,0
Mazda 3 1.5 AT 2016,2016,Xe đã dùng,Lắp ráp trong nước,Xăng,Sedan,Mazda,350000000,9,100000
Ford Everest Titanium 2.0L 4x4 AT 2019,2019,Xe đã dùng,Nhập khẩu,Dầu,SUV,Ford,849000000,6,78000
Ford Territory Titanium X 1.5 AT 2024,2024,Xe mới,Lắp ráp trong nước,Xăng,SUV,Ford,929000000,1,0
Hyundai Creta Đặc biệt 1.5 AT 2022,2022,Xe đã dùng,Nhập khẩu,Xăng,Crossover,Hyundai,565000000,3,23000
LandRover Range Rover Autobiography LWB 3.0 2014,2014,Xe đã dùng,Nhập khẩu,Xăng,SUV,LandRover,2390000000,11,60000
Mitsubishi Xpander Premium 1.5 AT 2025,2025,Xe mới,Nhập khẩu,Xăng,SUV,Mitsubishi,574000000,0,0
Toyota Innova G 2007,2007,Xe đã dùng,Lắp ráp trong nước,Xăng,Crossover,Toyota,163000000,18,210000
Mercedes Benz C class C300 AMG 2017,2017,Xe đã dùng,Lắp ráp trong nước,Xăng,Sedan,Mercedes,799000000,8,96000
Mercedes Benz GLC 300 4Matic 2025,2025,Xe mới,Lắp ráp trong nước,Xăng,SUV,Mercedes,2709000000,0,0
Mitsubishi Xpander 1.5 AT 2025,2025,Xe mới,Lắp ráp trong nước,Xăng,SUV,Mitsubishi,530000000,0,0
Mercedes Benz GLC 300 4Matic 2023,2023,Xe đã dùng,Lắp ráp trong nước,Xăng,SUV,Mercedes,2399000000,2,15000
VinFast VF9 Plus 2023,2023,Xe đã dùng,Lắp ráp trong nước,Điện,SUV,VinFast,1068000000,2,33000
Toyota Corolla altis 1.8G AT 2011,2011,Xe đã dùng,Lắp ráp trong nước,Xăng,Sedan,Toyota,338000000,14,190000
Mazda CX5 2.5 AT 2WD 2017,2017,Xe đã dùng,Lắp ráp trong nước,Xăng,SUV,Mazda,509000000,8,58000
Volvo XC90 Ultimate B6 AWD 2024,2024,Xe mới,Nhập khẩu,Xăng,SUV,Volvo,3645000000,1,0
Toyota Vios 1.5E MT 2020,2020,Xe đã dùng,Lắp ráp trong nước,Xăng,Sedan,Toyota,355000000,5,50000
Toyota Yaris 1.5G 2019,2019,Xe đã dùng,Nhập khẩu,Xăng,Hatchback,Toyota,449000000,6,40000
VinFast VF8 Plus 2025,2025,Xe mới,Lắp ráp trong nước,Điện,SUV,VinFast,1199000000,0,0
Toyota Corolla altis 2.0V 2014,2014,Xe đã dùng,Lắp ráp trong nước,Xăng,Sedan,Toyota,400000000,11,82000
BMW 5 Series 530i M Sport 2022,2022,Xe mới,Nhập khẩu,Xăng,Sedan,BMW,2529000000,3,0
VinFast Fadil 1.4 AT 2021,2021,Xe đã dùng,Lắp ráp trong nước,Xăng,Hatchback,VinFast,320000000,4,28000
Kia Seltos Premium 1.4 AT 2022,2022,Xe đã dùng,Lắp ráp trong nước,Xăng,Crossover,Kia,655000000,3,15000
Ford Ranger Wildtrak 3.2L 4x4 AT 2017,2017,Xe đã dùng,Nhập khẩu,Dầu,Bán tải / Pickup,Ford,560000000,8,90000
Toyota Fortuner 2.7V 4x2 AT 2016,2016,Xe đã dùng,Nhập khẩu,Xăng,SUV,Toyota,660000000,9,64000
Mercedes Benz GLC 300 4Matic 2021,2021,Xe đã dùng,Lắp ráp trong nước,Xăng,SUV,Mercedes,1599000000,4,80000
Mazda 3 1.5 AT 2018,2018,Xe đã dùng,Lắp ráp trong nước,Xăng,Hatchback,Mazda,438000000,7,79000
Toyota Yaris Cross 1.5 D-CVT 2025,2025,Xe mới,Nhập khẩu,Xăng,SUV,Toyota,612000000,0,0
Hyundai Getz 1.6 AT 2008,2008,Xe đã dùng,Nhập khẩu,Xăng,Hatchback,Hyundai,146000000,17,12222
Toyota Prado TXL 2.7L 2015,2015,Xe đã dùng,Nhập khẩu,Xăng,SUV,Toyota,1039000000,10,96000
Toyota Alphard 2.4 AT 2025,2025,Xe mới,Nhập khẩu,Xăng,Van/Minivan,Toyota,4510000000,0,0
Hyundai SantaFe Cao cấp 2.2L HTRAC 2022,2022,Xe đã dùng,Lắp ráp trong nước,Dầu,SUV,Hyundai,1140000000,3,0
Mercedes Benz C class C200 Exclusive 2021,2021,Xe đã dùng,Lắp ráp trong nước,Xăng,Sedan,Mercedes,1068000000,4,40000
Mercedes Benz C class C300 AMG 2022,2022,Xe đã dùng,Lắp ráp trong nước,Xăng,Sedan,Mercedes,1635000000,3,20000
BMW X3 xDrive20i 2025,2025,Xe mới,Lắp ráp trong nước,Xăng,SUV,BMW,2199000000,0,0
Lexus ES 250 2022,2022,Xe đã dùng,Nhập khẩu,Xăng,Sedan,Lexus,2290000000,3,29000
Hyundai Tucson 2.0 AT 2020,2020,Xe đã dùng,Lắp ráp trong nước,Xăng,Crossover,Hyundai,529000000,5,67000
LandRover Range Rover Vogue 3.0 2015,2015,Xe đã dùng,Nhập khẩu,Xăng,SUV,LandRover,2380000000,10,10
Lexus LX 570 Super Sport MBS 2019,2019,Xe đã dùng,Nhập khẩu,Xăng,SUV,Lexus,7800000000,6,42000
Kia Sedona 3.3L GATH 2016,2016,Xe đã dùng,Lắp ráp trong nước,Xăng,Van/Minivan,Kia,540000000,9,60000
Ford Everest Titanium Plus 2.0L 4x4 AT 2025,2025,Xe mới,Nhập khẩu,Dầu,SUV,Ford,1373000000,0,0
Toyota Land Cruiser 3.5 V6 2025,2025,Xe mới,Nhập khẩu,Xăng,SUV,Toyota,4580000000,0,0
BMW 5 Series 520i Luxury Line 2022,2022,Xe đã dùng,Lắp ráp trong nước,Xăng,Sedan,BMW,1578000000,3,22000
Honda HRV G 2024,2024,Xe đã dùng,Nhập khẩu,Xăng,Crossover,Honda,690000000,1,2400
Mercedes Benz GLC 200 4Matic 2023,2023,Xe đã dùng,Lắp ráp trong nước,Xăng,SUV,Mercedes,1959000000,2,4567
Kia Morning X-Line 2021,2021,Xe đã dùng,Lắp ráp trong nước,Xăng,Hatchback,Kia,330000000,4,49000
Mitsubishi Xpander Cross 1.5 AT 2025,2025,Xe mới,Nhập khẩu,Xăng,SUV,Mitsubishi,626000000,0,0
Toyota Fortuner 2.7V 4x2 AT 2019,2019,Xe đã dùng,Nhập khẩu,Xăng,SUV,Toyota,735000000,6,150000
Ford Territory Titanium X 1.5 AT 2023,2023,Xe đã dùng,Lắp ráp trong nước,Xăng,SUV,Ford,817000000,2,30000
Mercedes Benz GLE Class GLE 450 4Matic 2020,2020,Xe đã dùng,Nhập khẩu,Xăng,SUV,Mercedes,2550000000,5,123456
Mercedes Benz SL class SL400 2014,2014,Xe đã dùng,Nhập khẩu,Xăng,Convertible/Cabriolet,Mercedes,2650000000,11,38000
Mercedes Benz GLE Class GLE 53 4Matic+ Coupe AMG 2022,2022,Xe mới,Nhập khẩu,Xăng,SUV,Mercedes,4699000000,3,0
LandRover Range Rover Autobiography 5.0 2014,2014,Xe đã dùng,Nhập khẩu,Xăng,SUV,LandRover,2470000000,11,70000
Ford Transit Standard MID 2018,2018,Xe đã dùng,Lắp ráp trong nước,Dầu,Van/Minivan,Ford,430000000,7,170000
Nissan Navara Pro-4X 2.3 AT 4WD 2022,2022,Xe đã dùng,Nhập khẩu,Dầu,Bán tải / Pickup,Nissan,765000000,3,37000
Audi A6 1.8 TFSI 2015,2015,Xe đã dùng,Nhập khẩu,Xăng,Sedan,Audi,650000000,10,80000
Mercedes Benz C class C200 2016,2016,Xe đã dùng,Lắp ráp trong nước,Xăng,Sedan,Mercedes,565000000,9,0
Kia Carnival Signature 2.2D 2021,2021,Xe đã dùng,Lắp ráp trong nước,Dầu,Van/Minivan,Kia,1219000000,4,35000
Isuzu NPR 85KE5 Thùng Kín 2025,2025,Xe mới,Lắp ráp trong nước,Dầu,Truck,Isuzu,725000000,0,0
Mazda CX5 2.0 AT 2013,2013,Xe đã dùng,Lắp ráp trong nước,Xăng,SUV,Mazda,419000000,12,120000
Toyota Camry 2.5Q 2019,2019,Xe đã dùng,Nhập khẩu,Xăng,Sedan,Toyota,850000000,6,65000
Mitsubishi Outlander 2.4 CVT 2017,2017,Xe đã dùng,Nhập khẩu,Xăng,SUV,Mitsubishi,585000000,8,69000
Mercedes Benz GLC 200 2021,2021,Xe đã dùng,Lắp ráp trong nước,Xăng,SUV,Mercedes,1379000000,4,40000
Ford Everest Titanium 2.0L 4x2 AT 2022,2022,Xe đã dùng,Nhập khẩu,Dầu,SUV,Ford,1169000000,3,43000
VinFast Fadil 1.4 AT Premium 2020,2020,Xe đã dùng,Lắp ráp trong nước,Xăng,Hatchback,VinFast,319000000,5,33000
Ford Ranger XLS 2.0L 4x2 AT 2025,2025,Xe mới,Lắp ráp trong nước,Dầu,Bán tải / Pickup,Ford,605000000,0,0
Mercedes Benz GLC 300 4Matic 2021,2021,Xe đã dùng,Lắp ráp trong nước,Xăng,SUV,Mercedes,1620000000,4,50000
Toyota Fortuner 2.4G 4x2 MT 2020,2020,Xe đã dùng,Lắp ráp trong nước,Dầu,SUV,Toyota,770000000,5,69000
VinFast VF7 Plus 2024,2024,Xe đã dùng,Lắp ráp trong nước,Điện,SUV,VinFast,775000000,1,15000
Mazda CX5 Premium 2.0 AT 2025,2025,Xe mới,Lắp ráp trong nước,Xăng,SUV,Mazda,794000000,0,0
Ford Ranger Raptor 2.0L 4x4 AT 2025,2025,Xe đã dùng,Nhập khẩu,Dầu,Bán tải / Pickup,Ford,1195000000,0,9000
Honda BR V L 2025,2025,Xe mới,Nhập khẩu,Xăng,SUV,Honda,625000000,0,0
Toyota Fortuner 2.5G 2015,2015,Xe đã dùng,Lắp ráp trong nước,Dầu,SUV,Toyota,518000000,10,120000
Mercedes Benz C class C200 2018,2018,Xe đã dùng,Lắp ráp trong nước,Xăng,Sedan,Mercedes,750000000,7,65000
Mercedes Benz C class C300 AMG 2017,2017,Xe đã dùng,Lắp ráp trong nước,Xăng,Sedan,Mercedes,799000000,8,70000
Porsche Macan 2.0 2017,2017,Xe đã dùng,Nhập khẩu,Xăng,SUV,Porsche,1750000000,8,60000
Lamborghini Urus 4.0 V8 2022,2022,Xe đã dùng,Nhập khẩu,Xăng,SUV,Lamborghini,13800000000,3,5000
Toyota Vios G 1.5 CVT 2023,2023,Xe đã dùng,Lắp ráp trong nước,Xăng,Sedan,Toyota,476000000,2,16000
VinFast VF7 Plus 2025,2025,Xe mới,Lắp ráp trong nước,Điện,SUV,VinFast,893000000,0,0
Toyota Fortuner 2.5G 2016,2016,Xe đã dùng,Lắp ráp trong nước,Dầu,SUV,Toyota,495000000,9,98000
Mitsubishi Attrage 1.2 MT 2023,2023,Xe đã dùng,Nhập khẩu,Xăng,Sedan,Mitsubishi,315000000,2,12000
Toyota Yaris 1.5 AT 2011,2011,Xe đã dùng,Nhập khẩu,Xăng,Hatchback,Toyota,260000000,14,90000
Kia Carnival Signature 2.2D 2025,2025,Xe mới,Lắp ráp trong nước,Dầu,Van/Minivan,Kia,1589000000,0,0
VinFast VF8 Eco 2023,2023,Xe đã dùng,Lắp ráp trong nước,Điện,SUV,VinFast,805000000,2,26000
Toyota Land Cruiser 3.5 V6 2025,2025,Xe mới,Nhập khẩu,Xăng,SUV,Toyota,4580000000,0,0
Mitsubishi Outlander Premium 2.0 CVT 2022,2022,Xe đã dùng,Lắp ráp trong nước,Xăng,SUV,Mitsubishi,750000000,3,33000
Lexus RX 350h Luxury 2025,2025,Xe mới,Nhập khẩu,Hybrid,SUV,Lexus,4330000000,0,0
Porsche Panamera Platinum Edition 2023,2023,Xe đã dùng,Nhập khẩu,Xăng,Sedan,Porsche,5978000000,2,9000
Mazda 6 2.0 AT 2016,2016,Xe đã dùng,Lắp ráp trong nước,Xăng,Sedan,Mazda,399000000,9,110000
Mercedes Benz S class S400L 2015,2015,Xe đã dùng,Lắp ráp trong nước,Xăng,Sedan,Mercedes,1268000000,10,68000
Kia K165 2016,2016,Xe đã dùng,Lắp ráp trong nước,Dầu,Truck,Kia,245000000,9,0
Ford Everest Sport 2.0L 4x2 AT 2025,2025,Xe mới,Nhập khẩu,Dầu,SUV,Ford,1079000000,0,0
Mitsubishi Xpander Premium 1.5 AT 2025,2025,Xe mới,Nhập khẩu,Xăng,SUV,Mitsubishi,574000000,0,0
Mercedes Benz E class E180 2021,2021,Xe đã dùng,Lắp ráp trong nước,Xăng,Sedan,Mercedes,1275000000,4,0
Mazda 2 Sport Luxury 2022,2022,Xe đã dùng,Nhập khẩu,Xăng,Hatchback,Mazda,439000000,3,13000
Mercedes Benz E class E300 AMG 2025,2025,Xe mới,Lắp ráp trong nước,Xăng,Sedan,Mercedes,2250000000,0,0
Mitsubishi Xforce Ultimate 2025,2025,Xe mới,Nhập khẩu,Xăng,SUV,Mitsubishi,623000000,0,0
Kia Cerato 2.0 AT Premium 2021,2021,Xe đã dùng,Lắp ráp trong nước,Xăng,Sedan,Kia,508000000,4,55000
Mazda 3 1.5 AT 2018,2018,Xe đã dùng,Lắp ráp trong nước,Xăng,Sedan,Mazda,455000000,7,92000
VinFast Fadil Tiêu chuẩn 1.4 AT 2022,2022,Xe đã dùng,Lắp ráp trong nước,Xăng,Hatchback,VinFast,332000000,3,21000
Ford Ranger XLS 2.2L 4x2 AT 2021,2021,Xe đã dùng,Nhập khẩu,Dầu,Bán tải / Pickup,Ford,545000000,4,66000
Lexus ES 250 2019,2019,Xe đã dùng,Nhập khẩu,Xăng,Sedan,Lexus,1665000000,6,45000
Ford Ranger XLS 2.2L 4x2 MT 2019,2019,Xe đã dùng,Nhập khẩu,Dầu,Bán tải / Pickup,Ford,425000000,6,90000
Ford Everest Titanium Plus 2.0L 4x4 AT 2022,2022,Xe đã dùng,Nhập khẩu,Dầu,SUV,Ford,1335000000,3,17000
BMW i8 1.5L Hybrid 2014,2014,Xe đã dùng,Nhập khẩu,Hybrid,Coupe,BMW,2280000000,11,48000
Toyota Yaris 1.3 AT 2010,2010,Xe đã dùng,Nhập khẩu,Xăng,Hatchback,Toyota,234000000,15,100000
VinFast Fadil 1.4 AT Premium 2021,2021,Xe đã dùng,Lắp ráp trong nước,Xăng,Hatchback,VinFast,345000000,4,30000
Toyota Camry 2.4G 2012,2012,Xe đã dùng,Lắp ráp trong nước,Xăng,Sedan,Toyota,360000000,13,120000
Peugeot 5008 Allure 1.6 AT 2020,2020,Xe đã dùng,Lắp ráp trong nước,Xăng,SUV,Peugeot,735000000,5,59000
Mercedes Benz GLC 300 4Matic 2019,2019,Xe đã dùng,Lắp ráp trong nước,Xăng,SUV,Mercedes,1150000000,6,60000
Mazda 2 Luxury 2020,2020,Xe đã dùng,Nhập khẩu,Xăng,Sedan,Mazda,418000000,5,47000
Ford Ranger Wildtrak 2.0L 4x4 AT 2019,2019,Xe đã dùng,Nhập khẩu,Dầu,Bán tải / Pickup,Ford,630000000,6,110000
LandRover Range Rover HSE 3.0 2014,2014,Xe đã dùng,Nhập khẩu,Xăng,SUV,LandRover,2150000000,11,80000
Toyota Camry LE 2.4 2008,2008,Xe đã dùng,Nhập khẩu,Xăng,Sedan,Toyota,299000000,17,0
Toyota Corolla altis 1.8G AT 2010,2010,Xe đã dùng,Lắp ráp trong nước,Xăng,Sedan,Toyota,245000000,15,100000
Lexus ES 250 2021,2021,Xe đã dùng,Nhập khẩu,Xăng,Sedan,Lexus,2080000000,4,40000
Hyundai Getz 1.1 MT 2010,2010,Xe đã dùng,Nhập khẩu,Xăng,Hatchback,Hyundai,168000000,15,120000
Honda CRV G 2019,2019,Xe đã dùng,Nhập khẩu,Xăng,SUV,Honda,753000000,6,29000
VinFast VF7 Plus 2025,2025,Xe mới,Lắp ráp trong nước,Điện,SUV,VinFast,893000000,0,0
Porsche Cayenne 3.0 V6 2021,2021,Xe đã dùng,Nhập khẩu,Xăng,SUV,Porsche,3799000000,4,60000
Peugeot 5008 1.6 AT 2018,2018,Xe đã dùng,Lắp ráp trong nước,Xăng,SUV,Peugeot,619000000,7,80000
Kia Sonet Premium 1.5 AT 2022,2022,Xe đã dùng,Lắp ráp trong nước,Xăng,Crossover,Kia,545000000,3,57000
Ford EcoSport Titanium 1.5L AT 2019,2019,Xe đã dùng,Lắp ráp trong nước,Xăng,SUV,Ford,485000000,6,22000
Toyota Vios 1.5E MT 2019,2019,Xe đã dùng,Lắp ráp trong nước,Xăng,Sedan,Toyota,315000000,6,49000
LandRover Range Rover Vogue 3.0 2015,2015,Xe đã dùng,Nhập khẩu,Xăng,SUV,LandRover,2260000000,10,150000
Mercedes Benz GLC 300 4Matic 2020,2020,Xe đã dùng,Lắp ráp trong nước,Xăng,SUV,Mercedes,1399000000,5,89000
Mercedes Benz GLC 300 Coupe 4Matic 2019,2019,Xe đã dùng,Nhập khẩu,Xăng,SUV,Mercedes,1579000000,6,92000
Kia Sonet Luxury 1.5 AT 2024,2024,Xe đã dùng,Lắp ráp trong nước,Xăng,SUV,Kia,565000000,1,7000
VinFast Lux A 2.0 2.0 AT 2021,2021,Xe đã dùng,Lắp ráp trong nước,Xăng,Sedan,VinFast,580000000,4,30000
Toyota Hilux Adventure 2.8L 4x4 AT 2024,2024,Xe đã dùng,Nhập khẩu,Dầu,Bán tải / Pickup,Toyota,990000000,1,63
Mercedes Benz GLC 300 4Matic 2023,2023,Xe đã dùng,Lắp ráp trong nước,Xăng,SUV,Mercedes,2450000000,2,18000
Toyota Corolla altis 1.8G AT 2011,2011,Xe đã dùng,Lắp ráp trong nước,Xăng,Sedan,Toyota,310000000,14,130000
Mitsubishi Triton Athlete 4x2 AT Mivec 2021,2021,Xe đã dùng,Nhập khẩu,Dầu,Bán tải / Pickup,Mitsubishi,590000000,4,81000
VinFast VF5 Plus 2025,2025,Xe mới,Lắp ráp trong nước,Điện,SUV,VinFast,529000000,0,0
Honda City 1.5TOP 2017,2017,Xe đã dùng,Lắp ráp trong nước,Xăng,Sedan,Honda,379000000,8,40000
Suzuki Ciaz 1.4 AT 2019,2019,Xe đã dùng,Nhập khẩu,Xăng,Sedan,Suzuki,335000000,6,64000
Honda City 1.5TOP 2020,2020,Xe đã dùng,Lắp ráp trong nước,Xăng,Sedan,Honda,422000000,5,60000
VinFast Lux A 2.0 Premium 2.0 AT 2020,2020,Xe đã dùng,Lắp ráp trong nước,Xăng,Sedan,VinFast,595000000,5,4000
Mercedes Benz G class G63 AMG 2019,2019,Xe đã dùng,Nhập khẩu,Xăng,SUV,Mercedes,7500000000,6,0
Honda City L 1.5 AT 2024,2024,Xe mới,Lắp ráp trong nước,Xăng,Sedan,Honda,529000000,1,0
Lexus LX 570 2015,2015,Xe đã dùng,Nhập khẩu,Xăng,SUV,Lexus,4100000000,10,130000
Mitsubishi Xpander Cross 1.5 AT 2021,2021,Xe đã dùng,Nhập khẩu,Xăng,SUV,Mitsubishi,538000000,4,34982
Peugeot 3008 AT 2022,2022,Xe đã dùng,Lắp ráp trong nước,Xăng,Crossover,Peugeot,740000000,3,18000
Ford Transit Premium 2025,2025,Xe mới,Lắp ráp trong nước,Dầu,Van/Minivan,Ford,999000000,0,0
Toyota Vios 1.5G 2018,2018,Xe đã dùng,Lắp ráp trong nước,Xăng,Sedan,Toyota,389000000,7,13000
Toyota Prado VX 2.7L 2020,2020,Xe đã dùng,Nhập khẩu,Xăng,SUV,Toyota,2200000000,5,61000
Toyota Camry 2.0E 2010,2010,Xe đã dùng,Nhập khẩu,Xăng,Sedan,Toyota,320000000,15,130000
VinFast Fadil 1.4 AT 2020,2020,Xe đã dùng,Lắp ráp trong nước,Xăng,Hatchback,VinFast,309000000,5,30000
Hyundai i10 Grand 1.2 AT 2019,2019,Xe đã dùng,Lắp ráp trong nước,Xăng,Hatchback,Hyundai,320000000,6,80000
Mazda CX5 Premium 2.0 AT 2024,2024,Xe đã dùng,Lắp ráp trong nước,Xăng,SUV,Mazda,810000000,1,19000
Mazda 3 1.5L Deluxe 2022,2022,Xe đã dùng,Lắp ráp trong nước,Xăng,Sedan,Mazda,555000000,3,0
Hyundai Tucson 1.6 AT Turbo 2018,2018,Xe đã dùng,Lắp ráp trong nước,Xăng,Crossover,Hyundai,595000000,7,83000
Mercedes Benz GLC 300 4Matic 2023,2023,Xe đã dùng,Lắp ráp trong nước,Xăng,SUV,Mercedes,2550000000,2,30
MG 5 Luxury 1.5 AT 2022,2022,Xe đã dùng,Nhập khẩu,Xăng,Sedan,MG,415000000,3,39899
Honda CRV 2.4 AT 2015,2015,Xe đã dùng,Lắp ráp trong nước,Xăng,SUV,Honda,505000000,10,104000
Toyota Prado LC250 2.4L 2025,2025,Xe mới,Nhập khẩu,Xăng,SUV,Toyota,3460000000,0,0
Ford Ranger XLS 2.2L 4x2 MT 2019,2019,Xe đã dùng,Nhập khẩu,Dầu,Bán tải / Pickup,Ford,455000000,6,100000
Toyota Prado TXL 2.7L 2015,2015,Xe đã dùng,Nhập khẩu,Xăng,SUV,Toyota,999000000,10,0
Bentley Bentayga 4.0 V8 2020,2020,Xe đã dùng,Nhập khẩu,Xăng,SUV,Bentley,12800000000,5,1300
Audi Q5 2.0 AT 2017,2017,Xe đã dùng,Nhập khẩu,Xăng,SUV,Audi,995000000,8,0
MG 5 Luxury 1.5 AT 2024,2024,Xe mới,Nhập khẩu,Xăng,Sedan,MG,440000000,1,0
BMW 4 Series 430i Convertible M Sport 2024,2024,Xe đã dùng,Nhập khẩu,Xăng,Convertible/Cabriolet,BMW,2888000000,1,12000
Ford Ranger XLS 2.2L 4x2 AT 2015,2015,Xe đã dùng,Nhập khẩu,Dầu,Bán tải / Pickup,Ford,370000000,10,170000
Porsche Cayenne S 2021,2021,Xe đã dùng,Nhập khẩu,Xăng,SUV,Porsche,4850000000,4,35000
Mitsubishi Xpander 1.5 MT 2020,2020,Xe đã dùng,Nhập khẩu,Xăng,SUV,Mitsubishi,418000000,5,90000
Mitsubishi Xpander Cross 1.5 AT 2020,2020,Xe đã dùng,Nhập khẩu,Xăng,SUV,Mitsubishi,490000000,5,60000
Ford Everest Sport 2.0L 4x2 AT 2023,2023,Xe đã dùng,Nhập khẩu,Dầu,SUV,Ford,1150000000,2,42153
BMW X7 xDrive40i M Sport 2022,2022,Xe đã dùng,Nhập khẩu,Xăng,SUV,BMW,4390000000,3,0
Ford Territory Titanium X 1.5 AT 2025,2025,Xe mới,Lắp ráp trong nước,Xăng,SUV,Ford,789000000,0,0
BMW 3 Series 320i Sport Line 2023,2023,Xe đã dùng,Lắp ráp trong nước,Xăng,Sedan,BMW,1269000000,2,30000
Mitsubishi Xpander 1.5 AT 2022,2022,Xe đã dùng,Nhập khẩu,Xăng,SUV,Mitsubishi,498000000,3,51000
Toyota Camry 2.0Q 2025,2025,Xe mới,Nhập khẩu,Xăng,Sedan,Toyota,1180000000,0,0
BMW X6 xDrive40i M Sport 2023,2023,Xe đã dùng,Nhập khẩu,Xăng,SUV,BMW,3479000000,2,30000
Mitsubishi Xpander 1.5 AT 2020,2020,Xe đã dùng,Nhập khẩu,Xăng,SUV,Mitsubishi,489000000,5,50000
Hyundai Genesis 2.0 AT 2009,2009,Xe đã dùng,Nhập khẩu,Xăng,Coupe,Hyundai,350000000,16,98000
Kia Sorento GATH 2018,2018,Xe đã dùng,Lắp ráp trong nước,Xăng,SUV,Kia,550000000,7,90000
BMW 3 Series 320i GT 2017,2017,Xe đã dùng,Nhập khẩu,Xăng,Sedan,BMW,720000000,8,65000
Kia Sorento 2.4 GAT Premium 2021,2021,Xe đã dùng,Lắp ráp trong nước,Xăng,SUV,Kia,699000000,4,22000
VinFast Lux SA 2.0 Premium 2.0 AT 2021,2021,Xe đã dùng,Lắp ráp trong nước,Xăng,SUV,VinFast,720000000,4,80000
Toyota Land Cruiser VX 4.6 V8 2016,2016,Xe đã dùng,Nhập khẩu,Xăng,SUV,Toyota,2830000000,9,250000
VinFast Lux A 2.0 Premium 2.0 AT 2020,2020,Xe đã dùng,Lắp ráp trong nước,Xăng,Sedan,VinFast,600000000,5,44000
Mazda 3 1.5 AT 2018,2018,Xe đã dùng,Lắp ráp trong nước,Xăng,Sedan,Mazda,425000000,7,60000
Ford Ranger Raptor 2.0L 4x4 AT 2024,2024,Xe đã dùng,Nhập khẩu,Dầu,Bán tải / Pickup,Ford,1175000000,1,30000
BMW 2 Series 218i Active Tourer 2015,2015,Xe đã dùng,Nhập khẩu,Xăng,Crossover,BMW,498000000,10,80000
Nissan Navara EL Premium R 2018,2018,Xe đã dùng,Nhập khẩu,Dầu,Bán tải / Pickup,Nissan,445000000,7,50000
Ford Everest Titanium 2.0L 4x2 AT 2022,2022,Xe đã dùng,Nhập khẩu,Dầu,SUV,Ford,1169000000,3,71289
Volkswagen Viloran Luxury 2024,2024,Xe đã dùng,Nhập khẩu,Xăng,Van/Minivan,Volkswagen,2055000000,1,50000
Nissan Sunny XV Premium S 2017,2017,Xe đã dùng,Lắp ráp trong nước,Xăng,Sedan,Nissan,283000000,8,100000
Hyundai Kona 2.0 ATH 2020,2020,Xe đã dùng,Lắp ráp trong nước,Xăng,Crossover,Hyundai,489000000,5,63000
Mazda 3 1.5 AT 2016,2016,Xe đã dùng,Lắp ráp trong nước,Xăng,Sedan,Mazda,385000000,9,90000
Lexus LX 600 F-Sport 2023,2023,Xe đã dùng,Nhập khẩu,Xăng,SUV,Lexus,8300000000,2,44000
LandRover Range Rover Autobiography LWB 3.0 I6 2021,2021,Xe mới,Nhập khẩu,Xăng,SUV,LandRover,11600000000,4,0
Kia K3 Premium 1.6 AT 2022,2022,Xe đã dùng,Lắp ráp trong nước,Xăng,Sedan,Kia,540000000,3,45000
Toyota Hilux 2.4L 4x2 AT 2025,2025,Xe mới,Nhập khẩu,Dầu,Bán tải / Pickup,Toyota,679000000,0,0
Mazda CX8 Premium 2020,2020,Xe đã dùng,Lắp ráp trong nước,Xăng,SUV,Mazda,745000000,5,74000
Mitsubishi Outlander 2.0 CVT Premium 2020,2020,Xe đã dùng,Lắp ráp trong nước,Xăng,SUV,Mitsubishi,665000000,5,0
Kia Sportage Premium 2.0G 2025,2025,Xe mới,Lắp ráp trong nước,Xăng,Crossover,Kia,809000000,0,0
Mercedes Benz G class G63 AMG 2021,2021,Xe đã dùng,Nhập khẩu,Xăng,SUV,Mercedes,10500000000,4,500
Honda City RS 1.5 AT 2023,2023,Xe đã dùng,Lắp ráp trong nước,Xăng,Sedan,Honda,505000000,2,26000
Ford Ranger XLS 2.0L 4x2 AT 2024,2024,Xe mới,Lắp ráp trong nước,Dầu,Bán tải / Pickup,Ford,707000000,1,0
Ford Ranger XLS 2.2L 4x2 AT 2019,2019,Xe đã dùng,Nhập khẩu,Dầu,Bán tải / Pickup,Ford,495000000,6,85000
Kia Carens EXMT 2016,2016,Xe đã dùng,Lắp ráp trong nước,Xăng,Crossover,Kia,239000000,9,87000
VinFast Lux A 2.0 Tiêu chuẩn 2022,2022,Xe đã dùng,Lắp ráp trong nước,Xăng,Sedan,VinFast,585000000,3,67000
Mazda CX5 Premium 2.0 AT 2022,2022,Xe đã dùng,Lắp ráp trong nước,Xăng,SUV,Mazda,740000000,3,69000
Toyota Land Cruiser 3.5 V6 2024,2024,Xe đã dùng,Nhập khẩu,Xăng,SUV,Toyota,5680000000,1,10000
Kia Carnival Signature 2.2D 2023,2023,Xe đã dùng,Lắp ráp trong nước,Dầu,Van/Minivan,Kia,1260000000,2,0
Ford Territory Titanium X 1.5 AT 2023,2023,Xe đã dùng,Lắp ráp trong nước,Xăng,SUV,Ford,795000000,2,20000
Hyundai Tucson 1.6 AT Turbo HTRAC Đặc biệt 2022,2022,Xe đã dùng,Lắp ráp trong nước,Xăng,Crossover,Hyundai,820000000,3,40000
Toyota Alphard 3.5 V6 2012,2012,Xe đã dùng,Nhập khẩu,Xăng,Van/Minivan,Toyota,1289000000,13,90000
Toyota Vios E CVT 2025,2025,Xe mới,Lắp ráp trong nước,Xăng,Sedan,Toyota,433000000,0,0
Ford Ranger Wildtrak 2.0L 4x4 AT 2020,2020,Xe đã dùng,Nhập khẩu,Dầu,Bán tải / Pickup,Ford,675000000,5,70000
Mitsubishi Triton 4x4 AT Mivec Premium 2021,2021,Xe đã dùng,Nhập khẩu,Dầu,Bán tải / Pickup,Mitsubishi,630000000,4,70000
Ford Transit Premium 2025,2025,Xe mới,Lắp ráp trong nước,Dầu,Van/Minivan,Ford,895000000,0,0
VinFast VF9 Plus 2025,2025,Xe mới,Lắp ráp trong nước,Điện,SUV,VinFast,1515000000,0,0
Ford Ranger XLS 2.2L 4x2 MT 2015,2015,Xe đã dùng,Nhập khẩu,Dầu,Bán tải / Pickup,Ford,290000000,10,160000
Ford Everest Titanium 2.0L 4x2 AT 2022,2022,Xe đã dùng,Nhập khẩu,Dầu,SUV,Ford,955000000,3,0
Ford Ranger Wildtrak 3.2L 4x4 AT 2017,2017,Xe đã dùng,Nhập khẩu,Dầu,Bán tải / Pickup,Ford,555000000,8,100000
Toyota Fortuner 2.7V 4x2 AT 2020,2020,Xe đã dùng,Nhập khẩu,Xăng,SUV,Toyota,820000000,5,110000
Ford Ranger XLS 2.0L 4x2 AT 2025,2025,Xe mới,Lắp ráp trong nước,Dầu,Bán tải / Pickup,Ford,647000000,0,0
Mazda 3 S 2.0 AT 2009,2009,Xe đã dùng,Nhập khẩu,Xăng,Sedan,Mazda,189000000,16,10
Mitsubishi Xforce Ultimate 2025,2025,Xe mới,Nhập khẩu,Xăng,SUV,Mitsubishi,619000000,0,0
Kia Cerato 1.6 AT Luxury 2021,2021,Xe đã dùng,Lắp ráp trong nước,Xăng,Sedan,Kia,518000000,4,33000
Ford Everest Titanium 2.0L 4x2 AT 2025,2025,Xe mới,Nhập khẩu,Dầu,SUV,Ford,1244000000,0,0
Kia Morning SLX 1.0 AT 2009,2009,Xe đã dùng,Nhập khẩu,Xăng,Hatchback,Kia,158000000,16,128000
Toyota Vios G 1.5 CVT 2025,2025,Xe mới,Lắp ráp trong nước,Xăng,Sedan,Toyota,486000000,0,0
Volvo XC90 Ultimate B6 AWD 2022,2022,Xe đã dùng,Nhập khẩu,Xăng,SUV,Volvo,3190000000,3,70000
Toyota Raize G 1.0 CVT 2025,2025,Xe mới,Nhập khẩu,Xăng,SUV,Toyota,488000000,0,0
Mercedes Benz Maybach S450 4Matic 2018,2018,Xe đã dùng,Nhập khẩu,Xăng,Sedan,Mercedes,3580000000,7,40000
Toyota Avanza Premio 1.5 AT 2023,2023,Xe đã dùng,Lắp ráp trong nước,Xăng,SUV,Toyota,495000000,2,68000
Ford Ranger XLS 2.2L 4x2 AT 2018,2018,Xe đã dùng,Nhập khẩu,Dầu,Bán tải / Pickup,Ford,468000000,7,74000
BMW 3 Series 320i 2015,2015,Xe đã dùng,Nhập khẩu,Xăng,Sedan,BMW,539000000,10,78000
Toyota Innova 2.0 Venturer 2019,2019,Xe đã dùng,Lắp ráp trong nước,Xăng,Crossover,Toyota,575000000,6,126800
VinFast VF6 Eco 2025,2025,Xe mới,Lắp ráp trong nước,Điện,SUV,VinFast,689000000,0,0
Hyundai Kona 2.0 ATH 2021,2021,Xe đã dùng,Lắp ráp trong nước,Xăng,Crossover,Hyundai,525000000,4,70000
Mitsubishi Outlander 2.0 CVT 2021,2021,Xe đã dùng,Lắp ráp trong nước,Xăng,SUV,Mitsubishi,675000000,4,22000
BMW 3 Series 320i Sport Line 2025,2025,Xe mới,Lắp ráp trong nước,Xăng,Sedan,BMW,1529000000,0,0
Toyota Veloz Cross Top 1.5 CVT 2023,2023,Xe đã dùng,Lắp ráp trong nước,Xăng,SUV,Toyota,565000000,2,56469
BMW 7 Series 730Li M Sport 2020,2020,Xe đã dùng,Nhập khẩu,Xăng,Sedan,BMW,2550000000,5,51000
Toyota Innova Cross 2.0 CVT 2025,2025,Xe mới,Nhập khẩu,Xăng,Crossover,Toyota,803000000,0,0
Hyundai Palisade Prestige 2.2 AT HTRAC 2025,2025,Xe mới,Lắp ráp trong nước,Dầu,SUV,Hyundai,1589000000,0,0
Ford Everest Titanium 2.0L 4x2 AT 2018,2018,Xe đã dùng,Nhập khẩu,Dầu,SUV,Ford,799000000,7,88632
Toyota Camry 2.0Q 2022,2022,Xe đã dùng,Nhập khẩu,Xăng,Sedan,Toyota,1018000000,3,55000
Mercedes Benz GLC 200 4Matic 2020,2020,Xe đã dùng,Lắp ráp trong nước,Xăng,SUV,Mercedes,1390000000,5,52000
Ford Everest Titanium 2.2L 4x2 AT 2016,2016,Xe đã dùng,Nhập khẩu,Dầu,SUV,Ford,645000000,9,0
Honda HRV L 2025,2025,Xe mới,Nhập khẩu,Xăng,Crossover,Honda,710000000,0,0
Volkswagen Tiguan Allspace 2017,2017,Xe đã dùng,Nhập khẩu,Xăng,SUV,Volkswagen,788000000,8,90000
Toyota Vios 1.5E MT 2018,2018,Xe đã dùng,Lắp ráp trong nước,Xăng,Sedan,Toyota,285000000,7,62000
Toyota Innova 2.0G 2017,2017,Xe đã dùng,Lắp ráp trong nước,Xăng,Crossover,Toyota,520000000,8,150000
Ford Ranger Wildtrak 3.2L 4x4 AT 2016,2016,Xe đã dùng,Nhập khẩu,Dầu,Bán tải / Pickup,Ford,515000000,9,80000
Lexus RX 350 2017,2017,Xe đã dùng,Nhập khẩu,Xăng,SUV,Lexus,2350000000,8,110000
Hyundai Tucson 1.6 AT Turbo 2018,2018,Xe đã dùng,Lắp ráp trong nước,Xăng,Crossover,Hyundai,620000000,7,85000
Mitsubishi Triton Athlete 4x2 AT 2022,2022,Xe đã dùng,Nhập khẩu,Dầu,Bán tải / Pickup,Mitsubishi,659000000,3,33000
Mazda CX5 Premium 2.0 AT 2025,2025,Xe mới,Lắp ráp trong nước,Xăng,SUV,Mazda,789000000,0,0
Mazda CX5 Premium 2.0 AT 2022,2022,Xe đã dùng,Lắp ráp trong nước,Xăng,SUV,Mazda,729000000,3,40000
Mercedes Benz C class C250 AMG 2015,2015,Xe đã dùng,Lắp ráp trong nước,Xăng,Sedan,Mercedes,655000000,10,68000
Mercedes Benz C class C250 CGI 2010,2010,Xe đã dùng,Lắp ráp trong nước,Xăng,Sedan,Mercedes,240000000,15,0
Honda CRV L 2020,2020,Xe đã dùng,Nhập khẩu,Xăng,SUV,Honda,830000000,5,40000
Hyundai Elantra 1.6 AT Đặc biệt 2022,2022,Xe đã dùng,Lắp ráp trong nước,Xăng,Sedan,Hyundai,535000000,3,36000
Ford F150 Raptor 2019,2019,Xe đã dùng,Nhập khẩu,Xăng,Bán tải / Pickup,Ford,2900000000,6,80000
Peugeot 2008 Active 1.2 AT 2022,2022,Xe đã dùng,Lắp ráp trong nước,Xăng,Crossover,Peugeot,585000000,3,70000
VinFast VF6 Plus 2025,2025,Xe mới,Lắp ráp trong nước,Điện,SUV,VinFast,704000000,0,0
Kia Carnival Signature 3.5G 2022,2022,Xe đã dùng,Lắp ráp trong nước,Xăng,Van/Minivan,Kia,1230000000,3,66000
Mitsubishi Triton 4x2 AT 2022,2022,Xe đã dùng,Nhập khẩu,Dầu,Bán tải / Pickup,Mitsubishi,570000000,3,58000
Mercedes Benz GLE Class GLE 53 4Matic+ Coupe AMG 2022,2022,Xe đã dùng,Nhập khẩu,Xăng,SUV,Mercedes,4299000000,3,35000
Toyota Land Cruiser 3.5 V6 2025,2025,Xe mới,Nhập khẩu,Xăng,SUV,Toyota,4580000000,0,0
Mercedes Benz GLS 480 4Matic Maybach 2025,2025,Xe mới,Nhập khẩu,Xăng,SUV,Mercedes,7535000000,0,0
Mitsubishi Zinger GLS 2.4 AT 2009,2009,Xe đã dùng,Lắp ráp trong nước,Xăng,SUV,Mitsubishi,218000000,16,140000
Toyota Innova 2.0E 2016,2016,Xe đã dùng,Lắp ráp trong nước,Xăng,Crossover,Toyota,315000000,9,194000
Volvo S90 Inscription T6 2020,2020,Xe đã dùng,Nhập khẩu,Xăng,Sedan,Volvo,1499000000,5,34000
Porsche Macan 2.0 2015,2015,Xe đã dùng,Nhập khẩu,Xăng,SUV,Porsche,1390000000,10,55000
Mazda CX5 2.5 Signature Premium 2WD 2020,2020,Xe đã dùng,Lắp ráp trong nước,Xăng,SUV,Mazda,699000000,5,66000
Toyota Land Cruiser 3.5 V6 2024,2024,Xe đã dùng,Nhập khẩu,Xăng,SUV,Toyota,5568000000,1,10000
VinFast VF3 Plus 2025,2025,Xe mới,Lắp ráp trong nước,Điện,Hatchback,VinFast,275000000,0,0
Ford Ranger Raptor 2.0L 4x4 AT 2025,2025,Xe mới,Nhập khẩu,Dầu,Bán tải / Pickup,Ford,1184000000,0,0
Mazda 3 1.5L Luxury 2023,2023,Xe đã dùng,Lắp ráp trong nước,Xăng,Sedan,Mazda,598000000,2,16000
Lexus ES 250 2021,2021,Xe đã dùng,Nhập khẩu,Xăng,Sedan,Lexus,2079000000,4,50000
Honda HRV RS 2023,2023,Xe đã dùng,Nhập khẩu,Xăng,Crossover,Honda,770000000,2,40000
VinFast VF3 Plus 2025,2025,Xe mới,Lắp ráp trong nước,Điện,Hatchback,VinFast,270000000,0,0
Toyota Fortuner 2.4G 4x2 MT 2019,2019,Xe đã dùng,Nhập khẩu,Dầu,SUV,Toyota,735000000,6,98369
Suzuki Ertiga Hybrid 1.5 AT 2022,2022,Xe đã dùng,Nhập khẩu,Hybrid,SUV,Suzuki,466000000,3,84000
Ford Ranger XLS 2.2L 4x2 AT 2016,2016,Xe đã dùng,Nhập khẩu,Dầu,Bán tải / Pickup,Ford,400000000,9,99000
Subaru WRX 2.4 CVT EyeSight 2024,2024,Xe mới,Nhập khẩu,Xăng,Sedan,Subaru,1779000000,1,0
Honda Civic 1.8 AT 2011,2011,Xe đã dùng,Lắp ráp trong nước,Xăng,Sedan,Honda,268000000,14,100000
Toyota Corolla Cross 1.8V 2021,2021,Xe đã dùng,Nhập khẩu,Xăng,SUV,Toyota,690000000,4,40000
Kia Sorento GAT 2.4L 2WD 2013,2013,Xe đã dùng,Lắp ráp trong nước,Xăng,SUV,Kia,335000000,12,177000
Honda Accord 3.5 AT 2012,2012,Xe đã dùng,Nhập khẩu,Xăng,Sedan,Honda,399000000,13,68000
Nissan Navara VL 2.5 AT 4WD 2016,2016,Xe đã dùng,Nhập khẩu,Dầu,Bán tải / Pickup,Nissan,420000000,9,120000
Mitsubishi Xpander Cross 1.5 AT 2022,2022,Xe đã dùng,Nhập khẩu,Xăng,SUV,Mitsubishi,505000000,3,86000
Honda Civic G 1.8 AT 2021,2021,Xe đã dùng,Nhập khẩu,Xăng,Sedan,Honda,615000000,4,0
Toyota Land Cruiser 3.5 V6 2025,2025,Xe mới,Nhập khẩu,Xăng,SUV,Toyota,4286000000,0,0
Hyundai SantaFe 2.4L 4WD 2015,2015,Xe đã dùng,Lắp ráp trong nước,Xăng,SUV,Hyundai,569000000,10,72000
BMW 7 Series 735i Pure Excellence 2023,2023,Xe đã dùng,Nhập khẩu,Xăng,Sedan,BMW,4599000000,2,19000
VinFast Lux A 2.0 Premium 2.0 AT 2021,2021,Xe đã dùng,Lắp ráp trong nước,Xăng,Sedan,VinFast,600000000,4,52000
Ford Focus S 2.0 AT 2013,2013,Xe đã dùng,Lắp ráp trong nước,Xăng,Hatchback,Ford,295000000,12,73000
BMW 3 Series 320i Sport Line 2024,2024,Xe đã dùng,Lắp ráp trong nước,Xăng,Sedan,BMW,1479000000,1,6900
Hyundai Tucson 2.0 AT CRDi 2019,2019,Xe đã dùng,Lắp ráp trong nước,Dầu,Crossover,Hyundai,675000000,6,93000
Toyota Wigo G 1.2 AT 2023,2023,Xe đã dùng,Nhập khẩu,Xăng,Hatchback,Toyota,383000000,2,17000
Subaru Forester 2.0i-L EyeSight 2023,2023,Xe đã dùng,Nhập khẩu,Xăng,SUV,Subaru,835000000,2,26000
Mitsubishi Triton GLX 2WD AT 2025,2025,Xe mới,Nhập khẩu,Dầu,Bán tải / Pickup,Mitsubishi,610000000,0,0
Hyundai Accent 1.4 ATH 2020,2020,Xe đã dùng,Lắp ráp trong nước,Xăng,Sedan,Hyundai,395000000,5,46000
Hyundai SantaFe Calligraphy 2.5L Turbo HTRAC 2025,2025,Xe mới,Lắp ráp trong nước,Xăng,SUV,Hyundai,1204000000,0,0
Hyundai SantaFe 2.4L 4WD 2015,2015,Xe đã dùng,Lắp ráp trong nước,Xăng,SUV,Hyundai,555000000,10,91236
Nissan Tiida 1.8 AT 2010,2010,Xe đã dùng,Nhập khẩu,Xăng,Hatchback,Nissan,215000000,15,120000
BMW i8 1.5L Hybrid 2015,2015,Xe đã dùng,Nhập khẩu,Hybrid,Coupe,BMW,2699000000,10,70000
Mercedes Benz GLS 450 4Matic 2022,2022,Xe đã dùng,Nhập khẩu,Xăng,SUV,Mercedes,4820000000,3,1000
LandRover Range Rover Evoque HSE Dynamic 2015,2015,Xe đã dùng,Nhập khẩu,Xăng,SUV,LandRover,799000000,10,57000
Volkswagen New Beetle 1.6 AT 2009,2009,Xe đã dùng,Nhập khẩu,Xăng,Coupe,Volkswagen,430000000,16,80000
Ford Everest Titanium Plus 2.0L 4x4 AT 2025,2025,Xe mới,Nhập khẩu,Dầu,SUV,Ford,1375000000,0,0
Kia K3 Premium 2.0 AT 2022,2022,Xe đã dùng,Lắp ráp trong nước,Xăng,Sedan,Kia,525000000,3,40000
Mazda CX5 2.0 AT 2014,2014,Xe đã dùng,Lắp ráp trong nước,Xăng,SUV,Mazda,405000000,11,92000
Toyota Yaris Cross 1.5 D-CVT 2025,2025,Xe mới,Nhập khẩu,Xăng,SUV,Toyota,612000000,0,0
Ford Focus Trend 1.5L 2019,2019,Xe đã dùng,Lắp ráp trong nước,Xăng,Sedan,Ford,435000000,6,80000
VinFast Lux SA 2.0 2.0 AT 2020,2020,Xe đã dùng,Lắp ráp trong nước,Xăng,SUV,VinFast,629000000,5,71000
Hyundai Tucson 1.6 AT Turbo 2019,2019,Xe đã dùng,Lắp ráp trong nước,Xăng,Crossover,Hyundai,655000000,6,55666
Toyota Innova 2.0V 2017,2017,Xe đã dùng,Lắp ráp trong nước,Xăng,Crossover,Toyota,500000000,8,125470
Toyota Vios 1.5E 2014,2014,Xe đã dùng,Lắp ráp trong nước,Xăng,Sedan,Toyota,235000000,11,18000
Ford Ranger XLS 2.0L 4x2 AT 2023,2023,Xe đã dùng,Lắp ráp trong nước,Dầu,Bán tải / Pickup,Ford,655000000,2,20000
Mercedes Benz GLK Class GLK300 4Matic 2009,2009,Xe đã dùng,Lắp ráp trong nước,Xăng,SUV,Mercedes,326000000,16,160000
Audi Q7 45 TFSI Quattro 2023,2023,Xe đã dùng,Nhập khẩu,Xăng,SUV,Audi,2999000000,2,15000
Lexus ES 300h 2022,2022,Xe đã dùng,Nhập khẩu,Hybrid,Sedan,Lexus,2779000000,3,7000
Mercedes Benz GLC 200 4Matic 2022,2022,Xe đã dùng,Lắp ráp trong nước,Xăng,SUV,Mercedes,1530000000,3,50000
Mercedes Benz GLC 200 2020,2020,Xe đã dùng,Lắp ráp trong nước,Xăng,SUV,Mercedes,1170000000,5,0
Jaguar XJ series XJL 5.0 Supercharged 2010,2010,Xe đã dùng,Nhập khẩu,Xăng,Sedan,Jaguar,950000000,15,90000
BMW X6 xDrive40i M Sport 2023,2023,Xe mới,Nhập khẩu,Xăng,SUV,BMW,4179000000,2,0
Hyundai Tucson 1.6 AT Turbo 2018,2018,Xe đã dùng,Lắp ráp trong nước,Xăng,Crossover,Hyundai,610000000,7,80000
Hyundai Tucson 2.0 AT CRDi 2018,2018,Xe đã dùng,Lắp ráp trong nước,Dầu,Crossover,Hyundai,592000000,7,60000
MG 5 1.5 CVT STD 2024,2024,Xe mới,Nhập khẩu,Xăng,Sedan,MG,420000000,1,0
Toyota Corolla altis 1.8E AT 2009,2009,Xe đã dùng,Nhập khẩu,Xăng,Sedan,Toyota,299000000,16,60000
Mercedes Benz E class E250 2017,2017,Xe đã dùng,Lắp ráp trong nước,Xăng,Sedan,Mercedes,888000000,8,72000
Hyundai Elantra 2.0 AT 2019,2019,Xe đã dùng,Lắp ráp trong nước,Xăng,Sedan,Hyundai,413000000,6,85000
Porsche Cayenne 3.6 V6 2015,2015,Xe đã dùng,Nhập khẩu,Xăng,SUV,Porsche,1499000000,10,60000
Lexus RX 350 2018,2018,Xe đã dùng,Nhập khẩu,Xăng,SUV,Lexus,2660000000,7,56000
Toyota Hilux 2.4L 4x2 AT 2025,2025,Xe mới,Nhập khẩu,Dầu,Bán tải / Pickup,Toyota,679000000,0,0
Hyundai i10 Grand 1.2 MT 2016,2016,Xe đã dùng,Nhập khẩu,Xăng,Sedan,Hyundai,212000000,9,0
Porsche Cayenne 3.6 V6 2013,2013,Xe đã dùng,Nhập khẩu,Xăng,SUV,Porsche,1175000000,12,0
LandRover Range Rover Evoque Dynamic 2012,2012,Xe đã dùng,Nhập khẩu,Xăng,SUV,LandRover,479000000,13,0
Mercedes Benz GLC 300 4Matic 2023,2023,Xe đã dùng,Lắp ráp trong nước,Xăng,SUV,Mercedes,2350000000,2,29000
Hyundai Creta Đặc biệt 1.5 AT 2022,2022,Xe đã dùng,Nhập khẩu,Xăng,Crossover,Hyundai,590000000,3,25000
MG HS 1.5T LUX 2024,2024,Xe đã dùng,Nhập khẩu,Xăng,Crossover,MG,620000000,1,29000
Toyota Vios 1.5G 2016,2016,Xe đã dùng,Lắp ráp trong nước,Xăng,Sedan,Toyota,360000000,9,90000
Mercedes Benz GLK Class GLK220 CDI 4Matic 2014,2014,Xe đã dùng,Lắp ráp trong nước,Dầu,SUV,Mercedes,635000000,11,150000
Mercedes Benz C class C300 AMG 2024,2024,Xe đã dùng,Lắp ráp trong nước,Xăng,Sedan,Mercedes,1949000000,1,10
Mazda CX5 Premium 2.0 AT 2023,2023,Xe đã dùng,Lắp ráp trong nước,Xăng,SUV,Mazda,775000000,2,31000
Mercedes Benz E class E200 Exclusive 2020,2020,Xe đã dùng,Lắp ráp trong nước,Xăng,Sedan,Mercedes,1779000000,5,28000
Mercedes Benz S class S450 4Matic 2022,2022,Xe đã dùng,Nhập khẩu,Xăng,Sedan,Mercedes,3650000000,3,5000
Ford Territory Titanium 1.5 AT 2025,2025,Xe mới,Lắp ráp trong nước,Xăng,SUV,Ford,745000000,0,0
Ford F150 Harley Davidson 5.0 V8 2019,2019,Xe đã dùng,Nhập khẩu,Xăng,Bán tải / Pickup,Ford,4999000000,6,35000
Hyundai Tucson 2.0 AT Đặc biệt 2025,2025,Xe mới,Lắp ráp trong nước,Xăng,Crossover,Hyundai,818000000,0,0
Mercedes Benz GLC 200 4Matic 2021,2021,Xe đã dùng,Lắp ráp trong nước,Xăng,SUV,Mercedes,1559000000,4,27500
VinFast VF8 Eco 2024,2024,Xe đã dùng,Lắp ráp trong nước,Điện,SUV,VinFast,820000000,1,18000
Mitsubishi Xpander 1.5 AT 2021,2021,Xe đã dùng,Nhập khẩu,Xăng,SUV,Mitsubishi,490000000,4,100000
Mazda 6 Deluxe 2.0 AT 2019,2019,Xe đã dùng,Lắp ráp trong nước,Xăng,Sedan,Mazda,515000000,6,70000
Lexus RX 350 AWD 2014,2014,Xe đã dùng,Nhập khẩu,Xăng,SUV,Lexus,1260000000,11,80000
Lexus ES 250 2025,2025,Xe mới,Nhập khẩu,Xăng,Sedan,Lexus,2360000000,0,0
Porsche Cayenne 3.0 V6 2021,2021,Xe đã dùng,Nhập khẩu,Xăng,SUV,Porsche,3888000000,4,63000
Toyota Corolla altis 1.8G AT 2020,2020,Xe đã dùng,Lắp ráp trong nước,Xăng,Sedan,Toyota,555000000,5,87736
Ford Ranger XLS 2.2L 4x2 MT 2015,2015,Xe đã dùng,Nhập khẩu,Dầu,Bán tải / Pickup,Ford,329000000,10,126000
Mazda 2 Premium 2018,2018,Xe đã dùng,Nhập khẩu,Xăng,Sedan,Mazda,368000000,7,100000
Mitsubishi Xpander 1.5 AT 2021,2021,Xe đã dùng,Nhập khẩu,Xăng,SUV,Mitsubishi,475000000,4,52000
Nissan Kicks e-Power V 2023,2023,Xe đã dùng,Nhập khẩu,Hybrid,SUV,Nissan,675000000,2,8000
VinFast VF9 Plus 2025,2025,Xe mới,Lắp ráp trong nước,Điện,SUV,VinFast,1598000000,0,0
Mercedes Benz C class C300 AMG 2012,2012,Xe đã dùng,Lắp ráp trong nước,Xăng,Sedan,Mercedes,365000000,13,130000
Mercedes Benz E class E300 AMG 2019,2019,Xe đã dùng,Lắp ráp trong nước,Xăng,Sedan,Mercedes,1385000000,6,46000
LandRover Range Rover Evoque Dynamic 2013,2013,Xe đã dùng,Nhập khẩu,Xăng,SUV,LandRover,530000000,12,80000
Hyundai SantaFe Cao cấp 2.2L HTRAC 2022,2022,Xe đã dùng,Lắp ráp trong nước,Dầu,SUV,Hyundai,1150000000,3,49980
Mercedes Benz GLC 300 4Matic 2023,2023,Xe đã dùng,Lắp ráp trong nước,Xăng,SUV,Mercedes,2399000000,2,15000
Honda CRV L 2023,2023,Xe đã dùng,Lắp ráp trong nước,Xăng,SUV,Honda,999000000,2,31020
VinFast VF8 Plus 2025,2025,Xe mới,Lắp ráp trong nước,Điện,SUV,VinFast,1128000000,0,0
Mazda CX5 2.5 AT 2WD 2018,2018,Xe đã dùng,Lắp ráp trong nước,Xăng,SUV,Mazda,599000000,7,85689
Mazda BT50 Luxury 2.2L 4x2 AT 2020,2020,Xe đã dùng,Nhập khẩu,Dầu,Bán tải / Pickup,Mazda,495000000,5,40000
Hyundai SantaFe 2.4L 4WD 2016,2016,Xe đã dùng,Lắp ráp trong nước,Xăng,SUV,Hyundai,575000000,9,85689
Toyota Corolla Cross 1.8V 2021,2021,Xe đã dùng,Nhập khẩu,Xăng,SUV,Toyota,700000000,4,46000
Nissan Navara EL Premium Z 2019,2019,Xe đã dùng,Nhập khẩu,Dầu,Bán tải / Pickup,Nissan,450000000,6,10
Hyundai SantaFe Tiêu chuẩn 2.2L 2022,2022,Xe đã dùng,Lắp ráp trong nước,Dầu,SUV,Hyundai,985000000,3,63000
Volkswagen New Beetle 2.5 AT 2007,2007,Xe đã dùng,Nhập khẩu,Xăng,Coupe,Volkswagen,399000000,18,40000
Mercedes Benz E class E300 AMG 2019,2019,Xe đã dùng,Lắp ráp trong nước,Xăng,Sedan,Mercedes,1433000000,6,25000
Hyundai Tucson 2.0 ATH 2019,2019,Xe đã dùng,Lắp ráp trong nước,Xăng,Crossover,Hyundai,675000000,6,90000
VinFast VF6 Eco 2025,2025,Xe mới,Lắp ráp trong nước,Điện,SUV,VinFast,654000000,0,0
Toyota Fortuner 2.7V 4x2 AT 2019,2019,Xe đã dùng,Nhập khẩu,Xăng,SUV,Toyota,803000000,6,24991
LandRover Range Rover HSE 3.0 V6 2019,2019,Xe đã dùng,Nhập khẩu,Xăng,SUV,LandRover,4789000000,6,61000
Lexus ES 250 2025,2025,Xe mới,Nhập khẩu,Xăng,Sedan,Lexus,2360000000,0,0
MG ZS Standard 1.5 AT 2WD 2024,2024,Xe mới,Nhập khẩu,Xăng,Crossover,MG,440000000,1,0
Kia Morning Van 1.0 AT 2016,2016,Xe đã dùng,Nhập khẩu,Xăng,Van/Minivan,Kia,190000000,9,62000
Mazda 3 1.5L Sport Luxury 2025,2025,Xe mới,Lắp ráp trong nước,Xăng,Hatchback,Mazda,624000000,0,0
Mercedes Benz E class E300 AMG 2022,2022,Xe đã dùng,Lắp ráp trong nước,Xăng,Sedan,Mercedes,2200000000,3,44
Honda CRV L 2025,2025,Xe mới,Lắp ráp trong nước,Xăng,SUV,Honda,1033000000,0,0
Mitsubishi Outlander 2.0 CVT 2022,2022,Xe đã dùng,Lắp ráp trong nước,Xăng,SUV,Mitsubishi,685000000,3,53000
Mercedes Benz GLC 300 4Matic 2020,2020,Xe đã dùng,Lắp ráp trong nước,Xăng,SUV,Mercedes,1380000000,5,50000
Mazda 3 1.5 AT 2016,2016,Xe đã dùng,Lắp ráp trong nước,Xăng,Hatchback,Mazda,345000000,9,98000
BMW 5 Series 520i Luxury Line 2022,2022,Xe đã dùng,Lắp ráp trong nước,Xăng,Sedan,BMW,1579000000,3,23000
Volvo XC90 Ultimate B6 AWD 2024,2024,Xe mới,Nhập khẩu,Xăng,SUV,Volvo,3650000000,1,0
Mercedes Benz GLC 200 4Matic 2021,2021,Xe đã dùng,Lắp ráp trong nước,Xăng,SUV,Mercedes,1439000000,4,37000
Kia Optima 2.0 ATH 2019,2019,Xe đã dùng,Lắp ráp trong nước,Xăng,Sedan,Kia,475000000,6,80000
Toyota Prado VX 2.7L 2021,2021,Xe đã dùng,Nhập khẩu,Xăng,SUV,Toyota,2480000000,4,48000
BMW 5 Series 530i M Sport 2022,2022,Xe mới,Nhập khẩu,Xăng,Sedan,BMW,2205000000,3,0
Toyota Prado LC250 2.4L 2025,2025,Xe mới,Nhập khẩu,Xăng,SUV,Toyota,3500000000,0,0
Ford Ranger Wildtrak 2.0L 4x4 AT 2025,2025,Xe mới,Lắp ráp trong nước,Dầu,Bán tải / Pickup,Ford,840000000,0,0
Mitsubishi Outlander 2.0 CVT Premium 2018,2018,Xe đã dùng,Lắp ráp trong nước,Xăng,SUV,Mitsubishi,579000000,7,70000
Toyota Raize G 1.0 CVT 2024,2024,Xe đã dùng,Nhập khẩu,Xăng,SUV,Toyota,510000000,1,2000
VinFast Lux SA 2.0 Premium 2.0 AT 2020,2020,Xe đã dùng,Lắp ráp trong nước,Xăng,SUV,VinFast,679000000,5,0
Ford Transit Premium+ 2025,2025,Xe mới,Lắp ráp trong nước,Dầu,Van/Minivan,Ford,1061000000,0,0
Hyundai SantaFe Tiêu chuẩn 2.5L 2023,2023,Xe đã dùng,Lắp ráp trong nước,Xăng,SUV,Hyundai,935000000,2,40000
Bentley Flying Spur Speed 2011,2011,Xe đã dùng,Nhập khẩu,Xăng,Sedan,Bentley,1980000000,14,80000
Ford Ranger Limited 2.0L 4x4 AT 2021,2021,Xe đã dùng,Nhập khẩu,Dầu,Bán tải / Pickup,Ford,610000000,4,0
Mercedes Benz GLC 300 4Matic 2021,2021,Xe đã dùng,Lắp ráp trong nước,Xăng,SUV,Mercedes,1679000000,4,60000
Ford Ranger XLS 2.2L 4x2 MT 2016,2016,Xe đã dùng,Nhập khẩu,Dầu,Bán tải / Pickup,Ford,345000000,9,92000
Honda Jazz V 2018,2018,Xe đã dùng,Nhập khẩu,Xăng,Hatchback,Honda,330000000,7,70000
Ford Everest Titanium 2.0L 4x4 AT 2022,2022,Xe đã dùng,Nhập khẩu,Dầu,SUV,Ford,1045000000,3,48000
Kia Sedona 2.2L DATH 2017,2017,Xe đã dùng,Lắp ráp trong nước,Dầu,Van/Minivan,Kia,619000000,8,140000
Audi Q5 45 TFSI Quattro 2021,2021,Xe đã dùng,Nhập khẩu,Xăng,SUV,Audi,1580000000,4,0
Ford Ranger Raptor 2.0L 4x4 AT 2025,2025,Xe mới,Nhập khẩu,Dầu,Bán tải / Pickup,Ford,1306000000,0,0
Mazda CX5 2.0 Premium 2019,2019,Xe đã dùng,Lắp ráp trong nước,Xăng,SUV,Mazda,645000000,6,0
Mini Cooper S 5 Door 2025,2025,Xe mới,Nhập khẩu,Xăng,Hatchback,Mini,2149000000,0,0
Mercedes Benz C class C250 Exclusive 2016,2016,Xe đã dùng,Lắp ráp trong nước,Xăng,Sedan,Mercedes,665000000,9,70000
Lexus RX 350h Premium 2025,2025,Xe mới,Nhập khẩu,Hybrid,SUV,Lexus,3510000000,0,0
Ford Everest Titanium Plus 2.0L 4x4 AT 2024,2024,Xe đã dùng,Nhập khẩu,Dầu,SUV,Ford,1470000000,1,4700
Toyota Hiace Van 2.5 2010,2010,Xe đã dùng,Lắp ráp trong nước,Dầu,Van/Minivan,Toyota,266000000,15,245700
Lexus RX 350 AWD 2010,2010,Xe đã dùng,Nhập khẩu,Xăng,SUV,Lexus,890000000,15,86000
Toyota Yaris 1.5G 2018,2018,Xe đã dùng,Nhập khẩu,Xăng,Hatchback,Toyota,440000000,7,40000
LandRover Range Rover Autobiography 5.0 2015,2015,Xe đã dùng,Nhập khẩu,Xăng,SUV,LandRover,2380000000,10,10000
Hyundai Elantra Sport 1.6 AT 2020,2020,Xe đã dùng,Lắp ráp trong nước,Xăng,Sedan,Hyundai,509000000,5,61000
Mercedes Benz S class S400L 2015,2015,Xe đã dùng,Lắp ráp trong nước,Xăng,Sedan,Mercedes,1150000000,10,128000
Kia Morning AT 2020,2020,Xe đã dùng,Lắp ráp trong nước,Xăng,Hatchback,Kia,295000000,5,52000
Volkswagen Teramont 2.0 AT 2023,2023,Xe mới,Nhập khẩu,Xăng,SUV,Volkswagen,2099000000,2,0
Ford Ranger XLS 2.2L 4x2 AT 2021,2021,Xe đã dùng,Nhập khẩu,Dầu,Bán tải / Pickup,Ford,565000000,4,72000
Mitsubishi Triton GLX 2WD AT 2024,2024,Xe mới,Nhập khẩu,Dầu,Bán tải / Pickup,Mitsubishi,630000000,1,0
Ford Ranger Wildtrak 2.0L 4x4 AT 2025,2025,Xe mới,Lắp ráp trong nước,Dầu,Bán tải / Pickup,Ford,839000000,0,0
Toyota Innova 2.0E 2019,2019,Xe đã dùng,Lắp ráp trong nước,Xăng,Crossover,Toyota,485000000,6,0
Isuzu MU-X 3.0L 4x4 AT 2019,2019,Xe đã dùng,Nhập khẩu,Dầu,SUV,Isuzu,710000000,6,60000
Mazda 3 1.5 AT 2015,2015,Xe đã dùng,Lắp ráp trong nước,Xăng,Sedan,Mazda,358000000,10,54000
Lexus LX 600 Urban 2025,2025,Xe mới,Nhập khẩu,Xăng,SUV,Lexus,8590000000,0,0
Mercedes Benz C class C200 Exclusive 2019,2019,Xe đã dùng,Lắp ráp trong nước,Xăng,Sedan,Mercedes,1030000000,6,600
Honda Civic 1.5L Vtec Turbo 2018,2018,Xe đã dùng,Nhập khẩu,Xăng,Sedan,Honda,520000000,7,54000
Mercedes Benz E class E200 2019,2019,Xe đã dùng,Lắp ráp trong nước,Xăng,Sedan,Mercedes,999000000,6,0
Toyota Land Cruiser 3.5 V6 2025,2025,Xe mới,Nhập khẩu,Xăng,SUV,Toyota,4580000000,0,0
Kia K3 2.0 AT 2015,2015,Xe đã dùng,Lắp ráp trong nước,Xăng,Sedan,Kia,355000000,10,53000
Mercedes Benz E class E200 2018,2018,Xe đã dùng,Lắp ráp trong nước,Xăng,Sedan,Mercedes,955000000,7,52000
Ford Ranger Wildtrak 3.2L 4x4 AT 2017,2017,Xe đã dùng,Nhập khẩu,Dầu,Bán tải / Pickup,Ford,565000000,8,100000
Toyota Hiace 2.7 2010,2010,Xe đã dùng,Lắp ráp trong nước,Xăng,Van/Minivan,Toyota,239000000,15,200000
Mazda 3 1.5 AT 2016,2016,Xe đã dùng,Lắp ráp trong nước,Xăng,Sedan,Mazda,360000000,9,99000
Mazda CX5 Deluxe 2.0 AT 2022,2022,Xe đã dùng,Lắp ráp trong nước,Xăng,SUV,Mazda,669000000,3,20000
Toyota Fortuner 2.4L 4x2 AT 2022,2022,Xe đã dùng,Lắp ráp trong nước,Dầu,SUV,Toyota,959000000,3,0
Ford Territory Trend 1.5 AT 2025,2025,Xe mới,Lắp ráp trong nước,Xăng,SUV,Ford,759000000,0,0
Mercedes Benz E class E300 AMG 2021,2021,Xe đã dùng,Lắp ráp trong nước,Xăng,Sedan,Mercedes,1899000000,4,33333
Mercedes Benz GLC 200 4Matic 2020,2020,Xe đã dùng,Lắp ráp trong nước,Xăng,SUV,Mercedes,1290000000,5,64000
Ford Ranger XLS 2.0L 4x2 AT 2025,2025,Xe mới,Lắp ráp trong nước,Dầu,Bán tải / Pickup,Ford,707000000,0,0
Mitsubishi Xforce Premium 2025,2025,Xe mới,Nhập khẩu,Xăng,SUV,Mitsubishi,593000000,0,0
Mercedes Benz E class E300 AMG 2022,2022,Xe đã dùng,Lắp ráp trong nước,Xăng,Sedan,Mercedes,1830000000,3,50000
Toyota Yaris 1.5 AT 2012,2012,Xe đã dùng,Nhập khẩu,Xăng,Hatchback,Toyota,265000000,13,131000
Toyota Corolla Cross 1.8HV 2021,2021,Xe đã dùng,Nhập khẩu,Hybrid,SUV,Toyota,750000000,4,58000
Mercedes Benz GLC 300 4Matic 2025,2025,Xe đã dùng,Lắp ráp trong nước,Xăng,SUV,Mercedes,2750000000,0,0
Honda CRV 2.4 AT 2014,2014,Xe đã dùng,Lắp ráp trong nước,Xăng,SUV,Honda,465000000,11,90000
Mercedes Benz C class C200 2016,2016,Xe đã dùng,Lắp ráp trong nước,Xăng,Sedan,Mercedes,580000000,9,74000
Mazda CX5 2.5 AT 2016,2016,Xe đã dùng,Lắp ráp trong nước,Xăng,SUV,Mazda,485000000,9,120000
Hyundai Accent 1.4 AT Đặc Biệt 2023,2023,Xe đã dùng,Lắp ráp trong nước,Xăng,Sedan,Hyundai,479000000,2,58000
VinFast VF5 Plus 2024,2024,Xe đã dùng,Lắp ráp trong nước,Điện,SUV,VinFast,475000000,1,12000
Toyota Vios G 1.5 CVT 2021,2021,Xe đã dùng,Lắp ráp trong nước,Xăng,Sedan,Toyota,439000000,4,65000
Kia Seltos Premium 1.6 AT 2022,2022,Xe đã dùng,Lắp ráp trong nước,Xăng,Crossover,Kia,645000000,3,54000
Ford Ranger XLS 2.2L 4x2 AT 2021,2021,Xe đã dùng,Nhập khẩu,Dầu,Bán tải / Pickup,Ford,545000000,4,62000
Peugeot 5008 1.6 AT 2018,2018,Xe đã dùng,Lắp ráp trong nước,Xăng,SUV,Peugeot,650000000,7,49219
Toyota Camry SE 2.5 AT 2015,2015,Xe đã dùng,Nhập khẩu,Xăng,Sedan,Toyota,799000000,10,90000
Mazda 3 1.5L Luxury 2022,2022,Xe đã dùng,Lắp ráp trong nước,Xăng,Sedan,Mazda,565000000,3,71000
Ford Ranger XLS 2.0L 4x4 AT 2023,2023,Xe đã dùng,Lắp ráp trong nước,Dầu,Bán tải / Pickup,Ford,685000000,2,30000
VinFast VF5 Plus 2024,2024,Xe mới,Lắp ráp trong nước,Điện,SUV,VinFast,513000000,1,0
Lexus ES 300h 2021,2021,Xe đã dùng,Nhập khẩu,Hybrid,Sedan,Lexus,2499000000,4,27000
Toyota Yaris Cross 1.5 D-CVT 2025,2025,Xe mới,Nhập khẩu,Xăng,SUV,Toyota,617000000,0,0
Ford Transit SVP 2018,2018,Xe đã dùng,Lắp ráp trong nước,Dầu,Van/Minivan,Ford,435000000,7,215000
Mercedes Benz E class E200 2016,2016,Xe đã dùng,Lắp ráp trong nước,Xăng,Sedan,Mercedes,790000000,9,90000
Mazda CX 30 Luxury 2.0 AT 2025,2025,Xe mới,Nhập khẩu,Xăng,Crossover,Mazda,684000000,0,0
Mazda CX5 Premium 2.0 AT 2023,2023,Xe đã dùng,Lắp ráp trong nước,Xăng,SUV,Mazda,775000000,2,32000
Volvo XC60 Ultra B6 AWD 2025,2025,Xe mới,Nhập khẩu,Xăng,SUV,Volvo,2279000000,0,0
Subaru Forester 2.0i-L 2023,2023,Xe đã dùng,Nhập khẩu,Xăng,SUV,Subaru,765000000,2,22000
Hyundai Getz 1.1 MT 2010,2010,Xe đã dùng,Nhập khẩu,Xăng,Hatchback,Hyundai,110000000,15,0
Ford Ranger XLS 2.0L 4x4 AT 2025,2025,Xe mới,Lắp ráp trong nước,Dầu,Bán tải / Pickup,Ford,669000000,0,0
Hyundai Tucson 1.6 AT Turbo 2019,2019,Xe đã dùng,Lắp ráp trong nước,Xăng,Crossover,Hyundai,655000000,6,57000
Mitsubishi Xpander Cross 1.5 AT 2025,2025,Xe mới,Nhập khẩu,Xăng,SUV,Mitsubishi,610000000,0,0
Mercedes Benz GLE Class GLE 53 4Matic+ Coupe AMG 2023,2023,Xe đã dùng,Nhập khẩu,Xăng,SUV,Mercedes,4200000000,2,33000
Mercedes Benz C class C300 AMG 2016,2016,Xe đã dùng,Lắp ráp trong nước,Xăng,Sedan,Mercedes,679000000,9,1
Toyota Sienna Limited 3.5 2014,2014,Xe đã dùng,Nhập khẩu,Xăng,Van/Minivan,Toyota,1280000000,11,80000
Kia Carnival Signature 2.2D 2022,2022,Xe đã dùng,Lắp ráp trong nước,Dầu,Van/Minivan,Kia,1269000000,3,39000
Mercedes Benz C class C200 Exclusive 2021,2021,Xe đã dùng,Lắp ráp trong nước,Xăng,Sedan,Mercedes,1055000000,4,36000
Toyota Prado TXL 2.7L 2016,2016,Xe đã dùng,Nhập khẩu,Xăng,SUV,Toyota,1320000000,9,113000
Mercedes Benz C class C200 2014,2014,Xe đã dùng,Lắp ráp trong nước,Xăng,Sedan,Mercedes,555000000,11,90000
Lexus LX 570 Super Sport MBS 2020,2020,Xe đã dùng,Nhập khẩu,Xăng,SUV,Lexus,8350000000,5,50000
Hyundai Accent 1.4 AT 2021,2021,Xe đã dùng,Lắp ráp trong nước,Xăng,Sedan,Hyundai,410000000,4,40000
Kia Carnival Signature 3.5G 2022,2022,Xe đã dùng,Lắp ráp trong nước,Xăng,Van/Minivan,Kia,1235000000,3,0
Toyota Land Cruiser 4.6 V8 2020,2020,Xe đã dùng,Nhập khẩu,Xăng,SUV,Toyota,4250000000,5,99000
Toyota Wigo E 1.2 MT 2023,2023,Xe đã dùng,Nhập khẩu,Xăng,Hatchback,Toyota,340000000,2,17000
Toyota Rush 1.5S AT 2021,2021,Xe đã dùng,Nhập khẩu,Xăng,SUV,Toyota,495000000,4,57000
MG 5 Luxury 1.5 AT 2023,2023,Xe đã dùng,Nhập khẩu,Xăng,Sedan,MG,425000000,2,30000
Hyundai Tucson 2.0 AT Tiêu chuẩn 2021,2021,Xe đã dùng,Lắp ráp trong nước,Xăng,Crossover,Hyundai,635000000,4,60000
Hyundai Accent Đặc biệt 1.5 AT 2025,2025,Xe mới,Lắp ráp trong nước,Xăng,Sedan,Hyundai,517000000,0,0
Kia Sedona 2.2L DATH 2016,2016,Xe đã dùng,Lắp ráp trong nước,Dầu,Van/Minivan,Kia,615000000,9,110000
Toyota Innova G 2006,2006,Xe đã dùng,Lắp ráp trong nước,Xăng,Crossover,Toyota,178000000,19,240000
Ford Everest Titanium 2.0L 4x4 AT 2019,2019,Xe đã dùng,Nhập khẩu,Dầu,SUV,Ford,855000000,6,100000
VinFast VF9 Plus 2024,2024,Xe đã dùng,Lắp ráp trong nước,Điện,SUV,VinFast,1370000000,1,2800
Lexus RX 350 Luxury 2024,2024,Xe đã dùng,Nhập khẩu,Xăng,SUV,Lexus,4596000000,1,9000
VinFast Lux A 2.0 2.0 AT 2020,2020,Xe đã dùng,Lắp ráp trong nước,Xăng,Sedan,VinFast,498000000,5,80666
VinFast Lux SA 2.0 2.0 AT 2019,2019,Xe đã dùng,Lắp ráp trong nước,Xăng,SUV,VinFast,599000000,6,60000
Mercedes Benz C class C250 Exclusive 2016,2016,Xe đã dùng,Lắp ráp trong nước,Xăng,Sedan,Mercedes,639000000,9,82000
Hyundai Elantra 2.0 AT 2017,2017,Xe đã dùng,Lắp ráp trong nước,Xăng,Sedan,Hyundai,369000000,8,120000
Suzuki Swift Special 1.2 AT 2019,2019,Xe đã dùng,Nhập khẩu,Xăng,Hatchback,Suzuki,339000000,6,50000
Toyota Sienna LE 3.5 2007,2007,Xe đã dùng,Nhập khẩu,Xăng,Van/Minivan,Toyota,298000000,18,130323
MG ZS Standard 1.5 AT 2WD 2025,2025,Xe mới,Nhập khẩu,Xăng,Crossover,MG,425000000,0,0
Hyundai SantaFe Cao cấp 2.5L HTRAC 2023,2023,Xe đã dùng,Lắp ráp trong nước,Xăng,SUV,Hyundai,1169000000,2,29000
Mercedes Benz GLC 300 4Matic 2024,2024,Xe đã dùng,Lắp ráp trong nước,Xăng,SUV,Mercedes,2398000000,1,12000
VinFast Lux A 2.0 2.0 AT 2021,2021,Xe đã dùng,Lắp ráp trong nước,Xăng,Sedan,VinFast,545000000,4,52000
Ford Ranger XLT 4x4 MT 2004,2004,Xe đã dùng,Lắp ráp trong nước,Dầu,Bán tải / Pickup,Ford,128000000,21,138000
Mercedes Benz E class E200 2014,2014,Xe đã dùng,Lắp ráp trong nước,Xăng,Sedan,Mercedes,560000000,11,71000
Honda City 1.5 AT 2016,2016,Xe đã dùng,Lắp ráp trong nước,Xăng,Sedan,Honda,340000000,9,123654
Toyota Fortuner 2.7V 4X2 AT 2016,2016,Xe đã dùng,Lắp ráp trong nước,Xăng,SUV,Toyota,455000000,9,12000
Mazda 2 Sport Premium 2021,2021,Xe đã dùng,Nhập khẩu,Xăng,Hatchback,Mazda,615000000,4,50000
Ford Ranger Wildtrak 2.0L 4x4 AT 2022,2022,Xe đã dùng,Lắp ráp trong nước,Dầu,Bán tải / Pickup,Ford,750000000,3,18000
MG 5 1.5 MT 2024,2024,Xe mới,Nhập khẩu,Xăng,Sedan,MG,315000000,1,0
Mercedes Benz EQB 250 2023,2023,Xe mới,Nhập khẩu,Điện,SUV,Mercedes,2111000000,2,0
Toyota Corolla altis 1.8G AT 2010,2010,Xe đã dùng,Lắp ráp trong nước,Xăng,Sedan,Toyota,265000000,15,136000
Porsche Cayenne S 2019,2019,Xe đã dùng,Nhập khẩu,Xăng,SUV,Porsche,3800000000,6,80000
Toyota Camry 2.5Q 2019,2019,Xe đã dùng,Nhập khẩu,Xăng,Sedan,Toyota,845000000,6,32000
Mitsubishi Xforce Ultimate 2025,2025,Xe mới,Nhập khẩu,Xăng,SUV,Mitsubishi,650000000,0,0
Toyota Innova 2.0 Venturer 2019,2019,Xe đã dùng,Lắp ráp trong nước,Xăng,Crossover,Toyota,580000000,6,0
Ford Everest Titanium 2.0L 4x2 AT 2025,2025,Xe mới,Nhập khẩu,Dầu,SUV,Ford,1250000000,0,0
Ford Ranger XLS 2.2L 4x2 AT 2021,2021,Xe đã dùng,Nhập khẩu,Dầu,Bán tải / Pickup,Ford,548000000,4,75000
Lexus GX 460 2020,2020,Xe đã dùng,Nhập khẩu,Xăng,SUV,Lexus,4389000000,5,40000
BMW 5 Series 528i GT 2017,2017,Xe đã dùng,Nhập khẩu,Xăng,Sedan,BMW,859000000,8,59500
BMW X5 xDrive40i xLine 2023,2023,Xe mới,Lắp ráp trong nước,Xăng,SUV,BMW,3369000000,2,0
Ford Ranger XLS 2.2L 4x2 AT 2015,2015,Xe đã dùng,Nhập khẩu,Dầu,Bán tải / Pickup,Ford,400000000,10,110000
Mercedes Benz GLC 300 4Matic 2024,2024,Xe đã dùng,Lắp ráp trong nước,Xăng,SUV,Mercedes,2750000000,1,5000
Isuzu MU-X B7 1.9 4X2 MT 2022,2022,Xe đã dùng,Nhập khẩu,Dầu,SUV,Isuzu,635000000,3,0
Kia Sorento GATH 2015,2015,Xe đã dùng,Lắp ráp trong nước,Xăng,SUV,Kia,448000000,10,76000
Mazda BT50 Luxury 2.2L 4x2 AT 2020,2020,Xe đã dùng,Nhập khẩu,Dầu,Bán tải / Pickup,Mazda,493000000,5,86000
Toyota Alphard Luxury Executive Lounge 2021,2021,Xe đã dùng,Nhập khẩu,Xăng,Van/Minivan,Toyota,3550000000,4,50000
Mazda 3 2.0 AT 2017,2017,Xe đã dùng,Lắp ráp trong nước,Xăng,Sedan,Mazda,419000000,8,0
Lexus LX 570 Super Sport MBS 2020,2020,Xe đã dùng,Nhập khẩu,Xăng,SUV,Lexus,8300000000,5,0
VinFast VF3 Plus 2025,2025,Xe mới,Lắp ráp trong nước,Điện,Hatchback,VinFast,288000000,0,0
MG ZS Standard 1.5 AT 2WD 2021,2021,Xe đã dùng,Nhập khẩu,Xăng,Crossover,MG,399000000,4,40000
Mercedes Benz E class E200 2014,2014,Xe đã dùng,Lắp ráp trong nước,Xăng,Sedan,Mercedes,545000000,11,60000
VinFast VF7 Eco 2025,2025,Xe mới,Lắp ráp trong nước,Điện,SUV,VinFast,750000000,0,0
Mercedes Benz S class S450 4Matic 2022,2022,Xe đã dùng,Nhập khẩu,Xăng,Sedan,Mercedes,3799000000,3,23500
Audi A8 L V6 3.0 TFSI 2014,2014,Xe đã dùng,Nhập khẩu,Xăng,Sedan,Audi,1150000000,11,120000
Kia Soluto 1.4 AT Deluxe 2024,2024,Xe đã dùng,Lắp ráp trong nước,Xăng,Sedan,Kia,410000000,1,36000
VinFast Lux SA 2.0 2.0 AT 2021,2021,Xe đã dùng,Lắp ráp trong nước,Xăng,SUV,VinFast,670000000,4,80000
Mazda CX5 Premium Exclusive 2.0 AT 2023,2023,Xe đã dùng,Lắp ráp trong nước,Xăng,SUV,Mazda,830000000,2,12000
Kia Carnival Signature 3.5G 2022,2022,Xe đã dùng,Lắp ráp trong nước,Xăng,Van/Minivan,Kia,1200000000,3,55000
Hyundai i10 1.2 AT Tiêu Chuẩn 2025,2025,Xe mới,Lắp ráp trong nước,Xăng,Hatchback,Hyundai,398000000,0,0
Toyota Fortuner 2.7V 4x2 AT 2019,2019,Xe đã dùng,Nhập khẩu,Xăng,SUV,Toyota,779000000,6,76000
MG 5 Standard 1.5 AT 2024,2024,Xe mới,Nhập khẩu,Xăng,Sedan,MG,380000000,1,0
VinFast Minio Green At 2025,2025,Xe mới,Lắp ráp trong nước,Điện,Hatchback,VinFast,269000000,0,0
Mazda CX5 2.0 AT 2016,2016,Xe đã dùng,Lắp ráp trong nước,Xăng,SUV,Mazda,480000000,9,90000
Kia Sonet Premium 1.5 AT 2022,2022,Xe đã dùng,Lắp ráp trong nước,Xăng,Crossover,Kia,529000000,3,65000
Lamborghini Aventador LP 700-4 2015,2015,Xe đã dùng,Nhập khẩu,Xăng,Coupe,Lamborghini,16999000000,10,30000
Kia Carens SXAT 2011,2011,Xe đã dùng,Lắp ráp trong nước,Xăng,Crossover,Kia,245000000,14,100000
Peugeot 2008 Active 1.2 AT 2021,2021,Xe đã dùng,Lắp ráp trong nước,Xăng,Crossover,Peugeot,565000000,4,0
Hyundai Accent 1.4 MT Tiêu Chuẩn 2023,2023,Xe đã dùng,Lắp ráp trong nước,Xăng,Sedan,Hyundai,348000000,2,48000
Mercedes Benz GLC 300 4Matic 2016,2016,Xe đã dùng,Lắp ráp trong nước,Xăng,SUV,Mercedes,938000000,9,87000
Mercedes Benz E class E300 AMG 2025,2025,Xe mới,Lắp ráp trong nước,Xăng,Sedan,Mercedes,2250000000,0,0
BMW 5 Series 520i 2016,2016,Xe đã dùng,Nhập khẩu,Xăng,Sedan,BMW,819000000,9,42000
Toyota Innova 2.0E 2018,2018,Xe đã dùng,Lắp ráp trong nước,Xăng,Crossover,Toyota,400000000,7,95000
Kia Carens EXMT 2015,2015,Xe đã dùng,Lắp ráp trong nước,Xăng,Crossover,Kia,225000000,10,140000
Toyota Raize G 1.0 CVT 2025,2025,Xe mới,Nhập khẩu,Xăng,SUV,Toyota,484000000,0,0
Mercedes Benz C class C250 AMG 2015,2015,Xe đã dùng,Lắp ráp trong nước,Xăng,Sedan,Mercedes,590000000,10,108000
Nissan Navara VL 2.3 AT 4WD 2023,2023,Xe đã dùng,Nhập khẩu,Dầu,Bán tải / Pickup,Nissan,760000000,2,14000
Audi A8 L V6 3.0 TFSI 2014,2014,Xe đã dùng,Nhập khẩu,Xăng,Sedan,Audi,1199000000,11,80000
Peugeot 408 Allure 1.6 AT 2025,2025,Xe đã dùng,Lắp ráp trong nước,Xăng,Crossover,Peugeot,955000000,0,2500
Volkswagen Touareg Elegance 2.0 TSI 2024,2024,Xe mới,Nhập khẩu,Xăng,SUV,Volkswagen,2368000000,1,0
LandRover Range Rover Autobiography LWB 3.0 I6 2020,2020,Xe đã dùng,Nhập khẩu,Xăng,SUV,LandRover,6150000000,5,35000
Mitsubishi Xforce Ultimate 2025,2025,Xe mới,Nhập khẩu,Xăng,SUV,Mitsubishi,620000000,0,0
Lexus RX 300 2022,2022,Xe đã dùng,Nhập khẩu,Xăng,SUV,Lexus,2850000000,3,40000
Mazda CX5 Deluxe 2.0 AT 2025,2025,Xe mới,Lắp ráp trong nước,Xăng,SUV,Mazda,699000000,0,0
Honda CRV 2.4 AT - TG 2016,2016,Xe đã dùng,Lắp ráp trong nước,Xăng,SUV,Honda,555000000,9,70000
VinFast VF8 Plus 2025,2025,Xe mới,Lắp ráp trong nước,Điện,SUV,VinFast,1199000000,0,0
Toyota Corolla Cross 1.8V 2021,2021,Xe đã dùng,Nhập khẩu,Xăng,SUV,Toyota,699000000,4,66000
Ford Focus Sport 1.5L 2019,2019,Xe đã dùng,Lắp ráp trong nước,Xăng,Hatchback,Ford,475000000,6,0
Mercedes Benz S class S450 4Matic 2022,2022,Xe đã dùng,Nhập khẩu,Xăng,Sedan,Mercedes,3686000000,3,23000
LandRover Range Rover Velar R-Dynamic 2.0 2018,2018,Xe đã dùng,Nhập khẩu,Xăng,SUV,LandRover,2490000000,7,63000
Subaru Forester 2.0i-S EyeSight 2020,2020,Xe đã dùng,Nhập khẩu,Xăng,SUV,Subaru,660000000,5,75000
Mercedes Benz S class S500L 2016,2016,Xe đã dùng,Lắp ráp trong nước,Xăng,Sedan,Mercedes,1599000000,9,80000
Toyota Land Cruiser 3.5 V6 2025,2025,Xe mới,Nhập khẩu,Xăng,SUV,Toyota,4580000000,0,0
Mazda 6 Signature Premium 2.5 AT 2022,2022,Xe đã dùng,Lắp ráp trong nước,Xăng,Sedan,Mazda,725000000,3,43000
Mercedes Benz GLC 300 4Matic 2018,2018,Xe đã dùng,Lắp ráp trong nước,Xăng,SUV,Mercedes,1068000000,7,65000
Hyundai SantaFe 2.4L HTRAC 2020,2020,Xe đã dùng,Lắp ráp trong nước,Xăng,SUV,Hyundai,815000000,5,27000
Mitsubishi Outlander 2.0 CVT 2021,2021,Xe đã dùng,Lắp ráp trong nước,Xăng,SUV,Mitsubishi,650000000,4,0
Suzuki Jimny 1.5L 4x4 AT 2024,2024,Xe mới,Nhập khẩu,Xăng,SUV,Suzuki,670000000,1,0
Toyota Land Cruiser 3.5 V6 2025,2025,Xe mới,Nhập khẩu,Xăng,SUV,Toyota,4580000000,0,0
Mercedes Benz GLC 200 4Matic 2021,2021,Xe đã dùng,Lắp ráp trong nước,Xăng,SUV,Mercedes,1599000000,4,29000
Ford Ranger Raptor 2.0L 4x4 AT 2020,2020,Xe đã dùng,Nhập khẩu,Dầu,Bán tải / Pickup,Ford,915000000,5,64000
Mazda CX5 2.0 AT 2017,2017,Xe đã dùng,Lắp ráp trong nước,Xăng,SUV,Mazda,550000000,8,50000
VinFast Lux A 2.0 Plus 2.0 AT 2020,2020,Xe đã dùng,Lắp ráp trong nước,Xăng,Sedan,VinFast,550000000,5,30000
Mercedes Benz E class E300 AMG 2019,2019,Xe đã dùng,Lắp ráp trong nước,Xăng,Sedan,Mercedes,1399000000,6,48000
Volvo XC90 Plug-in Hybrid Ultra T8 AWD 2025,2025,Xe mới,Nhập khẩu,Hybrid,SUV,Volvo,4370000000,0,0
Toyota Innova 2.0G 2017,2017,Xe đã dùng,Lắp ráp trong nước,Xăng,Crossover,Toyota,515000000,8,60000
Volkswagen Tiguan Allspace 2023,2023,Xe mới,Nhập khẩu,Xăng,SUV,Volkswagen,1599000000,2,0
Mercedes Benz C class C300 AMG 2019,2019,Xe đã dùng,Lắp ráp trong nước,Xăng,Sedan,Mercedes,999000000,6,0
Kia Sonet Premium 1.5 AT 2022,2022,Xe đã dùng,Lắp ráp trong nước,Xăng,Crossover,Kia,535000000,3,0
BMW X4 xDrive20i 2016,2016,Xe đã dùng,Nhập khẩu,Xăng,SUV,BMW,890000000,9,88000
BMW 5 Series 528i GT 2016,2016,Xe đã dùng,Nhập khẩu,Xăng,Sedan,BMW,1059000000,9,14000
VinFast Fadil 1.4 AT 2020,2020,Xe đã dùng,Lắp ráp trong nước,Xăng,Hatchback,VinFast,282000000,5,75000
Kia Sedona 2.2 DAT Luxury 2020,2020,Xe đã dùng,Lắp ráp trong nước,Dầu,Van/Minivan,Kia,835000000,5,87000
Mercedes Benz GLC 200 4Matic 2023,2023,Xe đã dùng,Lắp ráp trong nước,Xăng,SUV,Mercedes,1895000000,2,23000
Ford Ranger XLS 2.0L 4x2 AT 2023,2023,Xe đã dùng,Lắp ráp trong nước,Dầu,Bán tải / Pickup,Ford,639000000,2,645
Mercedes Benz A class A45 AMG 2014,2014,Xe đã dùng,Nhập khẩu,Xăng,Hatchback,Mercedes,625000000,11,60000
Ford Territory Titanium X 1.5 AT 2023,2023,Xe đã dùng,Lắp ráp trong nước,Xăng,SUV,Ford,772000000,2,65000
Hyundai Tucson 1.6 AT Turbo HTRAC Đặc biệt 2025,2025,Xe mới,Lắp ráp trong nước,Xăng,Crossover,Hyundai,961000000,0,0
Mazda CX5 Premium 2.0 AT 2023,2023,Xe đã dùng,Lắp ráp trong nước,Xăng,SUV,Mazda,745000000,2,51000
Hyundai Accent 1.4 AT Đặc Biệt 2022,2022,Xe đã dùng,Lắp ráp trong nước,Xăng,Sedan,Hyundai,440000000,3,42000
Mazda 2 1.5 AT 2011,2011,Xe đã dùng,Lắp ráp trong nước,Xăng,Hatchback,Mazda,210000000,14,16000
Ford Ranger Wildtrak 3.2L 4x4 AT 2015,2015,Xe đã dùng,Nhập khẩu,Dầu,Bán tải / Pickup,Ford,428000000,10,110000
Toyota Camry 2.5Q 2019,2019,Xe đã dùng,Nhập khẩu,Xăng,Sedan,Toyota,815000000,6,110000
Lexus LS 500 2019,2019,Xe đã dùng,Nhập khẩu,Xăng,Sedan,Lexus,4350000000,6,58000
Kia Sonet Luxury 1.5 AT 2022,2022,Xe đã dùng,Lắp ráp trong nước,Xăng,Crossover,Kia,535000000,3,22000
Audi Q5 2.0 AT 2013,2013,Xe đã dùng,Nhập khẩu,Xăng,SUV,Audi,485000000,12,110000
Ford Everest Titanium 2.0L 4x2 AT 2025,2025,Xe mới,Nhập khẩu,Dầu,SUV,Ford,1229000000,0,0
Audi Q8 55 TFSI S-Line Quattro 2024,2024,Xe mới,Nhập khẩu,Xăng,SUV,Audi,4480000000,1,0
VinFast Fadil 1.4 AT 2020,2020,Xe đã dùng,Lắp ráp trong nước,Xăng,Hatchback,VinFast,298000000,5,48000
Luxgen U7 2.2T 2011,2011,Xe đã dùng,Nhập khẩu,Xăng,SUV,Luxgen,205000000,14,101000
Kia Carens 1.5G Luxury 2023,2023,Xe đã dùng,Lắp ráp trong nước,Xăng,SUV,Kia,599000000,2,0
Honda City 1.5 2019,2019,Xe đã dùng,Lắp ráp trong nước,Xăng,Sedan,Honda,375000000,6,60000
Mazda 6 2.0 AT 2014,2014,Xe đã dùng,Lắp ráp trong nước,Xăng,Sedan,Mazda,375000000,11,90000
BMW X5 xDrive40i M Sport 2024,2024,Xe mới,Lắp ráp trong nước,Xăng,SUV,BMW,3950000000,1,0
Lexus LS 460 2007,2007,Xe đã dùng,Nhập khẩu,Xăng,Sedan,Lexus,510000000,18,175000
Kia Sedona 3.3 GAT Premium 2019,2019,Xe đã dùng,Lắp ráp trong nước,Xăng,Van/Minivan,Kia,699000000,6,98000
Mercedes Benz E class E300 AMG 2019,2019,Xe đã dùng,Lắp ráp trong nước,Xăng,Sedan,Mercedes,1450000000,6,30000
Mazda 3 1.5L Luxury 2022,2022,Xe đã dùng,Lắp ráp trong nước,Xăng,Sedan,Mazda,579000000,3,55000
Kia Sportage Signature 1.6T AWD 2022,2022,Xe đã dùng,Lắp ráp trong nước,Xăng,Crossover,Kia,890000000,3,40000
Lexus ES 250 2017,2017,Xe đã dùng,Nhập khẩu,Xăng,Sedan,Lexus,1120000000,8,80000
Hyundai Creta Đặc biệt 1.5 AT 2024,2024,Xe đã dùng,Lắp ráp trong nước,Xăng,Crossover,Hyundai,615000000,1,10000
Toyota Fortuner 2.5G 2016,2016,Xe đã dùng,Lắp ráp trong nước,Dầu,SUV,Toyota,530000000,9,110000
Hyundai Elantra 1.6 AT Đặc biệt 2025,2025,Xe mới,Lắp ráp trong nước,Xăng,Sedan,Hyundai,648000000,0,0
Ford EcoSport Titanium 1.5L AT 2015,2015,Xe đã dùng,Lắp ráp trong nước,Xăng,SUV,Ford,265000000,10,0
Kia Carnival Signature 2.2D 2022,2022,Xe đã dùng,Lắp ráp trong nước,Dầu,Van/Minivan,Kia,1239000000,3,30000
Kia Cerato 1.6 AT Luxury 2021,2021,Xe đã dùng,Lắp ráp trong nước,Xăng,Sedan,Kia,499000000,4,50000
Mazda 3 1.5L Premium 2022,2022,Xe đã dùng,Lắp ráp trong nước,Xăng,Sedan,Mazda,595000000,3,51000
Mercedes Benz C class C300 AMG 2025,2025,Xe mới,Lắp ráp trong nước,Xăng,Sedan,Mercedes,2099000000,0,0
Hyundai Tucson 2.0 ATH 2016,2016,Xe đã dùng,Nhập khẩu,Xăng,Crossover,Hyundai,555000000,9,12345
Toyota Prado TXL 2.7L 2014,2014,Xe đã dùng,Nhập khẩu,Xăng,SUV,Toyota,935000000,11,160000
Ford EcoSport Titanium 1.5L AT 2019,2019,Xe đã dùng,Lắp ráp trong nước,Xăng,SUV,Ford,365000000,6,66000
Lexus RX 350 Premium 2025,2025,Xe mới,Nhập khẩu,Xăng,SUV,Lexus,3430000000,0,0
VinFast Lux A 2.0 Premium 2.0 AT 2019,2019,Xe đã dùng,Lắp ráp trong nước,Xăng,Sedan,VinFast,515000000,6,110000
Chevrolet Orlando LTZ 1.8 AT 2013,2013,Xe đã dùng,Lắp ráp trong nước,Xăng,SUV,Chevrolet,230000000,12,0
Hyundai Elantra 2.0 AT 2019,2019,Xe đã dùng,Lắp ráp trong nước,Xăng,Sedan,Hyundai,435000000,6,435
Mini Cooper Clubman S 2024,2024,Xe mới,Nhập khẩu,Xăng,Hatchback,Mini,2339000000,1,0
Toyota Fortuner 2.4G 4x2 AT 2019,2019,Xe đã dùng,Nhập khẩu,Dầu,SUV,Toyota,810000000,6,87000
Toyota Innova Cross 2.0 CVT 2025,2025,Xe mới,Nhập khẩu,Xăng,Crossover,Toyota,825000000,0,0
Ford EcoSport Trend 1.5L AT 2018,2018,Xe đã dùng,Lắp ráp trong nước,Xăng,SUV,Ford,345000000,7,75821
Toyota Prado VX 2.7L 2021,2021,Xe đã dùng,Nhập khẩu,Xăng,SUV,Toyota,2600000000,4,130000
Kia Sedona 2.2 DAT Luxury 2020,2020,Xe đã dùng,Lắp ráp trong nước,Dầu,Van/Minivan,Kia,835000000,5,60000
Mercedes Benz E class E300 AMG 2021,2021,Xe đã dùng,Lắp ráp trong nước,Xăng,Sedan,Mercedes,1760000000,4,40000
Kia Carnival Signature 2.2D 2023,2023,Xe đã dùng,Lắp ráp trong nước,Dầu,Van/Minivan,Kia,1315000000,2,22001
Audi A3 1.4 AT 2011,2011,Xe đã dùng,Nhập khẩu,Xăng,Hatchback,Audi,538000000,14,45000
Hyundai Accent 1.4 MT Tiêu Chuẩn 2022,2022,Xe đã dùng,Lắp ráp trong nước,Xăng,Sedan,Hyundai,345000000,3,0
Mercedes Benz C class C300 AMG 2024,2024,Xe đã dùng,Lắp ráp trong nước,Xăng,Sedan,Mercedes,1945000000,1,0
VinFast VF7 Plus 2025,2025,Xe mới,Lắp ráp trong nước,Điện,SUV,VinFast,893000000,0,0
BMW 7 Series 730Li 2015,2015,Xe đã dùng,Nhập khẩu,Xăng,Sedan,BMW,1559000000,10,30000
Kia Seltos Luxury 1.4 AT 2022,2022,Xe đã dùng,Lắp ráp trong nước,Xăng,Crossover,Kia,595000000,3,37000
Toyota Corolla altis 1.8V 2023,2023,Xe đã dùng,Nhập khẩu,Xăng,Sedan,Toyota,725000000,2,20000
Audi A4 1.8 TFSI 2012,2012,Xe đã dùng,Nhập khẩu,Xăng,Sedan,Audi,395000000,13,96000
Toyota Yaris Cross 1.5 D-CVT 2025,2025,Xe mới,Nhập khẩu,Xăng,SUV,Toyota,610000000,0,0
Mitsubishi Pajero Sport 3.0G 4x4 AT STD 2024,2024,Xe mới,Nhập khẩu,Xăng,SUV,Mitsubishi,1180000000,1,0
Hyundai SantaFe 2.2L 4WD 2018,2018,Xe đã dùng,Lắp ráp trong nước,Dầu,SUV,Hyundai,725000000,7,120000
Mazda 2 Sport Luxury 2023,2023,Xe đã dùng,Nhập khẩu,Xăng,Hatchback,Mazda,495000000,2,4000
Mercedes Benz EQE 500 4Matic 2024,2024,Xe mới,Nhập khẩu,Điện,SUV,Mercedes,3059000000,1,0
BMW 3 Series 320i Sport Line 2025,2025,Xe đã dùng,Lắp ráp trong nước,Xăng,Sedan,BMW,1399000000,0,16737
Mercedes Benz C class C180 AMG 2021,2021,Xe đã dùng,Lắp ráp trong nước,Xăng,Sedan,Mercedes,959000000,4,10000
Mercedes Benz C class C300 AMG 2021,2021,Xe đã dùng,Nhập khẩu,Xăng,Sedan,Mercedes,1220000000,4,52000
LandRover Discovery HSE SDV6 2015,2015,Xe đã dùng,Nhập khẩu,Dầu,SUV,LandRover,2350000000,10,70000
Toyota Yaris Cross 1.5 D-CVT 2025,2025,Xe mới,Nhập khẩu,Xăng,SUV,Toyota,630000000,0,0
Volvo XC60 Ultra B6 AWD 2025,2025,Xe mới,Nhập khẩu,Xăng,SUV,Volvo,2279000000,0,0
Ford Everest Wildtrak 2.0L 4x4 AT 2023,2023,Xe đã dùng,Nhập khẩu,Dầu,SUV,Ford,1395000000,2,45000
Kia Sportage Signature 1.6T AWD 2024,2024,Xe đã dùng,Lắp ráp trong nước,Xăng,Crossover,Kia,975000000,1,10000
Toyota Corolla Cross 1.8V 2022,2022,Xe đã dùng,Nhập khẩu,Xăng,SUV,Toyota,740000000,3,18000
Toyota Vios G 1.5 CVT 2022,2022,Xe đã dùng,Lắp ráp trong nước,Xăng,Sedan,Toyota,479000000,3,59910
Mercedes Benz GLC 300 4Matic 2023,2023,Xe đã dùng,Lắp ráp trong nước,Xăng,SUV,Mercedes,2639000000,2,10
Mini Cooper Clubman S 2017,2017,Xe đã dùng,Nhập khẩu,Xăng,Hatchback,Mini,1085000000,8,46836
Kia Carens 1.5G Luxury 2025,2025,Xe mới,Lắp ráp trong nước,Xăng,SUV,Kia,639000000,0,0
Ford Ranger XLS 2.2L 4x2 AT 2020,2020,Xe đã dùng,Nhập khẩu,Dầu,Bán tải / Pickup,Ford,565000000,5,69000
Mazda CX5 Premium 2.0 AT 2023,2023,Xe đã dùng,Lắp ráp trong nước,Xăng,SUV,Mazda,750000000,2,50000
Jaguar XE 2.0 T 2015,2015,Xe đã dùng,Nhập khẩu,Xăng,Sedan,Jaguar,650000000,10,59000
Hyundai i10 1.2 AT 2023,2023,Xe đã dùng,Lắp ráp trong nước,Xăng,Sedan,Hyundai,388000000,2,30000
Toyota Fortuner Legender 2.4L 4x2 AT 2025,2025,Xe đã dùng,Lắp ráp trong nước,Dầu,SUV,Toyota,1196000000,0,4500
Mercedes Benz E class E300 AMG 2023,2023,Xe mới,Lắp ráp trong nước,Xăng,Sedan,Mercedes,2249000000,2,0
Ford Ranger XLS 2.0L 4x2 AT 2025,2025,Xe mới,Lắp ráp trong nước,Dầu,Bán tải / Pickup,Ford,657000000,0,0
Hyundai SantaFe 2.4L 4WD 2015,2015,Xe đã dùng,Lắp ráp trong nước,Xăng,SUV,Hyundai,545000000,10,0
BMW 5 Series 520i 2023,2023,Xe mới,Lắp ráp trong nước,Xăng,Sedan,BMW,1969000000,2,0
Mercedes Benz G class G63 AMG 2021,2021,Xe đã dùng,Nhập khẩu,Xăng,SUV,Mercedes,8880000000,4,40000
VinFast Lux A 2.0 Premium 2.0 AT 2019,2019,Xe đã dùng,Lắp ráp trong nước,Xăng,Sedan,VinFast,515000000,6,67899
Mercedes Benz E class E180 2021,2021,Xe đã dùng,Lắp ráp trong nước,Xăng,Sedan,Mercedes,1269000000,4,36000
Ford Escape XLS 2.3L 4x2 AT 2013,2013,Xe đã dùng,Lắp ráp trong nước,Xăng,SUV,Ford,285000000,12,10234
Toyota Innova G 2.0 AT 2022,2022,Xe đã dùng,Lắp ráp trong nước,Xăng,Crossover,Toyota,702000000,3,13000
BMW X7 xDrive40i M Sport 2024,2024,Xe mới,Nhập khẩu,Xăng,SUV,BMW,4765000000,1,0
Ford Territory Titanium 1.5 AT 2025,2025,Xe mới,Lắp ráp trong nước,Xăng,SUV,Ford,739000000,0,0
Ford Ranger Wildtrak 2.0L 4x4 AT 2025,2025,Xe mới,Lắp ráp trong nước,Dầu,Bán tải / Pickup,Ford,839000000,0,0
Mazda 3 1.5 AT 2017,2017,Xe đã dùng,Lắp ráp trong nước,Xăng,Sedan,Mazda,415000000,8,75000
Ford Everest Titanium 2.0L 4x4 AT 2019,2019,Xe đã dùng,Nhập khẩu,Dầu,SUV,Ford,890000000,6,75000
Ford Ranger XLS 2.0L 4x2 AT 2025,2025,Xe mới,Lắp ráp trong nước,Dầu,Bán tải / Pickup,Ford,639000000,0,0
Kia Forte SLi 1.6 AT 2009,2009,Xe đã dùng,Nhập khẩu,Xăng,Sedan,Kia,222000000,16,14500
Mazda CX5 Deluxe 2.0 AT 2022,2022,Xe đã dùng,Lắp ráp trong nước,Xăng,SUV,Mazda,655000000,3,62000
Toyota Fortuner 2.4G 4x2 AT 2019,2019,Xe đã dùng,Lắp ráp trong nước,Dầu,SUV,Toyota,815000000,6,0
Mazda BT50 2.2L 4x2 AT 2017,2017,Xe đã dùng,Nhập khẩu,Dầu,Bán tải / Pickup,Mazda,365000000,8,130000
VinFast VF6 Plus 2025,2025,Xe mới,Lắp ráp trong nước,Điện,SUV,VinFast,704000000,0,0
Mercedes Benz GLC 200 4Matic 2022,2022,Xe đã dùng,Lắp ráp trong nước,Xăng,SUV,Mercedes,1599000000,3,0
BMW 5 Series 530i M Sport 2022,2022,Xe đã dùng,Nhập khẩu,Xăng,Sedan,BMW,2139000000,3,38000
Mazda 2 1.5 AT 2017,2017,Xe đã dùng,Lắp ráp trong nước,Xăng,Sedan,Mazda,344000000,8,70000
Kia Forte SX 1.6 MT 2011,2011,Xe đã dùng,Lắp ráp trong nước,Xăng,Sedan,Kia,220000000,14,100000
Mercedes Benz S class S450 4Matic 2022,2022,Xe đã dùng,Nhập khẩu,Xăng,Sedan,Mercedes,3690000000,3,24000
BMW 5 Series 520i Luxury Line 2022,2022,Xe đã dùng,Lắp ráp trong nước,Xăng,Sedan,BMW,1578000000,3,22000
Toyota Raize G 1.0 CVT 2024,2024,Xe đã dùng,Nhập khẩu,Xăng,SUV,Toyota,520000000,1,4000
Subaru Outback 2.5i 2016,2016,Xe đã dùng,Nhập khẩu,Xăng,SUV,Subaru,675000000,9,80000
Volkswagen Teramont President 2.0 AT 2024,2024,Xe mới,Nhập khẩu,Xăng,SUV,Volkswagen,2399000000,1,0
Toyota Veloz Cross 1.5 CVT 2022,2022,Xe đã dùng,Nhập khẩu,Xăng,SUV,Toyota,545000000,3,69000
Toyota Prado VX 2.7L 2019,2019,Xe đã dùng,Nhập khẩu,Xăng,SUV,Toyota,1999000000,6,110000
Mazda 2 Luxury 2019,2019,Xe đã dùng,Nhập khẩu,Xăng,Sedan,Mazda,383000000,6,60000
Toyota Corolla Cross 1.8V 2025,2025,Xe mới,Nhập khẩu,Xăng,SUV,Toyota,760000000,0,0
Mitsubishi Xpander 1.5 AT 2019,2019,Xe đã dùng,Nhập khẩu,Xăng,SUV,Mitsubishi,445000000,6,70000
BMW 7 Series 740i Pure Excellence 2024,2024,Xe mới,Nhập khẩu,Xăng,Sedan,BMW,5769000000,1,0
Toyota Fortuner 2.7V 4x4 AT 2015,2015,Xe đã dùng,Lắp ráp trong nước,Xăng,SUV,Toyota,485000000,10,110000
VinFast VF6 Plus 2025,2025,Xe mới,Lắp ráp trong nước,Điện,SUV,VinFast,704000000,0,0
Ford Everest Titanium 2.0L 4x4 AT 2019,2019,Xe đã dùng,Nhập khẩu,Dầu,SUV,Ford,918000000,6,39600
Hyundai Accent 1.4 AT Đặc Biệt 2023,2023,Xe đã dùng,Lắp ráp trong nước,Xăng,Sedan,Hyundai,465000000,2,39000
Mazda 3 1.5L Luxury 2020,2020,Xe đã dùng,Lắp ráp trong nước,Xăng,Sedan,Mazda,539000000,5,68000
Toyota Camry 2.0E 2014,2014,Xe đã dùng,Lắp ráp trong nước,Xăng,Sedan,Toyota,430000000,11,97600
Mercedes Benz GLC 200 2018,2018,Xe đã dùng,Lắp ráp trong nước,Xăng,SUV,Mercedes,920000000,7,0
Ford Ranger XLS 2.2L 4x2 AT 2021,2021,Xe đã dùng,Nhập khẩu,Dầu,Bán tải / Pickup,Ford,555000000,4,72000
Honda Odyssey 2.4 AT 2016,2016,Xe đã dùng,Nhập khẩu,Xăng,Van/Minivan,Honda,790000000,9,80000
Honda City RS 1.5 AT 2025,2025,Xe mới,Lắp ráp trong nước,Xăng,Sedan,Honda,569000000,0,0
Mazda 3 1.5L Luxury 2019,2019,Xe đã dùng,Lắp ráp trong nước,Xăng,Sedan,Mazda,465000000,6,40000
Hyundai i20 1.4 AT 2011,2011,Xe đã dùng,Nhập khẩu,Xăng,Hatchback,Hyundai,235000000,14,72000
Mazda CX5 Luxury 2.0 AT 2025,2025,Xe mới,Lắp ráp trong nước,Xăng,SUV,Mazda,754000000,0,0
Mercedes Benz E class E300 AMG 2025,2025,Xe mới,Lắp ráp trong nước,Xăng,Sedan,Mercedes,2260000000,0,0
BMW X5 xDrive40i M Sport 2022,2022,Xe đã dùng,Lắp ráp trong nước,Xăng,SUV,BMW,3088000000,3,10000
Mercedes Benz E class E200 Exclusive 2025,2025,Xe mới,Lắp ráp trong nước,Xăng,Sedan,Mercedes,1990000000,0,0
Mitsubishi Xpander 1.5 AT 2021,2021,Xe đã dùng,Nhập khẩu,Xăng,SUV,Mitsubishi,495000000,4,56000
Hyundai Grand Starex 2.5 MT 2016,2016,Xe đã dùng,Nhập khẩu,Dầu,Van/Minivan,Hyundai,485000000,9,130000
Toyota Fortuner 2.5G 2016,2016,Xe đã dùng,Lắp ráp trong nước,Dầu,SUV,Toyota,540000000,9,148000
BMW 3 Series 320i Sport Line 2023,2023,Xe mới,Lắp ráp trong nước,Xăng,Sedan,BMW,1399000000,2,0
Toyota Raize G 1.0 CVT 2024,2024,Xe mới,Nhập khẩu,Xăng,SUV,Toyota,505000000,1,0
BMW 7 Series 730Li 2018,2018,Xe đã dùng,Nhập khẩu,Xăng,Sedan,BMW,1880000000,7,58812
Mazda CX5 Luxury 2.0 AT 2024,2024,Xe đã dùng,Lắp ráp trong nước,Xăng,SUV,Mazda,785000000,1,9000
LandRover Range Rover Autobiography LWB 5.0 2014,2014,Xe đã dùng,Nhập khẩu,Xăng,SUV,LandRover,2790000000,11,0
Porsche Cayman 2.7 2015,2015,Xe đã dùng,Nhập khẩu,Xăng,Coupe,Porsche,2199000000,10,29800
Toyota Vios 1.5E CVT 2019,2019,Xe đã dùng,Lắp ráp trong nước,Xăng,Sedan,Toyota,385000000,6,93000
Mercedes Benz GLC 300 4Matic 2018,2018,Xe đã dùng,Lắp ráp trong nước,Xăng,SUV,Mercedes,980000000,7,67000
Ford Ranger XLS 2.2L 4x2 AT 2021,2021,Xe đã dùng,Nhập khẩu,Dầu,Bán tải / Pickup,Ford,555000000,4,60000
Porsche Panamera 4S 2020,2020,Xe đã dùng,Nhập khẩu,Xăng,Sedan,Porsche,3889000000,5,52000
Kia Rio 1.4 MT 2015,2015,Xe đã dùng,Nhập khẩu,Xăng,Sedan,Kia,220000000,10,120000
Ford Ranger XLS 2.0L 4x2 AT 2025,2025,Xe mới,Lắp ráp trong nước,Dầu,Bán tải / Pickup,Ford,637000000,0,0
Volkswagen Teramont X Platinum 2.0 AT 2025,2025,Xe mới,Nhập khẩu,Xăng,SUV,Volkswagen,2168000000,0,0
Mercedes Benz C class C180 AMG 2021,2021,Xe đã dùng,Lắp ráp trong nước,Xăng,Sedan,Mercedes,899000000,4,48000
Volkswagen Polo 1.6 AT 2017,2017,Xe đã dùng,Nhập khẩu,Xăng,Sedan,Volkswagen,315000000,8,65000
Mitsubishi Xpander Cross 1.5 AT 2021,2021,Xe đã dùng,Nhập khẩu,Xăng,SUV,Mitsubishi,525000000,4,48000
Mercedes Benz C class C200 2019,2019,Xe đã dùng,Lắp ráp trong nước,Xăng,Sedan,Mercedes,829000000,6,42000
BMW 5 Series 528i GT 2013,2013,Xe đã dùng,Nhập khẩu,Xăng,Sedan,BMW,668000000,12,11000
Mitsubishi Xpander Cross 1.5 AT 2025,2025,Xe mới,Nhập khẩu,Xăng,SUV,Mitsubishi,618000000,0,0
Chevrolet Trailblazer LT 2.5L VGT 4x2 AT 2018,2018,Xe đã dùng,Nhập khẩu,Dầu,SUV,Chevrolet,475000000,7,90000
Mazda 3 1.5L Deluxe 2022,2022,Xe đã dùng,Lắp ráp trong nước,Xăng,Sedan,Mazda,539000000,3,12000
Mini Cooper S 5Dr 2019,2019,Xe đã dùng,Nhập khẩu,Xăng,Hatchback,Mini,1179000000,6,43000
Suzuki XL7 1.5 AT 2022,2022,Xe đã dùng,Nhập khẩu,Xăng,SUV,Suzuki,485000000,3,42000
Mazda 2 1.5 AT 2018,2018,Xe đã dùng,Lắp ráp trong nước,Xăng,Hatchback,Mazda,369000000,7,33000
Mercedes Benz GLS 480 4Matic Maybach 2025,2025,Xe mới,Nhập khẩu,Xăng,SUV,Mercedes,8799000000,0,0
Hyundai SantaFe 2.2L 4WD 2017,2017,Xe đã dùng,Lắp ráp trong nước,Dầu,SUV,Hyundai,690000000,8,64000
Toyota Vios 1.5G 2017,2017,Xe đã dùng,Lắp ráp trong nước,Xăng,Sedan,Toyota,370000000,8,90000
LandRover Range Rover Autobiography LWB 4.4 V8 AWD 2023,2023,Xe đã dùng,Nhập khẩu,Xăng,SUV,LandRover,20900000000,2,5000
Toyota Avanza Premio 1.5 AT 2025,2025,Xe mới,Lắp ráp trong nước,Xăng,SUV,Toyota,525000000,0,0
Ford Focus Trend 1.5L 2017,2017,Xe đã dùng,Lắp ráp trong nước,Xăng,Sedan,Ford,345000000,8,54000
VinFast VF3 Plus 2025,2025,Xe đã dùng,Lắp ráp trong nước,Điện,Hatchback,VinFast,245000000,0,39000
Mitsubishi Attrage 1.2 MT 2016,2016,Xe đã dùng,Nhập khẩu,Xăng,Sedan,Mitsubishi,205000000,9,100000
Ford Territory Titanium X 1.5 AT 2023,2023,Xe đã dùng,Lắp ráp trong nước,Xăng,SUV,Ford,830000000,2,27000
VinFast VF7 Plus 2025,2025,Xe mới,Lắp ráp trong nước,Điện,SUV,VinFast,893000000,0,0
Mazda 3 S 1.6 AT 2013,2013,Xe đã dùng,Lắp ráp trong nước,Xăng,Sedan,Mazda,285000000,12,100000
Ford Ranger Wildtrak 2.0L 4x4 AT 2021,2021,Xe đã dùng,Nhập khẩu,Dầu,Bán tải / Pickup,Ford,688000000,4,66000
Ford Ranger XLS 2.2L 4x2 AT 2016,2016,Xe đã dùng,Nhập khẩu,Dầu,Bán tải / Pickup,Ford,395000000,9,78000
Toyota Prado TXL 2.7L 2014,2014,Xe đã dùng,Nhập khẩu,Xăng,SUV,Toyota,935000000,11,160000
Lexus RX 350h Luxury 2025,2025,Xe mới,Nhập khẩu,Hybrid,SUV,Lexus,4330000000,0,0
Kia K3 Luxury 1.6 AT 2025,2025,Xe mới,Lắp ráp trong nước,Xăng,Sedan,Kia,584000000,0,0
Mercedes Benz GLC 200 4Matic 2020,2020,Xe đã dùng,Lắp ráp trong nước,Xăng,SUV,Mercedes,1279000000,5,68000
Volkswagen Teramont 2.0 AT 2022,2022,Xe đã dùng,Nhập khẩu,Xăng,SUV,Volkswagen,1580000000,3,57000
VinFast VF3 Plus 2024,2024,Xe mới,Lắp ráp trong nước,Điện,Hatchback,VinFast,259000000,1,0
Ford Everest Titanium Plus 2.0L 4x4 AT 2025,2025,Xe mới,Nhập khẩu,Dầu,SUV,Ford,1358000000,0,0
LandRover Range Rover HSE 3.0 2014,2014,Xe đã dùng,Nhập khẩu,Xăng,SUV,LandRover,2150000000,11,35727
Mazda 3 1.5L Sport Luxury 2022,2022,Xe đã dùng,Lắp ráp trong nước,Xăng,Hatchback,Mazda,575000000,3,41000
BMW 3 Series 2021,2021,Xe đã dùng,Lắp ráp trong nước,Xăng,Sedan,BMW,1399000000,4,26000
Toyota Innova Cross 2.0 CVT 2025,2025,Xe mới,Nhập khẩu,Xăng,Crossover,Toyota,795000000,0,0
Toyota Land Cruiser 3.5 V6 2025,2025,Xe mới,Nhập khẩu,Xăng,SUV,Toyota,4286000000,0,0
Hyundai Elantra 1.6 AT Đặc biệt 2024,2024,Xe đã dùng,Lắp ráp trong nước,Xăng,Sedan,Hyundai,599000000,1,14000
Porsche Panamera 3.0 V6 2021,2021,Xe đã dùng,Nhập khẩu,Xăng,Sedan,Porsche,5200000000,4,25000
Mercedes Benz S class S450L 2018,2018,Xe đã dùng,Lắp ráp trong nước,Xăng,Sedan,Mercedes,1799000000,7,68000
Toyota Vios 1.5G CVT 2021,2021,Xe đã dùng,Lắp ráp trong nước,Xăng,Sedan,Toyota,445000000,4,67000
Kia Carnival Signature 2.2D 2023,2023,Xe đã dùng,Lắp ráp trong nước,Dầu,Van/Minivan,Kia,1190000000,2,65272
Hyundai Tucson 1.6 AT Turbo 2019,2019,Xe đã dùng,Lắp ráp trong nước,Xăng,Crossover,Hyundai,659000000,6,71000
Mercedes Benz S class S450L Luxury 2020,2020,Xe đã dùng,Lắp ráp trong nước,Xăng,Sedan,Mercedes,2850000000,5,40000
Toyota Avanza Premio 1.5 AT 2025,2025,Xe mới,Lắp ráp trong nước,Xăng,SUV,Toyota,538000000,0,0
Mercedes Benz GLS 400 4Matic 2016,2016,Xe đã dùng,Nhập khẩu,Xăng,SUV,Mercedes,1650000000,9,85000
Mitsubishi Outlander 2.0 CVT Premium 2019,2019,Xe đã dùng,Lắp ráp trong nước,Xăng,SUV,Mitsubishi,588000000,6,69088
VinFast Fadil 1.4 AT Plus 2020,2020,Xe đã dùng,Lắp ráp trong nước,Xăng,Hatchback,VinFast,305000000,5,45000
MG ZS Luxury 1.5 AT 2WD 2025,2025,Xe mới,Nhập khẩu,Xăng,Crossover,MG,480000000,0,0
Ford Everest 2.5L 4x2 AT 2012,2012,Xe đã dùng,Lắp ráp trong nước,Dầu,SUV,Ford,295000000,13,130000
VinFast VF5 Plus 2024,2024,Xe đã dùng,Lắp ráp trong nước,Điện,SUV,VinFast,429000000,1,0
Kia Sonet Premium 1.5 AT 2022,2022,Xe đã dùng,Lắp ráp trong nước,Xăng,Crossover,Kia,525000000,3,80000
Lexus RX 300 2021,2021,Xe đã dùng,Nhập khẩu,Xăng,SUV,Lexus,2999000000,4,28000
Ford Ranger Raptor 2.0L 4x4 AT 2025,2025,Xe mới,Nhập khẩu,Dầu,Bán tải / Pickup,Ford,1306000000,0,0
Mitsubishi Triton 4x4 AT Mivec Premium 2019,2019,Xe đã dùng,Nhập khẩu,Dầu,Bán tải / Pickup,Mitsubishi,585000000,6,80000
Mazda 3 1.5L Sport Luxury 2024,2024,Xe đã dùng,Lắp ráp trong nước,Xăng,Hatchback,Mazda,635000000,1,7000
Toyota Vios G 1.5 CVT 2025,2025,Xe mới,Lắp ráp trong nước,Xăng,Sedan,Toyota,500000000,0,0
Lexus LX 570 2021,2021,Xe đã dùng,Nhập khẩu,Xăng,SUV,Lexus,7999000000,4,53000
Toyota Fortuner 2.7V 4x2 AT 2017,2017,Xe đã dùng,Nhập khẩu,Xăng,SUV,Toyota,650000000,8,86000
Subaru Forester 2.0i-L 2024,2024,Xe mới,Nhập khẩu,Xăng,SUV,Subaru,799000000,1,0
Lexus RX 350 2010,2010,Xe đã dùng,Nhập khẩu,Xăng,SUV,Lexus,695000000,15,90000
Toyota Vios G 1.5 CVT 2025,2025,Xe mới,Lắp ráp trong nước,Xăng,Sedan,Toyota,495000000,0,0
Toyota Prado VX 2.7L 2019,2019,Xe đã dùng,Nhập khẩu,Xăng,SUV,Toyota,1990000000,6,80000
Porsche Cayenne 3.6 V6 2012,2012,Xe đã dùng,Nhập khẩu,Xăng,SUV,Porsche,1030000000,13,0
Ford Everest Titanium 2.0L 4x2 AT 2019,2019,Xe đã dùng,Nhập khẩu,Dầu,SUV,Ford,845000000,6,65000
Mercedes Benz GLC 200 4Matic 2020,2020,Xe đã dùng,Lắp ráp trong nước,Xăng,SUV,Mercedes,1389000000,5,23000
Mazda 3 1.5L Luxury 2023,2023,Xe đã dùng,Lắp ráp trong nước,Xăng,Sedan,Mazda,575000000,2,50000
Toyota Vios G 1.5 CVT 2022,2022,Xe đã dùng,Lắp ráp trong nước,Xăng,Sedan,Toyota,430000000,3,107827
BMW X3 xDrive30i M Sport 2024,2024,Xe mới,Lắp ráp trong nước,Xăng,SUV,BMW,2225000000,1,0
Honda CRV 2.4 AT 2015,2015,Xe đã dùng,Lắp ráp trong nước,Xăng,SUV,Honda,495000000,10,75000
MG 5 Standard 1.5 AT 2024,2024,Xe mới,Nhập khẩu,Xăng,Sedan,MG,390000000,1,0
Mercedes Benz E class E250 2017,2017,Xe đã dùng,Lắp ráp trong nước,Xăng,Sedan,Mercedes,939000000,8,47000
Chevrolet Spark Van 0.8 MT 2008,2008,Xe đã dùng,Lắp ráp trong nước,Xăng,Van/Minivan,Chevrolet,65000000,17,0
Mazda BT50 Luxury 2.2L 4x2 AT 2021,2021,Xe đã dùng,Nhập khẩu,Dầu,Bán tải / Pickup,Mazda,512000000,4,0
VinFast VF8 Plus 2025,2025,Xe mới,Lắp ráp trong nước,Điện,SUV,VinFast,1103000000,0,0
Mazda CX5 Deluxe 2.0 AT 2025,2025,Xe mới,Lắp ráp trong nước,Xăng,SUV,Mazda,704000000,0,0
Audi Q5 2.0 AT 2018,2018,Xe đã dùng,Nhập khẩu,Xăng,SUV,Audi,1200000000,7,0
Nissan X trail 2.5 SV 4WD PREMIUM 2017,2017,Xe đã dùng,Lắp ráp trong nước,Xăng,SUV,Nissan,556000000,8,73000
Mitsubishi Triton GLX 2WD AT 2025,2025,Xe mới,Nhập khẩu,Dầu,Bán tải / Pickup,Mitsubishi,630000000,0,0
Isuzu QKR QMR77HE5A Thùng Kín 2025,2025,Xe mới,Lắp ráp trong nước,Dầu,Truck,Isuzu,573000000,0,0
Chevrolet Trailblazer LTZ 2.5L VGT 4x4 AT 2018,2018,Xe đã dùng,Nhập khẩu,Dầu,SUV,Chevrolet,569000000,7,56000
VinFast VF7 Plus 2025,2025,Xe mới,Lắp ráp trong nước,Điện,SUV,VinFast,911000000,0,0
Lexus LX 570 Super Sport 2018,2018,Xe đã dùng,Nhập khẩu,Xăng,SUV,Lexus,6480000000,7,8
Toyota Camry 2.5Q 2018,2018,Xe đã dùng,Lắp ráp trong nước,Xăng,Sedan,Toyota,725000000,7,140000
Toyota Corolla Cross 1.8V 2022,2022,Xe đã dùng,Nhập khẩu,Xăng,SUV,Toyota,725000000,3,40000
Porsche Macan 2.0 2023,2023,Xe đã dùng,Nhập khẩu,Xăng,SUV,Porsche,3659000000,2,3500
Mercedes Benz Maybach S450 4Matic 2019,2019,Xe đã dùng,Nhập khẩu,Xăng,Sedan,Mercedes,3888000000,6,70000
Mazda 3 1.5 AT 2018,2018,Xe đã dùng,Lắp ráp trong nước,Xăng,Sedan,Mazda,435000000,7,0
Lexus RX 350h Premium 2025,2025,Xe mới,Nhập khẩu,Hybrid,SUV,Lexus,3500000000,0,0
Toyota Land Cruiser 3.5 V6 2022,2022,Xe đã dùng,Nhập khẩu,Xăng,SUV,Toyota,4750000000,3,40000
MG ZS Standard 1.5 AT 2WD 2025,2025,Xe mới,Nhập khẩu,Xăng,Crossover,MG,435000000,0,0
Honda HRV G 2024,2024,Xe mới,Nhập khẩu,Xăng,Crossover,Honda,644000000,1,0
Mitsubishi Pajero Sport 2.4D 4x2 AT 2018,2018,Xe đã dùng,Nhập khẩu,Dầu,SUV,Mitsubishi,750000000,7,6300
Hyundai Creta Đặc biệt 1.5 AT 2022,2022,Xe đã dùng,Nhập khẩu,Xăng,Crossover,Hyundai,565000000,3,23000
LandRover Discovery HSE 2014,2014,Xe đã dùng,Nhập khẩu,Xăng,SUV,LandRover,1799000000,11,90000
Ford Everest Titanium 2.0L 4x4 AT 2022,2022,Xe đã dùng,Nhập khẩu,Dầu,SUV,Ford,1040000000,3,48000
Hyundai Creta Đặc biệt 1.5 AT 2022,2022,Xe đã dùng,Nhập khẩu,Xăng,Crossover,Hyundai,565000000,3,22222
Toyota Raize G 1.0 CVT 2025,2025,Xe mới,Nhập khẩu,Xăng,SUV,Toyota,492000000,0,0
Mercedes Benz C class C250 Exclusive 2017,2017,Xe đã dùng,Lắp ráp trong nước,Xăng,Sedan,Mercedes,759000000,8,90000
VinFast Lux A 2.0 Plus 2.0 AT 2020,2020,Xe đã dùng,Lắp ráp trong nước,Xăng,Sedan,VinFast,535000000,5,40000
Ford Everest Titanium 2.0L 4x2 AT 2022,2022,Xe đã dùng,Nhập khẩu,Dầu,SUV,Ford,1160000000,3,67000
Toyota Wigo 1.2G AT 2019,2019,Xe đã dùng,Nhập khẩu,Xăng,Hatchback,Toyota,285000000,6,42000
Toyota Prado TXL 2.7L 2015,2015,Xe đã dùng,Nhập khẩu,Xăng,SUV,Toyota,1050000000,10,130000
VinFast VF e34 AT 2023,2023,Xe đã dùng,Lắp ráp trong nước,Điện,Crossover,VinFast,509000000,2,30000
Mazda 3 1.5L Luxury 2019,2019,Xe đã dùng,Lắp ráp trong nước,Xăng,Sedan,Mazda,475000000,6,90000
Toyota Corolla altis 1.8G AT 2017,2017,Xe đã dùng,Lắp ráp trong nước,Xăng,Sedan,Toyota,470000000,8,95000
Mazda CX 30 Premium 2.0 AT 2022,2022,Xe đã dùng,Nhập khẩu,Xăng,Crossover,Mazda,658000000,3,0
Mazda CX8 Premium 2023,2023,Xe đã dùng,Lắp ráp trong nước,Xăng,SUV,Mazda,930000000,2,18000
Kia Morning Si AT 2016,2016,Xe đã dùng,Lắp ráp trong nước,Xăng,Hatchback,Kia,262000000,9,79000
Mazda CX5 Premium Sport 2.0 AT 2023,2023,Xe đã dùng,Lắp ráp trong nước,Xăng,SUV,Mazda,815000000,2,42139
Hyundai SantaFe Premium 2.2L HTRAC 2020,2020,Xe đã dùng,Lắp ráp trong nước,Dầu,SUV,Hyundai,899000000,5,60000
Toyota Corolla Cross 1.8V 2025,2025,Xe mới,Nhập khẩu,Xăng,SUV,Toyota,765000000,0,0
Mazda 3 1.5L Luxury 2019,2019,Xe đã dùng,Lắp ráp trong nước,Xăng,Sedan,Mazda,468000000,6,70000
Toyota Yaris Cross 1.5 D-CVT 2025,2025,Xe mới,Nhập khẩu,Xăng,SUV,Toyota,650000000,0,0
Mitsubishi Xpander Cross 1.5 AT 2022,2022,Xe đã dùng,Nhập khẩu,Xăng,SUV,Mitsubishi,560000000,3,58000
Toyota Prado VX 2.7L 2021,2021,Xe đã dùng,Nhập khẩu,Xăng,SUV,Toyota,2339000000,4,800000
VinFast Lux SA 2.0 Plus 2.0 AT 2020,2020,Xe đã dùng,Lắp ráp trong nước,Xăng,SUV,VinFast,626000000,5,98000
Volvo XC60 Ultra B6 AWD 2025,2025,Xe mới,Nhập khẩu,Xăng,SUV,Volvo,2142000000,0,0
Toyota Prado VX 2.7L 2018,2018,Xe đã dùng,Nhập khẩu,Xăng,SUV,Toyota,1818000000,7,110000
Lexus RX 350 Premium 2025,2025,Xe mới,Nhập khẩu,Xăng,SUV,Lexus,3430000000,0,0
Mazda CX5 Luxury 2.0 AT 2025,2025,Xe mới,Lắp ráp trong nước,Xăng,SUV,Mazda,754000000,0,0
Ford Everest Titanium 2.0L 4x2 AT 2020,2020,Xe đã dùng,Nhập khẩu,Dầu,SUV,Ford,858000000,5,65000
Toyota Vios 1.5G 2018,2018,Xe đã dùng,Lắp ráp trong nước,Xăng,Sedan,Toyota,360000000,7,0
Lexus ES 250 2025,2025,Xe mới,Nhập khẩu,Xăng,Sedan,Lexus,2360000000,0,0
Mercedes Benz GLC 250 4Matic 2017,2017,Xe đã dùng,Lắp ráp trong nước,Xăng,SUV,Mercedes,830000000,8,120000
VinFast VF5 Plus 2024,2024,Xe đã dùng,Lắp ráp trong nước,Điện,SUV,VinFast,439000000,1,0
Honda HRV RS 2023,2023,Xe đã dùng,Nhập khẩu,Xăng,Crossover,Honda,780000000,2,40000
VinFast VF7 Plus 2024,2024,Xe đã dùng,Lắp ráp trong nước,Điện,SUV,VinFast,845000000,1,11000
VinFast Lux A 2.0 Plus 2.0 AT 2021,2021,Xe đã dùng,Lắp ráp trong nước,Xăng,Sedan,VinFast,595000000,4,36000
Mazda 3 1.5L Luxury 2024,2024,Xe đã dùng,Lắp ráp trong nước,Xăng,Sedan,Mazda,625000000,1,14000
Isuzu Dmax LS 3.0 4x2 AT 2014,2014,Xe đã dùng,Nhập khẩu,Dầu,Bán tải / Pickup,Isuzu,330000000,11,0
Mitsubishi Attrage 1.2 CVT 2022,2022,Xe đã dùng,Nhập khẩu,Xăng,Sedan,Mitsubishi,365000000,3,40000
Mercedes Benz E class E180 2021,2021,Xe đã dùng,Lắp ráp trong nước,Xăng,Sedan,Mercedes,1299000000,4,96000
VinFast Lux SA 2.0 Premium 2.0 AT 2019,2019,Xe đã dùng,Lắp ráp trong nước,Xăng,SUV,VinFast,695000000,6,28000
Mercedes Benz S class S450L Luxury 2017,2017,Xe đã dùng,Lắp ráp trong nước,Xăng,Sedan,Mercedes,1899000000,8,100000
Mitsubishi Xpander Premium 1.5 AT 2023,2023,Xe đã dùng,Nhập khẩu,Xăng,SUV,Mitsubishi,560000000,2,52000
Toyota Prado VX 2.7L 2020,2020,Xe đã dùng,Nhập khẩu,Xăng,SUV,Toyota,2480000000,5,35000
VinFast VF8 Plus 2025,2025,Xe mới,Lắp ráp trong nước,Điện,SUV,VinFast,1103000000,0,0
VinFast Lux A 2.0 2.0 AT 2020,2020,Xe đã dùng,Lắp ráp trong nước,Xăng,Sedan,VinFast,515000000,5,54000
Ford Territory Titanium 1.5 AT 2025,2025,Xe mới,Lắp ráp trong nước,Xăng,SUV,Ford,729000000,0,0
Hyundai Creta Tiêu chuẩn 1.5 AT 2022,2022,Xe đã dùng,Nhập khẩu,Xăng,Crossover,Hyundai,545000000,3,10000
Mercedes Benz C class C300 AMG 2021,2021,Xe đã dùng,Lắp ráp trong nước,Xăng,Sedan,Mercedes,1259000000,4,48000
Ford Everest Sport 2.0L 4x2 AT 2025,2025,Xe mới,Nhập khẩu,Dầu,SUV,Ford,1178000000,0,0
Hyundai SantaFe Cao cấp 2.2L HTRAC 2022,2022,Xe đã dùng,Lắp ráp trong nước,Dầu,SUV,Hyundai,1159000000,3,70000
Mercedes Benz GLC 300 4Matic 2020,2020,Xe đã dùng,Lắp ráp trong nước,Xăng,SUV,Mercedes,1545000000,5,70000
Volvo XC60 Ultra B6 AWD 2025,2025,Xe mới,Nhập khẩu,Xăng,SUV,Volvo,2279000000,0,0
Honda HRV e:HEV RS 2025,2025,Xe mới,Nhập khẩu,Hybrid,Crossover,Honda,825000000,0,0
Mercedes Benz E class E250 2012,2012,Xe đã dùng,Lắp ráp trong nước,Xăng,Sedan,Mercedes,375000000,13,120000
Lexus LM 300h Royal Lounge 2020,2020,Xe đã dùng,Nhập khẩu,Hybrid,Van/Minivan,Lexus,4800000000,5,50000
Ford Ranger XLS 2.2L 4x2 AT 2017,2017,Xe đã dùng,Nhập khẩu,Dầu,Bán tải / Pickup,Ford,445000000,8,92000
Toyota Veloz Cross Top 1.5 CVT 2022,2022,Xe đã dùng,Nhập khẩu,Xăng,SUV,Toyota,565000000,3,50000
Hyundai i30 CW 1.6 AT 2010,2010,Xe đã dùng,Nhập khẩu,Xăng,Hatchback,Hyundai,250000000,15,87000
Toyota Veloz Cross Top 1.5 CVT 2025,2025,Xe mới,Lắp ráp trong nước,Xăng,SUV,Toyota,606000000,0,0
Toyota Fortuner 2.4G 4x2 MT 2017,2017,Xe đã dùng,Nhập khẩu,Dầu,SUV,Toyota,699000000,8,99999
Toyota Prado TXL 2.7L 2017,2017,Xe đã dùng,Nhập khẩu,Xăng,SUV,Toyota,1338000000,8,100000
Nissan Kicks e-Power V 2023,2023,Xe đã dùng,Nhập khẩu,Hybrid,SUV,Nissan,675000000,2,8000
Hyundai SantaFe Premium 2.4L HTRAC 2020,2020,Xe đã dùng,Lắp ráp trong nước,Xăng,SUV,Hyundai,795000000,5,80000
Lexus LX 570 2008,2008,Xe đã dùng,Nhập khẩu,Xăng,SUV,Lexus,1450000000,17,0
Ford Ranger Sport 2.0L 4x4 AT 2025,2025,Xe mới,Lắp ráp trong nước,Dầu,Bán tải / Pickup,Ford,864000000,0,0
BMW 7 Series 740Li 2021,2021,Xe đã dùng,Nhập khẩu,Xăng,Sedan,BMW,3850000000,4,35000
VinFast Lux A 2.0 Premium 2.0 AT 2019,2019,Xe đã dùng,Lắp ráp trong nước,Xăng,Sedan,VinFast,580000000,6,60000
Mercedes Benz GLA class GLA 45 AMG 4Matic 2018,2018,Xe đã dùng,Nhập khẩu,Xăng,SUV,Mercedes,1190000000,7,49000
Chevrolet Aveo LTZ 1.4 AT 2017,2017,Xe đã dùng,Lắp ráp trong nước,Xăng,Sedan,Chevrolet,200000000,8,950000
Mercedes Benz E class E180 2025,2025,Xe mới,Lắp ráp trong nước,Xăng,Sedan,Mercedes,2159000000,0,0
BMW X6 xDrive40i M Sport 2020,2020,Xe đã dùng,Nhập khẩu,Xăng,SUV,BMW,2690000000,5,73666
Toyota Camry LE 2.5 2009,2009,Xe đã dùng,Nhập khẩu,Xăng,Sedan,Toyota,425000000,16,120000
Mercedes Benz CLS class CLS 300 2010,2010,Xe đã dùng,Nhập khẩu,Xăng,Sedan,Mercedes,480000000,15,0
Suzuki Celerio 1.0 MT 2018,2018,Xe đã dùng,Nhập khẩu,Xăng,Hatchback,Suzuki,185000000,7,100000
BMW X5 xDrive40i M Sport 2022,2022,Xe đã dùng,Lắp ráp trong nước,Xăng,SUV,BMW,2990000000,3,13000
Ford EcoSport Titanium 1.5 AT 2020,2020,Xe đã dùng,Lắp ráp trong nước,Xăng,SUV,Ford,450000000,5,64000
Toyota Camry 2.5Q 2022,2022,Xe đã dùng,Nhập khẩu,Xăng,Sedan,Toyota,1110000000,3,61000
Hyundai Elantra 2.0 AT 2020,2020,Xe đã dùng,Lắp ráp trong nước,Xăng,Sedan,Hyundai,479000000,5,43000
Honda CRV L 2019,2019,Xe đã dùng,Nhập khẩu,Xăng,SUV,Honda,685000000,6,76000
Ford Territory Titanium X 1.5 AT 2025,2025,Xe mới,Lắp ráp trong nước,Xăng,SUV,Ford,859000000,0,0
Toyota Yaris Cross 1.5 D-CVT 2024,2024,Xe đã dùng,Nhập khẩu,Xăng,SUV,Toyota,655000000,1,22000
Toyota Fortuner 2.7V 4x2 AT 2018,2018,Xe đã dùng,Nhập khẩu,Xăng,SUV,Toyota,710000000,7,80000
Toyota Corolla Cross 1.8HEV 2025,2025,Xe mới,Nhập khẩu,Hybrid,SUV,Toyota,865000000,0,0
Mercedes Benz GLC 300 4Matic Coupe 2022,2022,Xe đã dùng,Nhập khẩu,Xăng,SUV,Mercedes,2380000000,3,30000
VinFast Lux A 2.0 2.0 AT 2021,2021,Xe đã dùng,Lắp ráp trong nước,Xăng,Sedan,VinFast,560000000,4,50000
Mazda CX5 2.0 AT 2016,2016,Xe đã dùng,Lắp ráp trong nước,Xăng,SUV,Mazda,475000000,9,110000
Hyundai Kona 2.0 AT 2021,2021,Xe đã dùng,Lắp ráp trong nước,Xăng,Crossover,Hyundai,479000000,4,45000
Kia Cerato 1.6 AT Luxury 2021,2021,Xe đã dùng,Lắp ráp trong nước,Xăng,Sedan,Kia,495000000,4,18000
Mercedes Benz S class S500L 2016,2016,Xe đã dùng,Nhập khẩu,Xăng,Sedan,Mercedes,1589000000,9,80000
VinFast VF5 Plus 2025,2025,Xe mới,Lắp ráp trong nước,Điện,SUV,VinFast,497000000,0,0
Toyota Prado LC250 2.4L 2025,2025,Xe mới,Nhập khẩu,Xăng,SUV,Toyota,3460000000,0,0
Mercedes Benz C class C200 Exclusive 2021,2021,Xe đã dùng,Lắp ráp trong nước,Xăng,Sedan,Mercedes,999000000,4,44000
Hyundai SantaFe Cao cấp 2.5L HTRAC 2022,2022,Xe đã dùng,Lắp ráp trong nước,Xăng,SUV,Hyundai,1075000000,3,30000
Hyundai SantaFe Premium 2.4L HTRAC 2019,2019,Xe đã dùng,Lắp ráp trong nước,Xăng,SUV,Hyundai,779000000,6,80000
Toyota Camry 2.0E 2013,2013,Xe đã dùng,Lắp ráp trong nước,Xăng,Sedan,Toyota,440000000,12,100000
Toyota Veloz Cross Top 1.5 CVT 2022,2022,Xe đã dùng,Nhập khẩu,Xăng,SUV,Toyota,555000000,3,77000
Kia Rondo GMT 2018,2018,Xe đã dùng,Lắp ráp trong nước,Xăng,SUV,Kia,320000000,7,75
Volvo XC60 Ultra B6 AWD 2025,2025,Xe mới,Nhập khẩu,Xăng,SUV,Volvo,2279000000,0,0
Toyota Fortuner 2.7V 4x2 AT 2019,2019,Xe đã dùng,Nhập khẩu,Xăng,SUV,Toyota,780000000,6,31000
Ford EcoSport Titanium 1.5L AT 2020,2020,Xe đã dùng,Lắp ráp trong nước,Xăng,SUV,Ford,435000000,5,75000
Mercedes Benz G class G63 AMG 2022,2022,Xe đã dùng,Nhập khẩu,Xăng,SUV,Mercedes,10799000000,3,27999
Toyota Camry 2.0G 2020,2020,Xe đã dùng,Nhập khẩu,Xăng,Sedan,Toyota,745000000,5,100000
Honda CRV L 2024,2024,Xe mới,Lắp ráp trong nước,Xăng,SUV,Honda,1069000000,1,0
Toyota Rush 1.5S AT 2020,2020,Xe đã dùng,Nhập khẩu,Xăng,SUV,Toyota,499000000,5,93564
Porsche 718 Cayman 2.0 AT 2021,2021,Xe đã dùng,Nhập khẩu,Xăng,Coupe,Porsche,3999000000,4,29000
Honda CRV L 2020,2020,Xe đã dùng,Nhập khẩu,Xăng,SUV,Honda,818000000,5,58000
Toyota Vios E CVT 2022,2022,Xe đã dùng,Lắp ráp trong nước,Xăng,Sedan,Toyota,420000000,3,55000
VinFast Lux A 2.0 2.0 AT 2020,2020,Xe đã dùng,Lắp ráp trong nước,Xăng,Sedan,VinFast,515000000,5,48000
Kia Sportage Signature X-Line 2.0D 2024,2024,Xe đã dùng,Lắp ráp trong nước,Dầu,Crossover,Kia,959000000,1,4000
Mercedes Benz GLC 250 4Matic 2016,2016,Xe đã dùng,Lắp ráp trong nước,Xăng,SUV,Mercedes,839000000,9,61000
Ford Ranger XLS 2.0L 4x2 AT 2025,2025,Xe mới,Lắp ráp trong nước,Dầu,Bán tải / Pickup,Ford,605000000,0,0
VinFast VF8 Plus 2023,2023,Xe đã dùng,Lắp ráp trong nước,Điện,SUV,VinFast,846000000,2,32000
Toyota Vios E 1.5 MT 2025,2025,Xe mới,Lắp ráp trong nước,Xăng,Sedan,Toyota,426000000,0,0
Mercedes Benz GLC 300 4Matic 2018,2018,Xe đã dùng,Lắp ráp trong nước,Xăng,SUV,Mercedes,999000000,7,40000
Lexus RX 300 2020,2020,Xe đã dùng,Nhập khẩu,Xăng,SUV,Lexus,2650000000,5,56000
Toyota Veloz Cross 1.5 CVT 2025,2025,Xe mới,Lắp ráp trong nước,Xăng,SUV,Toyota,563000000,0,0
Mazda 3 1.5L Luxury 2019,2019,Xe đã dùng,Lắp ráp trong nước,Xăng,Sedan,Mazda,465000000,6,65689
VinFast Fadil 1.4 AT Plus 2021,2021,Xe đã dùng,Lắp ráp trong nước,Xăng,Hatchback,VinFast,330000000,4,30000
Kia K3 Premium 2.0 AT 2022,2022,Xe đã dùng,Lắp ráp trong nước,Xăng,Sedan,Kia,590000000,3,34000
Suzuki Super Carry Van Blind Van 2016,2016,Xe đã dùng,Lắp ráp trong nước,Xăng,Van/Minivan,Suzuki,157000000,9,50000
Kia Morning Van 1.0 AT 2016,2016,Xe đã dùng,Nhập khẩu,Xăng,Van/Minivan,Kia,205000000,9,85000
Toyota Yaris Cross 1.5 D-CVT 2025,2025,Xe mới,Nhập khẩu,Xăng,SUV,Toyota,612000000,0,0
Volvo S90 Inscription LWB B6 AWD 2022,2022,Xe đã dùng,Nhập khẩu,Xăng,Sedan,Volvo,1790000000,3,35000
Kia Cerato 1.6 AT Luxury 2019,2019,Xe đã dùng,Lắp ráp trong nước,Xăng,Sedan,Kia,445000000,6,98000
Mazda 6 2.0 AT 2016,2016,Xe đã dùng,Lắp ráp trong nước,Xăng,Sedan,Mazda,475000000,9,37000
Volvo XC90 T6 Inscription 2018,2018,Xe đã dùng,Nhập khẩu,Xăng,SUV,Volvo,1739000000,7,69999
Chevrolet Trailblazer LTZ 2.5L VGT 4x4 AT 2019,2019,Xe đã dùng,Nhập khẩu,Dầu,SUV,Chevrolet,619000000,6,88000
Mazda BT50 2.2L 4x2 ATH 2018,2018,Xe đã dùng,Nhập khẩu,Dầu,Bán tải / Pickup,Mazda,375000000,7,85000
Mercedes Benz Maybach GLS 600 4Matic 2022,2022,Xe đã dùng,Nhập khẩu,Xăng,SUV,Mercedes,8190000000,3,0
Volkswagen Teramont X Luxury 2.0 AT 2025,2025,Xe mới,Nhập khẩu,Xăng,SUV,Volkswagen,1998000000,0,0
MG 5 Standard 1.5 AT 2024,2024,Xe mới,Nhập khẩu,Xăng,Sedan,MG,379000000,1,0
Hyundai Creta Đặc biệt 1.5 AT 2022,2022,Xe đã dùng,Nhập khẩu,Xăng,Crossover,Hyundai,579000000,3,0
VinFast VF8 Plus 2025,2025,Xe mới,Lắp ráp trong nước,Điện,SUV,VinFast,1199000000,0,0
Suzuki Super Carry Van Blind Van 2020,2020,Xe đã dùng,Lắp ráp trong nước,Xăng,Van/Minivan,Suzuki,225000000,5,2500
Mercedes Benz GLC 200 2022,2022,Xe đã dùng,Lắp ráp trong nước,Xăng,SUV,Mercedes,1389000000,3,39000
Hyundai Creta Cao cấp 1.5 AT 2023,2023,Xe đã dùng,Lắp ráp trong nước,Xăng,Crossover,Hyundai,635000000,2,37000
Mazda CX5 Premium 2.0 AT 2022,2022,Xe đã dùng,Lắp ráp trong nước,Xăng,SUV,Mazda,725000000,3,41000
Ford Ranger XLS 2.0L 4x2 AT 2025,2025,Xe mới,Lắp ráp trong nước,Dầu,Bán tải / Pickup,Ford,620000000,0,0
Mercedes Benz S class S400L 2014,2014,Xe đã dùng,Lắp ráp trong nước,Xăng,Sedan,Mercedes,1280000000,11,90000
Hyundai Tucson 2.0 AT Đặc biệt 2025,2025,Xe mới,Lắp ráp trong nước,Xăng,Crossover,Hyundai,843000000,0,0
VinFast Lux A 2.0 Premium 2.0 AT 2021,2021,Xe đã dùng,Lắp ráp trong nước,Xăng,Sedan,VinFast,596000000,4,80000
Porsche Macan 2.0 2023,2023,Xe đã dùng,Nhập khẩu,Xăng,SUV,Porsche,3659000000,2,3500
Hyundai Elantra 1.6 AT Tiêu chuẩn 2024,2024,Xe đã dùng,Lắp ráp trong nước,Xăng,Sedan,Hyundai,515000000,1,0
Toyota Avanza Premio 1.5 AT 2023,2023,Xe đã dùng,Lắp ráp trong nước,Xăng,SUV,Toyota,500000000,2,79514
Mazda CX8 Luxury 2.5 AT 2025,2025,Xe mới,Lắp ráp trong nước,Xăng,SUV,Mazda,950000000,0,0
Mercedes Benz GLS 450 4Matic 2025,2025,Xe mới,Nhập khẩu,Xăng,SUV,Mercedes,5689000000,0,0
Volkswagen Teramont 2.0 AT 2023,2023,Xe mới,Nhập khẩu,Xăng,SUV,Volkswagen,2099000000,2,0
Ford Territory Trend 1.5 AT 2025,2025,Xe mới,Lắp ráp trong nước,Xăng,SUV,Ford,665000000,0,0
Mitsubishi Xpander 1.5 AT 2021,2021,Xe đã dùng,Nhập khẩu,Xăng,SUV,Mitsubishi,485000000,4,80000
Hyundai SantaFe Cao cấp 2.5L HTRAC 2023,2023,Xe đã dùng,Lắp ráp trong nước,Xăng,SUV,Hyundai,1139000000,2,6000
Honda Civic E 1.8 AT 2019,2019,Xe đã dùng,Nhập khẩu,Xăng,Sedan,Honda,479000000,6,70000
Peugeot 3008 Allure 1.6 AT 2020,2020,Xe đã dùng,Lắp ráp trong nước,Xăng,Crossover,Peugeot,620000000,5,108000
Hyundai Elantra 1.6 MT 2020,2020,Xe đã dùng,Lắp ráp trong nước,Xăng,Sedan,Hyundai,389000000,5,55000
Honda HRV L 2019,2019,Xe đã dùng,Nhập khẩu,Xăng,Crossover,Honda,565000000,6,47000
Toyota Vios G 1.5 CVT 2025,2025,Xe mới,Lắp ráp trong nước,Xăng,Sedan,Toyota,486000000,0,0
VinFast Lux SA 2.0 Tiêu chuẩn 2022,2022,Xe đã dùng,Lắp ráp trong nước,Xăng,SUV,VinFast,725000000,3,50000
Mercedes Benz C class C200 Exclusive 2021,2021,Xe đã dùng,Lắp ráp trong nước,Xăng,Sedan,Mercedes,1055000000,4,36000
Toyota Camry 3.5Q 2008,2008,Xe đã dùng,Lắp ráp trong nước,Xăng,Sedan,Toyota,295000000,17,120000
Ford Transit Premium 2025,2025,Xe mới,Lắp ráp trong nước,Dầu,Van/Minivan,Ford,999000000,0,0
Mercedes Benz C class C250 Exclusive 2015,2015,Xe đã dùng,Lắp ráp trong nước,Xăng,Sedan,Mercedes,575000000,10,80000
Honda Accord 2.2 MT Trước 1990,1989,Xe đã dùng,Nhập khẩu,Xăng,Sedan,Honda,155000000,36,0
Suzuki Ertiga GL 1.5 MT 2021,2021,Xe đã dùng,Nhập khẩu,Xăng,SUV,Suzuki,378000000,4,62000
Mercedes Benz GLK Class GLK300 AMG 4Matic 2012,2012,Xe đã dùng,Lắp ráp trong nước,Xăng,SUV,Mercedes,568000000,13,0
Kia Seltos Luxury 1.4 AT 2023,2023,Xe đã dùng,Lắp ráp trong nước,Xăng,Crossover,Kia,640000000,2,27000
Bentley Mulsanne EWB 2018,2018,Xe đã dùng,Nhập khẩu,Xăng,Sedan,Bentley,8100000000,7,29000
BMW X5 xDrive40i M Sport 2022,2022,Xe đã dùng,Lắp ráp trong nước,Xăng,SUV,BMW,3088000000,3,10500
Hyundai Elantra 2.0 AT Cao cấp 2025,2025,Xe mới,Lắp ráp trong nước,Xăng,Sedan,Hyundai,706000000,0,0
VinFast Fadil Tiêu chuẩn 1.4 AT 2022,2022,Xe đã dùng,Lắp ráp trong nước,Xăng,Hatchback,VinFast,329000000,3,38000
Ferrari SF90 Stradale 4.0 V8 2022,2022,Xe đã dùng,Nhập khẩu,Hybrid,Coupe,Ferrari,23000000000,3,6000
Mercedes Benz C class C250 AMG 2015,2015,Xe đã dùng,Lắp ráp trong nước,Xăng,Sedan,Mercedes,620000000,10,80000
Toyota Raize G 1.0 CVT 2022,2022,Xe đã dùng,Nhập khẩu,Xăng,SUV,Toyota,475000000,3,39000
Isuzu NQR 75ME5 Thùng Bạt 2025,2025,Xe mới,Lắp ráp trong nước,Dầu,Truck,Isuzu,798000000,0,0
Toyota Vios E CVT 2024,2024,Xe đã dùng,Lắp ráp trong nước,Xăng,Sedan,Toyota,460000000,1,25000
Toyota Avanza Premio 1.5 MT 2022,2022,Xe đã dùng,Lắp ráp trong nước,Xăng,SUV,Toyota,435000000,3,0
Mercedes Benz S class S450L Luxury 2020,2020,Xe đã dùng,Lắp ráp trong nước,Xăng,Sedan,Mercedes,2879000000,5,27000
Mitsubishi Xpander 1.5 MT 2020,2020,Xe đã dùng,Nhập khẩu,Xăng,SUV,Mitsubishi,400000000,5,72000
Lexus RX 350 AWD 2009,2009,Xe đã dùng,Nhập khẩu,Xăng,SUV,Lexus,598000000,16,81000
Toyota Yaris Cross HEV 1.5 CVT 2025,2025,Xe mới,Nhập khẩu,Hybrid,SUV,Toyota,720000000,0,0
Mercedes Benz GLC 300 4Matic 2017,2017,Xe đã dùng,Lắp ráp trong nước,Xăng,SUV,Mercedes,950000000,8,54000
VinFast Lux A 2.0 Premium 2.0 AT 2019,2019,Xe đã dùng,Lắp ráp trong nước,Xăng,Sedan,VinFast,579000000,6,79000
Hyundai Tucson 2.0 AT Đặc biệt 2021,2021,Xe đã dùng,Lắp ráp trong nước,Xăng,Crossover,Hyundai,705000000,4,48000
Ford EcoSport Titanium 1.5L AT 2017,2017,Xe đã dùng,Lắp ráp trong nước,Xăng,SUV,Ford,344000000,8,110000
Mercedes Benz S class S450L 2020,2020,Xe đã dùng,Lắp ráp trong nước,Xăng,Sedan,Mercedes,2398000000,5,46666
Mercedes Benz GLC 200 2018,2018,Xe đã dùng,Lắp ráp trong nước,Xăng,SUV,Mercedes,875000000,7,80000
Toyota Vios 1.5E CVT 2018,2018,Xe đã dùng,Lắp ráp trong nước,Xăng,Sedan,Toyota,293000000,7,80000
VinFast Fadil 1.4 AT 2019,2019,Xe đã dùng,Lắp ráp trong nước,Xăng,Hatchback,VinFast,250000000,6,190000
Ford Escape XLT 2.3L 4x4 AT 2008,2008,Xe đã dùng,Lắp ráp trong nước,Xăng,SUV,Ford,210000000,17,110000
LandRover Range Rover Supercharged 5.0 2014,2014,Xe đã dùng,Nhập khẩu,Xăng,SUV,LandRover,2480000000,11,0
Mercedes Benz E class E300 AMG 2025,2025,Xe mới,Lắp ráp trong nước,Xăng,Sedan,Mercedes,2260000000,0,0
Mazda CX5 2.5 AT 2WD 2018,2018,Xe đã dùng,Lắp ráp trong nước,Xăng,SUV,Mazda,555000000,7,89000
Hyundai SantaFe 2.2L 2020,2020,Xe đã dùng,Lắp ráp trong nước,Dầu,SUV,Hyundai,805000000,5,28000
Toyota Land Cruiser 3.5 V6 2025,2025,Xe mới,Nhập khẩu,Xăng,SUV,Toyota,4600000000,0,0
Audi A6 1.8 TFSI 2015,2015,Xe đã dùng,Nhập khẩu,Xăng,Sedan,Audi,619000000,10,68000
BMW X3 xDrive20i 2025,2025,Xe mới,Lắp ráp trong nước,Xăng,SUV,BMW,2199000000,0,0
Honda Civic G 1.8 AT 2019,2019,Xe đã dùng,Nhập khẩu,Xăng,Sedan,Honda,535000000,6,160000
Toyota Wigo 1.2 AT 2021,2021,Xe đã dùng,Nhập khẩu,Xăng,Hatchback,Toyota,360000000,4,44500
Maserati MC20 3.0 V6 AT 2022,2022,Xe mới,Nhập khẩu,Xăng,Coupe,Maserati,15999000000,3,0
Ford Ranger XLS 2.0L 4x2 AT 2025,2025,Xe mới,Lắp ráp trong nước,Dầu,Bán tải / Pickup,Ford,657000000,0,0
Ford EcoSport Titanium 1.5L AT 2018,2018,Xe đã dùng,Lắp ráp trong nước,Xăng,SUV,Ford,405000000,7,86000
Hyundai SantaFe 2.4L 4WD 2014,2014,Xe đã dùng,Lắp ráp trong nước,Xăng,SUV,Hyundai,490000000,11,179000
Acura MDX SH-AWD 2008,2008,Xe đã dùng,Nhập khẩu,Xăng,SUV,Acura,330000000,17,0
Mercedes Benz C class C200 2012,2012,Xe đã dùng,Lắp ráp trong nước,Xăng,Sedan,Mercedes,280000000,13,120000
Toyota Yaris 1.3G 2016,2016,Xe đã dùng,Nhập khẩu,Xăng,Hatchback,Toyota,386000000,9,73000
Mazda 3 1.5L Luxury 2019,2019,Xe đã dùng,Lắp ráp trong nước,Xăng,Sedan,Mazda,469000000,6,69000
LandRover Range Rover HSE 3.0 2014,2014,Xe đã dùng,Nhập khẩu,Xăng,SUV,LandRover,1989000000,11,144000
Kia Sedona 2.2 DAT Luxury 2021,2021,Xe đã dùng,Lắp ráp trong nước,Dầu,Van/Minivan,Kia,870000000,4,83000
VinFast Lux SA 2.0 Premium 2.0 AT 2020,2020,Xe đã dùng,Lắp ráp trong nước,Xăng,SUV,VinFast,679000000,5,0
Toyota Yaris 1.3G 2014,2014,Xe đã dùng,Nhập khẩu,Xăng,Hatchback,Toyota,329000000,11,75000
Mercedes Benz S class S550 2007,2007,Xe đã dùng,Nhập khẩu,Xăng,Sedan,Mercedes,390000000,18,90000
Mercedes Benz GLC 200 2018,2018,Xe đã dùng,Lắp ráp trong nước,Xăng,SUV,Mercedes,979000000,7,58000
Suzuki Ertiga GL 1.5 MT 2020,2020,Xe đã dùng,Nhập khẩu,Xăng,SUV,Suzuki,340000000,5,100000
Kia Carnival Signature 2.2D 2023,2023,Xe đã dùng,Lắp ráp trong nước,Dầu,Van/Minivan,Kia,1285000000,2,42000
Mercedes Benz GLC 300 4Matic 2024,2024,Xe đã dùng,Lắp ráp trong nước,Xăng,SUV,Mercedes,2635000000,1,21
Mercedes Benz S class S400L 2014,2014,Xe đã dùng,Lắp ráp trong nước,Xăng,Sedan,Mercedes,1020000000,11,0
VinFast Lux A 2.0 Premium 2.0 AT 2021,2021,Xe đã dùng,Lắp ráp trong nước,Xăng,Sedan,VinFast,630000000,4,50000
Toyota Camry 2.5 HEV Mid 2024,2024,Xe đã dùng,Nhập khẩu,Hybrid,Sedan,Toyota,1460000000,1,5
Mercedes Benz C class C250 AMG 2015,2015,Xe đã dùng,Lắp ráp trong nước,Xăng,Sedan,Mercedes,599000000,10,0
Mazda BT50 1.9L 4x2 MT 2022,2022,Xe đã dùng,Nhập khẩu,Dầu,Bán tải / Pickup,Mazda,445000000,3,0
Volkswagen Teramont X Platinum 2.0 AT 2024,2024,Xe mới,Nhập khẩu,Xăng,SUV,Volkswagen,2168000000,1,0
Maserati MC20 3.0 V6 AT 2022,2022,Xe mới,Nhập khẩu,Xăng,Coupe,Maserati,15900000000,3,0
Mazda CX5 2.0 Premium 2020,2020,Xe đã dùng,Lắp ráp trong nước,Xăng,SUV,Mazda,678000000,5,60000
Ford Everest Titanium Plus 2.0L 4x4 AT 2025,2025,Xe mới,Nhập khẩu,Dầu,SUV,Ford,1383000000,0,0
BMW 5 Series 528i GT 2017,2017,Xe đã dùng,Nhập khẩu,Xăng,Sedan,BMW,889000000,8,59000
Ford Ranger XLS 2.2L 4x2 AT 2016,2016,Xe đã dùng,Nhập khẩu,Dầu,Bán tải / Pickup,Ford,420000000,9,0
VinFast VF7 Plus 2025,2025,Xe mới,Lắp ráp trong nước,Điện,SUV,VinFast,950000000,0,0
Lexus LX 600 Urban 2023,2023,Xe đã dùng,Nhập khẩu,Xăng,SUV,Lexus,8800000000,2,21000
Toyota Camry 2.4G 2010,2010,Xe đã dùng,Lắp ráp trong nước,Xăng,Sedan,Toyota,355000000,15,160000
Kia K3 Premium 2.0 AT 2025,2025,Xe mới,Lắp ráp trong nước,Xăng,Sedan,Kia,614000000,0,0
Toyota Highlander SE 2.7 2011,2011,Xe đã dùng,Nhập khẩu,Xăng,SUV,Toyota,640000000,14,110000
Mercedes Benz C class C250 AMG 2015,2015,Xe đã dùng,Lắp ráp trong nước,Xăng,Sedan,Mercedes,639000000,10,100000
Toyota Camry 2.5 HEV Mid 2025,2025,Xe mới,Nhập khẩu,Hybrid,Sedan,Toyota,1410000000,0,0
Toyota Vios 1.5E CVT 2021,2021,Xe đã dùng,Lắp ráp trong nước,Xăng,Sedan,Toyota,400000000,4,0
Chevrolet Camaro RS Convertible 2.0 Turbo 2019,2019,Xe đã dùng,Nhập khẩu,Xăng,Convertible/Cabriolet,Chevrolet,2199000000,6,32000
Toyota Corolla Cross 1.8V 2025,2025,Xe mới,Nhập khẩu,Xăng,SUV,Toyota,755000000,0,0
MG HS Trophy 2.0 AT AWD 2019,2019,Xe đã dùng,Nhập khẩu,Xăng,Crossover,MG,465000000,6,95000
Honda CRV L 2020,2020,Xe đã dùng,Nhập khẩu,Xăng,SUV,Honda,760000000,5,97000
Honda Civic E 1.5Turbo 2021,2021,Xe đã dùng,Nhập khẩu,Xăng,Sedan,Honda,580000000,4,48000
Toyota Vios 1.5G 2015,2015,Xe đã dùng,Lắp ráp trong nước,Xăng,Sedan,Toyota,348000000,10,88000
VinFast Fadil 1.4 AT 2021,2021,Xe đã dùng,Lắp ráp trong nước,Xăng,Hatchback,VinFast,316000000,4,50000
Kia Seltos Premium 1.4 AT 2020,2020,Xe đã dùng,Lắp ráp trong nước,Xăng,Crossover,Kia,579000000,5,80000
VinFast VF3 Plus 2025,2025,Xe đã dùng,Lắp ráp trong nước,Điện,Hatchback,VinFast,220000000,0,0
Mazda 3 1.5L Deluxe 2020,2020,Xe đã dùng,Lắp ráp trong nước,Xăng,Sedan,Mazda,499000000,5,70000
Toyota Vios 1.5E 2016,2016,Xe đã dùng,Lắp ráp trong nước,Xăng,Sedan,Toyota,270000000,9,120000
Nissan Juke 1.6 AT 2014,2014,Xe đã dùng,Nhập khẩu,Xăng,SUV,Nissan,490000000,11,0
LandRover Range Rover Autobiography LWB 3.0 I6 AWD 2024,2024,Xe mới,Nhập khẩu,Xăng,SUV,LandRover,13081000000,1,0
Mazda 3 S 1.6 AT 2014,2014,Xe đã dùng,Lắp ráp trong nước,Xăng,Sedan,Mazda,318000000,11,100000
Toyota Corolla Cross 1.8HV 2021,2021,Xe đã dùng,Nhập khẩu,Hybrid,SUV,Toyota,760000000,4,71000
LandRover Range Rover HSE 3.0 V6 2019,2019,Xe đã dùng,Nhập khẩu,Xăng,SUV,LandRover,4799000000,6,60000
Mazda BT50 1.9L 4x2 MT 2022,2022,Xe đã dùng,Nhập khẩu,Dầu,Bán tải / Pickup,Mazda,445000000,3,0
Mazda 3 1.5 AT 2018,2018,Xe đã dùng,Lắp ráp trong nước,Xăng,Sedan,Mazda,445000000,7,47000
Ford EcoSport Titanium 1.5 AT 2020,2020,Xe đã dùng,Lắp ráp trong nước,Xăng,SUV,Ford,475000000,5,85000
Mazda CX5 2.0 Premium 2020,2020,Xe đã dùng,Lắp ráp trong nước,Xăng,SUV,Mazda,698000000,5,37000
Hyundai Custin Tiêu Chuẩn 1.5T 2024,2024,Xe đã dùng,Lắp ráp trong nước,Xăng,Van/Minivan,Hyundai,795000000,1,5000
Suzuki Swift 1.4 AT 2017,2017,Xe đã dùng,Lắp ráp trong nước,Xăng,Hatchback,Suzuki,320000000,8,78000
Mercedes Benz C class C200 Avantgarde Plus 2023,2023,Xe mới,Lắp ráp trong nước,Xăng,Sedan,Mercedes,1599000000,2,0
Mercedes Benz S class S450L 2020,2020,Xe đã dùng,Lắp ráp trong nước,Xăng,Sedan,Mercedes,2399000000,5,58000
Ford Territory Trend 1.5 AT 2025,2025,Xe mới,Lắp ráp trong nước,Xăng,SUV,Ford,665000000,0,0
Mercedes Benz S class S450L Luxury 2019,2019,Xe đã dùng,Lắp ráp trong nước,Xăng,Sedan,Mercedes,2389000000,6,80000
Hyundai i10 Grand 1.2 AT 2019,2019,Xe đã dùng,Lắp ráp trong nước,Xăng,Hatchback,Hyundai,305000000,6,0
Lexus GX 460 2016,2016,Xe đã dùng,Nhập khẩu,Xăng,SUV,Lexus,2350000000,9,68000
Mercedes Benz GLC 300 4Matic 2020,2020,Xe đã dùng,Nhập khẩu,Xăng,SUV,Mercedes,1399000000,5,80000
Mazda CX5 2.5 Signature Premium 2WD 2019,2019,Xe đã dùng,Lắp ráp trong nước,Xăng,SUV,Mazda,650000000,6,47000
VinFast Lux SA 2.0 Premium 2.0 AT 2019,2019,Xe đã dùng,Lắp ráp trong nước,Xăng,SUV,VinFast,605000000,6,84000
Kia Carnival Signature 3.5G 2021,2021,Xe đã dùng,Lắp ráp trong nước,Xăng,Van/Minivan,Kia,1189000000,4,50000
Toyota Prado VX 2.7L 2023,2023,Xe đã dùng,Nhập khẩu,Xăng,SUV,Toyota,3099000000,2,30000
Mazda CX5 Premium 2.0 AT 2023,2023,Xe đã dùng,Lắp ráp trong nước,Xăng,SUV,Mazda,779000000,2,31988
Toyota Fortuner 2.8V 4x4 AT 2019,2019,Xe đã dùng,Nhập khẩu,Dầu,SUV,Toyota,925000000,6,87000
Toyota Prado VX 2.7L 2022,2022,Xe đã dùng,Nhập khẩu,Xăng,SUV,Toyota,2790000000,3,55000
Honda City 1.5 2020,2020,Xe đã dùng,Lắp ráp trong nước,Xăng,Sedan,Honda,368000000,5,60000
Suzuki XL7 Hybrid 1.5 AT 2024,2024,Xe đã dùng,Nhập khẩu,Hybrid,SUV,Suzuki,555000000,1,26000
Hyundai Accent Đặc biệt 1.5 AT 2024,2024,Xe đã dùng,Lắp ráp trong nước,Xăng,Sedan,Hyundai,479000000,1,12000
Toyota Fortuner 2.5G 2016,2016,Xe đã dùng,Lắp ráp trong nước,Dầu,SUV,Toyota,510000000,9,98000
Gaz Gazelle Next Van 2.8 MT 2021,2021,Xe đã dùng,Nhập khẩu,Dầu,Van/Minivan,Gaz,1100000000,4,20000
Toyota Vios E 1.5 MT 2025,2025,Xe mới,Lắp ráp trong nước,Xăng,Sedan,Toyota,436000000,0,0
Ford Ranger Raptor 2.0L 4x4 AT 2025,2025,Xe mới,Nhập khẩu,Dầu,Bán tải / Pickup,Ford,1199000000,0,0
BMW X6 xDrive40i M Sport 2021,2021,Xe đã dùng,Nhập khẩu,Xăng,SUV,BMW,3138000000,4,15000
BMW 7 Series 735i M Sport 2024,2024,Xe mới,Nhập khẩu,Xăng,Sedan,BMW,4350000000,1,0
VinFast Fadil 1.4 AT Plus 2021,2021,Xe đã dùng,Lắp ráp trong nước,Xăng,Hatchback,VinFast,315000000,4,55000
Ford Ranger XL 2.2L 4x4 MT 2019,2019,Xe đã dùng,Nhập khẩu,Dầu,Bán tải / Pickup,Ford,475000000,6,0
LandRover Defender 110 SE P300 2.0 AT 2025,2025,Xe mới,Nhập khẩu,Xăng,SUV,LandRover,5729000000,0,0
Toyota Prado VX 2.7L 2021,2021,Xe đã dùng,Nhập khẩu,Xăng,SUV,Toyota,2650000000,4,46000
Mitsubishi Jolie SS 2005,2005,Xe đã dùng,Lắp ráp trong nước,Xăng,SUV,Mitsubishi,110000000,20,0
Mitsubishi Xpander 1.5 AT 2022,2022,Xe đã dùng,Nhập khẩu,Xăng,SUV,Mitsubishi,489000000,3,50000
Mazda CX5 Deluxe 2.0 AT 2025,2025,Xe mới,Lắp ráp trong nước,Xăng,SUV,Mazda,714000000,0,0
Toyota Corolla Cross 1.8V 2022,2022,Xe đã dùng,Nhập khẩu,Xăng,SUV,Toyota,730000000,3,20000
Kia Sonet Premium 1.5 AT 2022,2022,Xe đã dùng,Lắp ráp trong nước,Xăng,Crossover,Kia,535000000,3,39000
Toyota Corolla Cross 1.8V 2022,2022,Xe đã dùng,Nhập khẩu,Xăng,SUV,Toyota,730000000,3,30000
Lexus RX 350 Premium 2023,2023,Xe đã dùng,Nhập khẩu,Xăng,SUV,Lexus,3388000000,2,0
Mercedes Benz C class C200 2017,2017,Xe đã dùng,Lắp ráp trong nước,Xăng,Sedan,Mercedes,680000000,8,85000
Mitsubishi Xforce Premium 2025,2025,Xe mới,Nhập khẩu,Xăng,SUV,Mitsubishi,593000000,0,0
Kia Ray 1.0 AT 2012,2012,Xe đã dùng,Nhập khẩu,Xăng,Van/Minivan,Kia,430000000,13,63000
LandRover Range Rover HSE 3.0 2014,2014,Xe đã dùng,Nhập khẩu,Xăng,SUV,LandRover,2099000000,11,70000
MG ZS Standard 1.5 AT 2WD 2024,2024,Xe mới,Nhập khẩu,Xăng,Crossover,MG,400000000,1,0
Mercedes Benz S class S500L 2014,2014,Xe đã dùng,Lắp ráp trong nước,Xăng,Sedan,Mercedes,1299000000,11,91000
GAC M6 Pro GS 1.5T 2024,2024,Xe mới,Nhập khẩu,Xăng,Van/Minivan,GAC,699000000,1,0
Toyota Camry 2.5Q 2019,2019,Xe đã dùng,Nhập khẩu,Xăng,Sedan,Toyota,845000000,6,32000
VinFast Lux SA 2.0 2.0 AT 2019,2019,Xe đã dùng,Lắp ráp trong nước,Xăng,SUV,VinFast,620000000,6,70000
Hyundai SantaFe Cao cấp 2.5L HTRAC 2021,2021,Xe đã dùng,Lắp ráp trong nước,Xăng,SUV,Hyundai,969000000,4,52000
Bentley Flying Spur W12 2014,2014,Xe đã dùng,Nhập khẩu,Xăng,Sedan,Bentley,4180000000,11,0
Ford Transit Standard MID 2017,2017,Xe đã dùng,Lắp ráp trong nước,Dầu,Van/Minivan,Ford,360000000,8,0
Toyota Fortuner 2.4G 4x2 AT 2020,2020,Xe đã dùng,Lắp ráp trong nước,Dầu,SUV,Toyota,829000000,5,80000
Mercedes Benz GLC 250 4Matic 2016,2016,Xe đã dùng,Lắp ráp trong nước,Xăng,SUV,Mercedes,790000000,9,90000
Mercedes Benz S class S450 4Matic 2022,2022,Xe đã dùng,Nhập khẩu,Xăng,Sedan,Mercedes,3890000000,3,20000
VinFast VF6 Eco 2025,2025,Xe mới,Lắp ráp trong nước,Điện,SUV,VinFast,694000000,0,0
Toyota Land Cruiser 3.5 V6 2025,2025,Xe đã dùng,Nhập khẩu,Xăng,SUV,Toyota,4580000000,0,0
Porsche Cayenne 3.6 V6 2015,2015,Xe đã dùng,Nhập khẩu,Xăng,SUV,Porsche,1495000000,10,80000
Hyundai SantaFe Premium 2.4L HTRAC 2019,2019,Xe đã dùng,Lắp ráp trong nước,Xăng,SUV,Hyundai,819000000,6,0
Kia Seltos Premium 1.4 AT 2022,2022,Xe đã dùng,Lắp ráp trong nước,Xăng,Crossover,Kia,645000000,3,30000
Toyota Vios 1.5E 2017,2017,Xe đã dùng,Lắp ráp trong nước,Xăng,Sedan,Toyota,285000000,8,70000
Lexus RX 350 Premium 2024,2024,Xe đã dùng,Nhập khẩu,Xăng,SUV,Lexus,3550000000,1,18000
Mazda 6 2.0 AT 2016,2016,Xe đã dùng,Lắp ráp trong nước,Xăng,Sedan,Mazda,475000000,9,37000
Mercedes Benz C class C200 Exclusive 2021,2021,Xe đã dùng,Lắp ráp trong nước,Xăng,Sedan,Mercedes,1068000000,4,40000
BMW 3 Series 320i Sport Line 2024,2024,Xe mới,Lắp ráp trong nước,Xăng,Sedan,BMW,1443000000,1,0
Mercedes Benz E class E180 2022,2022,Xe đã dùng,Lắp ráp trong nước,Xăng,Sedan,Mercedes,1528000000,3,5999
Mitsubishi Xforce Premium 2025,2025,Xe mới,Nhập khẩu,Xăng,SUV,Mitsubishi,590000000,0,0
Suzuki Ciaz 1.4 AT 2019,2019,Xe đã dùng,Nhập khẩu,Xăng,Sedan,Suzuki,345000000,6,72000
Mercedes Benz C class C200 Avantgarde Plus 2022,2022,Xe đã dùng,Lắp ráp trong nước,Xăng,Sedan,Mercedes,1399000000,3,9633
Kia Cerato 1.6 MT 2016,2016,Xe đã dùng,Lắp ráp trong nước,Xăng,Sedan,Kia,325000000,9,0
BYD Atto 3 Premium 2025,2025,Xe mới,Nhập khẩu,Điện,Crossover,BYD,886000000,0,0
Mercedes Benz GLC 250 4Matic 2018,2018,Xe đã dùng,Lắp ráp trong nước,Xăng,SUV,Mercedes,980000000,7,68000
Toyota Camry 2.5Q 2023,2023,Xe đã dùng,Nhập khẩu,Xăng,Sedan,Toyota,1170000000,2,68000
Kia Sonet Luxury 1.5 AT 2023,2023,Xe đã dùng,Lắp ráp trong nước,Xăng,Crossover,Kia,554000000,2,16000
Toyota Prado TXL 2.7L 2014,2014,Xe đã dùng,Nhập khẩu,Xăng,SUV,Toyota,925000000,11,250000
Hyundai Elantra 2.0 AT 2021,2021,Xe đã dùng,Lắp ráp trong nước,Xăng,Sedan,Hyundai,522000000,4,30000
Ford Ranger XLS 2.0L 4x4 AT 2024,2024,Xe đã dùng,Lắp ráp trong nước,Dầu,Bán tải / Pickup,Ford,732000000,1,30000
VinFast VF5 Plus 2025,2025,Xe mới,Lắp ráp trong nước,Điện,SUV,VinFast,490000000,0,0
Toyota Raize G 1.0 CVT 2023,2023,Xe đã dùng,Nhập khẩu,Xăng,SUV,Toyota,485000000,2,16000
Audi Q3 2.0 Quattro 2016,2016,Xe đã dùng,Nhập khẩu,Xăng,Crossover,Audi,598000000,9,55000
Chevrolet Spark LT 0.8 MT 2009,2009,Xe đã dùng,Lắp ráp trong nước,Xăng,Hatchback,Chevrolet,65000000,16,0
Ford Everest Titanium 2.0L 4x4 AT 2022,2022,Xe đã dùng,Nhập khẩu,Dầu,SUV,Ford,1059000000,3,21000
Mercedes Benz GLC 300 4Matic 2019,2019,Xe đã dùng,Lắp ráp trong nước,Xăng,SUV,Mercedes,1099000000,6,80000
Kia Seltos Luxury 1.5 AT 2024,2024,Xe đã dùng,Lắp ráp trong nước,Xăng,Crossover,Kia,680000000,1,11000
Toyota Vios 1.5G 2015,2015,Xe đã dùng,Lắp ráp trong nước,Xăng,Sedan,Toyota,345000000,10,47000
Mitsubishi Outlander 2.0 CVT 2021,2021,Xe đã dùng,Lắp ráp trong nước,Xăng,SUV,Mitsubishi,657000000,4,21000
MG HS 1.5T DEL 2025,2025,Xe mới,Nhập khẩu,Xăng,Crossover,MG,579000000,0,0
Lexus LX 570 Super Sport 2018,2018,Xe đã dùng,Nhập khẩu,Xăng,SUV,Lexus,6299000000,7,70000
Mercedes Benz S class S450 Luxury 2022,2022,Xe đã dùng,Nhập khẩu,Xăng,Sedan,Mercedes,4366000000,3,35000
Mercedes Benz E class E250 2017,2017,Xe đã dùng,Lắp ráp trong nước,Xăng,Sedan,Mercedes,875000000,8,60000
Toyota Land Cruiser 3.5 V6 2025,2025,Xe mới,Nhập khẩu,Xăng,SUV,Toyota,4286000000,0,0
Cadillac Escalade ESV Premium 2015,2015,Xe đã dùng,Nhập khẩu,Xăng,SUV,Cadillac,2160000000,10,58700
LandRover Range Rover SVAutobiography LWB 5.0 V8 2019,2019,Xe đã dùng,Nhập khẩu,Xăng,SUV,LandRover,8150000000,6,60000
Toyota Vios 1.5E MT 2020,2020,Xe đã dùng,Lắp ráp trong nước,Xăng,Sedan,Toyota,365000000,5,50000
Mazda 3 1.5L Luxury 2024,2024,Xe đã dùng,Lắp ráp trong nước,Xăng,Sedan,Mazda,628000000,1,14000
Hyundai SantaFe Cao cấp 2.5L HTRAC 2021,2021,Xe đã dùng,Lắp ráp trong nước,Xăng,SUV,Hyundai,1020000000,4,26000
BMW X7 xDrive40i 2022,2022,Xe đã dùng,Nhập khẩu,Xăng,SUV,BMW,4550000000,3,45000
Kia Sedona 2.2L DATH 2018,2018,Xe đã dùng,Lắp ráp trong nước,Dầu,Van/Minivan,Kia,615000000,7,110000
Mitsubishi Triton Premium 2WD AT 2025,2025,Xe mới,Nhập khẩu,Dầu,Bán tải / Pickup,Mitsubishi,710000000,0,0
Mercedes Benz GLC 300 4Matic 2023,2023,Xe đã dùng,Lắp ráp trong nước,Xăng,SUV,Mercedes,2439000000,2,10000
LandRover Range Rover Sport HSE 2015,2015,Xe đã dùng,Nhập khẩu,Xăng,SUV,LandRover,1590000000,10,88000
Honda HRV L 2019,2019,Xe đã dùng,Nhập khẩu,Xăng,Crossover,Honda,545000000,6,79000
Mercedes Benz S class S500L 2014,2014,Xe đã dùng,Nhập khẩu,Xăng,Sedan,Mercedes,1190000000,11,80000
VinFast VF6 Plus 2024,2024,Xe mới,Lắp ráp trong nước,Điện,SUV,VinFast,726000000,1,0
Ford Ranger XLS 2.2L 4x2 AT 2019,2019,Xe đã dùng,Nhập khẩu,Dầu,Bán tải / Pickup,Ford,500000000,6,65000
Toyota Innova 2.0E 2014,2014,Xe đã dùng,Lắp ráp trong nước,Xăng,Crossover,Toyota,288000000,11,0
VinFast VF3 Plus 2024,2024,Xe đã dùng,Lắp ráp trong nước,Điện,Hatchback,VinFast,240000000,1,3600
Ford Everest Titanium Plus 2.0L 4x4 AT 2025,2025,Xe mới,Nhập khẩu,Dầu,SUV,Ford,1358000000,0,0
Kia Soluto 1.4 MT 2021,2021,Xe đã dùng,Lắp ráp trong nước,Xăng,Sedan,Kia,258000000,4,0
Honda Civic G 1.8 AT 2020,2020,Xe đã dùng,Nhập khẩu,Xăng,Sedan,Honda,570000000,5,68000
Toyota Vios E CVT 2025,2025,Xe mới,Lắp ráp trong nước,Xăng,Sedan,Toyota,438000000,0,0
Hyundai Accent 1.5 AT 2025,2025,Xe mới,Lắp ráp trong nước,Xăng,Sedan,Hyundai,446000000,0,0
MG ZS Luxury 1.5 AT 2WD 2024,2024,Xe mới,Nhập khẩu,Xăng,Crossover,MG,495000000,1,0
Peugeot 2008 Premium 1.2 AT 2025,2025,Xe mới,Lắp ráp trong nước,Xăng,Crossover,Peugeot,808000000,0,0
Mercedes Benz GLC 200 2018,2018,Xe đã dùng,Lắp ráp trong nước,Xăng,SUV,Mercedes,850000000,7,80000
Mazda CX5 Luxury 2.0 AT 2022,2022,Xe đã dùng,Lắp ráp trong nước,Xăng,SUV,Mazda,720000000,3,60000
Kia Carens SXMT 2011,2011,Xe đã dùng,Lắp ráp trong nước,Xăng,Crossover,Kia,195000000,14,100000
VinFast VF7 Eco 2025,2025,Xe mới,Lắp ráp trong nước,Điện,SUV,VinFast,687000000,0,0
Mazda 6 Luxury 2.0 AT 2021,2021,Xe đã dùng,Lắp ráp trong nước,Xăng,Sedan,Mazda,619000000,4,52000
Mercedes Benz GLC 300 4Matic 2019,2019,Xe đã dùng,Lắp ráp trong nước,Xăng,SUV,Mercedes,1190000000,6,0
Mercedes Benz E class E300 AMG 2019,2019,Xe đã dùng,Lắp ráp trong nước,Xăng,Sedan,Mercedes,1359000000,6,70000
Mercedes Benz E class E300 AMG 2017,2017,Xe đã dùng,Lắp ráp trong nước,Xăng,Sedan,Mercedes,1060000000,8,60000
Toyota Prado VX 2.7L 2020,2020,Xe đã dùng,Nhập khẩu,Xăng,SUV,Toyota,2460000000,5,60000
Mercedes Benz G class G63 AMG 2016,2016,Xe đã dùng,Nhập khẩu,Xăng,SUV,Mercedes,5450000000,9,50000
Ford Everest Titanium 2.0L 4x2 AT 2023,2023,Xe đã dùng,Nhập khẩu,Dầu,SUV,Ford,1235000000,2,47000
Mercedes Benz GLC 200 2019,2019,Xe đã dùng,Lắp ráp trong nước,Xăng,SUV,Mercedes,1150000000,6,50000
Toyota Corolla Cross 1.8V 2022,2022,Xe đã dùng,Nhập khẩu,Xăng,SUV,Toyota,730000000,3,22000
Toyota Alphard 2.4 AT 2025,2025,Xe mới,Nhập khẩu,Xăng,Van/Minivan,Toyota,4510000000,0,0
Toyota Corolla Cross 1.8HV 2022,2022,Xe đã dùng,Nhập khẩu,Hybrid,SUV,Toyota,770000000,3,42030
Toyota Vios G 1.5 CVT 2025,2025,Xe mới,Lắp ráp trong nước,Xăng,Sedan,Toyota,487000000,0,0
Volkswagen Viloran Premium 2024,2024,Xe mới,Nhập khẩu,Xăng,Van/Minivan,Volkswagen,1989000000,1,0
Hyundai SantaFe 2.4L 4WD 2018,2018,Xe đã dùng,Lắp ráp trong nước,Xăng,SUV,Hyundai,680000000,7,98000
LandRover Range Rover Autobiography LWB 5.0 2014,2014,Xe đã dùng,Nhập khẩu,Xăng,SUV,LandRover,3150000000,11,80000
VinFast Fadil Tiêu chuẩn 1.4 AT 2022,2022,Xe đã dùng,Lắp ráp trong nước,Xăng,Hatchback,VinFast,328000000,3,28000
Mazda 3 1.5 AT 2018,2018,Xe đã dùng,Lắp ráp trong nước,Xăng,Sedan,Mazda,435000000,7,0
Volkswagen Teramont 2.0 AT 2022,2022,Xe đã dùng,Nhập khẩu,Xăng,SUV,Volkswagen,1580000000,3,55000
Hyundai SantaFe Premium 2.2L HTRAC 2019,2019,Xe đã dùng,Lắp ráp trong nước,Dầu,SUV,Hyundai,830000000,6,68000
Toyota Innova 2.0E 2018,2018,Xe đã dùng,Lắp ráp trong nước,Xăng,Crossover,Toyota,455000000,7,0
Ford Everest Platinum 2.0L 4x4 AT 2025,2025,Xe mới,Nhập khẩu,Dầu,SUV,Ford,1530000000,0,0
Toyota Innova G 2007,2007,Xe đã dùng,Lắp ráp trong nước,Xăng,Crossover,Toyota,162000000,18,138000
Ford EcoSport Titanium 1.0 AT 2021,2021,Xe đã dùng,Lắp ráp trong nước,Xăng,SUV,Ford,465000000,4,28000
Toyota Corolla altis 1.8G AT 2009,2009,Xe đã dùng,Lắp ráp trong nước,Xăng,Sedan,Toyota,275000000,16,160000
VinFast Lux SA 2.0 Premium 2.0 AT 2019,2019,Xe đã dùng,Lắp ráp trong nước,Xăng,SUV,VinFast,680000000,6,87000
Kia Sorento GATH 2016,2016,Xe đã dùng,Lắp ráp trong nước,Xăng,SUV,Kia,435000000,9,120000
Mazda 3 1.5L Sport Premium 2021,2021,Xe đã dùng,Lắp ráp trong nước,Xăng,Hatchback,Mazda,579000000,4,18000
Isuzu Dmax Type Z 1.9L 4x4 AT 2025,2025,Xe mới,Nhập khẩu,Dầu,Bán tải / Pickup,Isuzu,865000000,0,0
Ford Everest Titanium 2.0L 4x2 AT 2025,2025,Xe mới,Nhập khẩu,Dầu,SUV,Ford,1254000000,0,0
Isuzu QKR QLR77FE5 Thùng Kín 2025,2025,Xe mới,Lắp ráp trong nước,Dầu,Truck,Isuzu,553000000,0,0
Hyundai Elantra 2.0 AT 2019,2019,Xe đã dùng,Lắp ráp trong nước,Xăng,Sedan,Hyundai,425000000,6,0
Nissan Navara EL 2.3 AT 2WD 2023,2023,Xe đã dùng,Nhập khẩu,Dầu,Bán tải / Pickup,Nissan,569000000,2,28000
Lexus RX 350 Luxury 2024,2024,Xe đã dùng,Nhập khẩu,Xăng,SUV,Lexus,4579000000,1,4000
Volkswagen Tiguan Luxury S 2021,2021,Xe đã dùng,Nhập khẩu,Xăng,SUV,Volkswagen,1299000000,4,27000
Mercedes Benz GLC 300 4Matic 2021,2021,Xe đã dùng,Lắp ráp trong nước,Xăng,SUV,Mercedes,1599000000,4,59000
Toyota Land Cruiser 4.6 V8 2019,2019,Xe đã dùng,Nhập khẩu,Xăng,SUV,Toyota,3950000000,6,110000
Volkswagen Teramont 2.0 AT 2023,2023,Xe mới,Nhập khẩu,Xăng,SUV,Volkswagen,2058000000,2,0
Peugeot 3008 GT 2022,2022,Xe đã dùng,Lắp ráp trong nước,Xăng,Crossover,Peugeot,860000000,3,23000
Mazda CX5 2.5 AT 2WD 2018,2018,Xe đã dùng,Lắp ráp trong nước,Xăng,SUV,Mazda,620000000,7,81000
Hyundai Custin Đặc Biệt 1.5T 2024,2024,Xe đã dùng,Lắp ráp trong nước,Xăng,Van/Minivan,Hyundai,875000000,1,8000
Mazda 3 1.5 AT 2017,2017,Xe đã dùng,Lắp ráp trong nước,Xăng,Sedan,Mazda,410000000,8,90000
Kia Sonet Deluxe 1.5 AT 2023,2023,Xe đã dùng,Lắp ráp trong nước,Xăng,Crossover,Kia,490000000,2,30000
Kia Carnival Signature 2.2D 2022,2022,Xe đã dùng,Lắp ráp trong nước,Dầu,Van/Minivan,Kia,1236000000,3,57000
Toyota Camry 2.0E 2014,2014,Xe đã dùng,Lắp ráp trong nước,Xăng,Sedan,Toyota,475000000,11,80000
Toyota Corolla Cross 1.8G 2023,2023,Xe đã dùng,Nhập khẩu,Xăng,SUV,Toyota,710000000,2,32000
Mitsubishi Outlander 2.0 CVT 2022,2022,Xe đã dùng,Lắp ráp trong nước,Xăng,SUV,Mitsubishi,695000000,3,30000
Mazda CX5 2.5 AT 2WD 2017,2017,Xe đã dùng,Lắp ráp trong nước,Xăng,SUV,Mazda,515000000,8,80000
Ford Focus Sport 1.5L 2017,2017,Xe đã dùng,Lắp ráp trong nước,Xăng,Hatchback,Ford,382000000,8,100000
VinFast VF8 Eco 2023,2023,Xe đã dùng,Lắp ráp trong nước,Điện,SUV,VinFast,749000000,2,36000
Ford Everest Titanium 2.0L 4x2 AT 2025,2025,Xe mới,Nhập khẩu,Dầu,SUV,Ford,1189000000,0,0
Mercedes Benz GLK Class GLK300 4Matic 2009,2009,Xe đã dùng,Lắp ráp trong nước,Xăng,SUV,Mercedes,295000000,16,130000
Lexus RX 450h 2021,2021,Xe đã dùng,Nhập khẩu,Hybrid,SUV,Lexus,3930000000,4,37000
Kia Sedona 2.2 DAT Luxury 2020,2020,Xe đã dùng,Lắp ráp trong nước,Dầu,Van/Minivan,Kia,829000000,5,95000
Hyundai i10 1.2 AT 2022,2022,Xe đã dùng,Lắp ráp trong nước,Xăng,Hatchback,Hyundai,368000000,3,36000
Nissan Sunny XV Premium S 2018,2018,Xe đã dùng,Lắp ráp trong nước,Xăng,Sedan,Nissan,300000000,7,40000
Toyota Corolla altis 1.8G AT 2011,2011,Xe đã dùng,Lắp ráp trong nước,Xăng,Sedan,Toyota,365000000,14,120000
Mercedes Benz C class C300 AMG 2019,2019,Xe đã dùng,Lắp ráp trong nước,Xăng,Sedan,Mercedes,980000000,6,47062
Kia Sedona 2.2 DAT Luxury 2019,2019,Xe đã dùng,Lắp ráp trong nước,Dầu,Van/Minivan,Kia,799000000,6,90000
Hyundai Kona 2.0 ATH 2019,2019,Xe đã dùng,Lắp ráp trong nước,Xăng,Crossover,Hyundai,465000000,6,37000
Ford Everest Titanium 2.0L 4x4 AT 2022,2022,Xe đã dùng,Nhập khẩu,Dầu,SUV,Ford,1030000000,3,35000
Toyota Corolla Cross 1.8V 2022,2022,Xe đã dùng,Nhập khẩu,Xăng,SUV,Toyota,699000000,3,79000
Chevrolet Cruze LTZ 1.8 AT 2015,2015,Xe đã dùng,Lắp ráp trong nước,Xăng,Sedan,Chevrolet,220000000,10,84000
Toyota Veloz Cross Top 1.5 CVT 2023,2023,Xe đã dùng,Lắp ráp trong nước,Xăng,SUV,Toyota,570000000,2,43269
Suzuki Vitara 1.6 AT 2016,2016,Xe đã dùng,Nhập khẩu,Xăng,SUV,Suzuki,309000000,9,90000
Mercedes Benz GLC 200 2018,2018,Xe đã dùng,Lắp ráp trong nước,Xăng,SUV,Mercedes,880000000,7,90000
Mercedes Benz C class C300 2009,2009,Xe đã dùng,Lắp ráp trong nước,Xăng,Sedan,Mercedes,290000000,16,130000
VinFast Lux SA 2.0 2.0 AT 2021,2021,Xe đã dùng,Lắp ráp trong nước,Xăng,SUV,VinFast,670000000,4,80000
Ford Ranger XLS 2.0L 4x2 AT 2023,2023,Xe đã dùng,Lắp ráp trong nước,Dầu,Bán tải / Pickup,Ford,645000000,2,40000
Kia Sedona 3.3L GATH 2015,2015,Xe đã dùng,Nhập khẩu,Xăng,Van/Minivan,Kia,450000000,10,86000
Hyundai Accent 1.4 AT Đặc Biệt 2021,2021,Xe đã dùng,Lắp ráp trong nước,Xăng,Sedan,Hyundai,425000000,4,37000
BMW 5 Series 528i GT 2017,2017,Xe đã dùng,Nhập khẩu,Xăng,Sedan,BMW,859000000,8,66000
Toyota Land Cruiser 3.5 V6 2025,2025,Xe mới,Nhập khẩu,Xăng,SUV,Toyota,4580000000,0,0
Kia Carens 1.4T Premium 2022,2022,Xe đã dùng,Lắp ráp trong nước,Xăng,SUV,Kia,635000000,3,31000
Toyota Fortuner 2.7V 4x2 AT 2014,2014,Xe đã dùng,Lắp ráp trong nước,Xăng,SUV,Toyota,405000000,11,120000
Mazda CX5 2.5 AT 2WD 2017,2017,Xe đã dùng,Lắp ráp trong nước,Xăng,SUV,Mazda,495000000,8,89000
Lexus RX 300 2020,2020,Xe đã dùng,Nhập khẩu,Xăng,SUV,Lexus,2750000000,5,60000
Mercedes Benz E class E300 AMG 2019,2019,Xe đã dùng,Lắp ráp trong nước,Xăng,Sedan,Mercedes,1360000000,6,26000
Skoda Kodiaq Style 2.0 AT 4WD 2024,2024,Xe mới,Nhập khẩu,Xăng,SUV,Skoda,1389000000,1,0
Porsche Macan 2.0 2020,2020,Xe đã dùng,Nhập khẩu,Xăng,SUV,Porsche,2150000000,5,0
Honda City 1.5 2019,2019,Xe đã dùng,Lắp ráp trong nước,Xăng,Sedan,Honda,380000000,6,88000
Ford Ranger Wildtrak 2.0L 4x4 AT 2018,2018,Xe đã dùng,Nhập khẩu,Dầu,Bán tải / Pickup,Ford,655000000,7,86000
Mercedes Benz C class C200 Exclusive 2020,2020,Xe đã dùng,Lắp ráp trong nước,Xăng,Sedan,Mercedes,1039000000,5,13000
Mazda BT50 3.2L 4x4 AT 2015,2015,Xe đã dùng,Nhập khẩu,Dầu,Bán tải / Pickup,Mazda,330000000,10,138000
Kia Sportage 2.0 AT 2014,2014,Xe đã dùng,Nhập khẩu,Xăng,Crossover,Kia,455000000,11,87000
VinFast VF6 Plus 2025,2025,Xe mới,Lắp ráp trong nước,Điện,SUV,VinFast,719000000,0,0
MG ZS Luxury 1.5 AT 2WD 2025,2025,Xe đã dùng,Nhập khẩu,Xăng,Crossover,MG,520000000,0,2000
Mitsubishi Xpander Cross 1.5 AT 2020,2020,Xe đã dùng,Nhập khẩu,Xăng,SUV,Mitsubishi,495000000,5,60000
Toyota Vios E 1.5 MT 2025,2025,Xe mới,Lắp ráp trong nước,Xăng,Sedan,Toyota,408000000,0,0
Hyundai SantaFe Calligraphy 2.5L HTRAC 6S 2025,2025,Xe mới,Lắp ráp trong nước,Xăng,SUV,Hyundai,1246000000,0,0
Toyota Camry 2.5Q 2020,2020,Xe đã dùng,Nhập khẩu,Xăng,Sedan,Toyota,895000000,5,67000
Lexus RX 200t 2017,2017,Xe đã dùng,Nhập khẩu,Xăng,SUV,Lexus,1769000000,8,130000
Toyota Vios G 1.5 CVT 2025,2025,Xe mới,Lắp ráp trong nước,Xăng,Sedan,Toyota,490000000,0,0
VinFast VF9 Plus 2024,2024,Xe đã dùng,Lắp ráp trong nước,Điện,SUV,VinFast,1360000000,1,2800
Hyundai Creta Đặc biệt 1.5 AT 2022,2022,Xe đã dùng,Nhập khẩu,Xăng,Crossover,Hyundai,595000000,3,40000
Mercedes Benz C class C200 Avantgarde 2022,2022,Xe đã dùng,Lắp ráp trong nước,Xăng,Sedan,Mercedes,1360000000,3,6597
Mercedes Benz GLC 300 4Matic 2022,2022,Xe đã dùng,Lắp ráp trong nước,Xăng,SUV,Mercedes,1889000000,3,32000
Ford EcoSport Titanium 1.5 AT 2021,2021,Xe đã dùng,Lắp ráp trong nước,Xăng,SUV,Ford,460000000,4,42000
Toyota Yaris Cross 1.5 D-CVT 2023,2023,Xe đã dùng,Nhập khẩu,Xăng,SUV,Toyota,655000000,2,11000
Hyundai Tucson 1.6 AT Turbo HTRAC Đặc biệt 2025,2025,Xe mới,Lắp ráp trong nước,Xăng,Crossover,Hyundai,979000000,0,0
Mercedes Benz S class S450 4Matic 2025,2025,Xe mới,Nhập khẩu,Xăng,Sedan,Mercedes,5039000000,0,0
Ford Ranger Stormtrak 2.0L 4x4 AT 2025,2025,Xe đã dùng,Nhập khẩu,Dầu,Bán tải / Pickup,Ford,1009000000,0,35000
VinFast Lux SA 2.0 2.0 AT 2019,2019,Xe đã dùng,Lắp ráp trong nước,Xăng,SUV,VinFast,599000000,6,70000
VinFast VF8 Plus 2025,2025,Xe mới,Lắp ráp trong nước,Điện,SUV,VinFast,1128000000,0,0
Mazda 3 1.5L Luxury 2021,2021,Xe đã dùng,Lắp ráp trong nước,Xăng,Sedan,Mazda,563000000,4,60000
Toyota Corolla Cross 1.8V 2020,2020,Xe đã dùng,Nhập khẩu,Xăng,SUV,Toyota,660000000,5,51000
Honda Brio RS 2020,2020,Xe đã dùng,Nhập khẩu,Xăng,Hatchback,Honda,349000000,5,75000
Hyundai Kona 2.0 ATH 2020,2020,Xe đã dùng,Lắp ráp trong nước,Xăng,Crossover,Hyundai,485000000,5,61000
Kia Cerato 2.0 AT Premium 2019,2019,Xe đã dùng,Lắp ráp trong nước,Xăng,Sedan,Kia,485000000,6,63000
Kia Morning Luxury 2019,2019,Xe đã dùng,Lắp ráp trong nước,Xăng,Hatchback,Kia,295000000,6,34000
Toyota Land Cruiser 3.5 V6 2025,2025,Xe mới,Nhập khẩu,Xăng,SUV,Toyota,4580000000,0,0
Toyota Prado TXL 2.7L 2016,2016,Xe đã dùng,Nhập khẩu,Xăng,SUV,Toyota,1310000000,9,87000
Subaru BRZ 2.4 AT EyeSight 2025,2025,Xe mới,Nhập khẩu,Xăng,Coupe,Subaru,1549000000,0,0
Ford Transit Premium 2024,2024,Xe đã dùng,Lắp ráp trong nước,Dầu,Van/Minivan,Ford,878000000,1,13000
Mazda CX5 Deluxe 2.0 AT 2022,2022,Xe đã dùng,Lắp ráp trong nước,Xăng,SUV,Mazda,660000000,3,50000
Ford Explorer Limited 2.3L EcoBoost 2019,2019,Xe đã dùng,Nhập khẩu,Xăng,SUV,Ford,1150000000,6,70000
LandRover Discovery SE 2018,2018,Xe đã dùng,Nhập khẩu,Xăng,SUV,LandRover,1650000000,7,0
Mini Cooper Clubman S 2024,2024,Xe mới,Nhập khẩu,Xăng,Hatchback,Mini,2339000000,1,0
Toyota Innova V 2008,2008,Xe đã dùng,Lắp ráp trong nước,Xăng,Crossover,Toyota,255000000,17,100000
Mitsubishi Outlander 2.4 CVT 2017,2017,Xe đã dùng,Nhập khẩu,Xăng,SUV,Mitsubishi,575000000,8,36000
Mazda 3 1.5L Sport Luxury 2020,2020,Xe đã dùng,Lắp ráp trong nước,Xăng,Hatchback,Mazda,529000000,5,17000
Ford Ranger Wildtrak 3.2L 4x4 AT 2016,2016,Xe đã dùng,Nhập khẩu,Dầu,Bán tải / Pickup,Ford,485000000,9,130000
Mercedes Benz C class C200 2016,2016,Xe đã dùng,Lắp ráp trong nước,Xăng,Sedan,Mercedes,565000000,9,0
Audi Q3 2.0 Quattro 2013,2013,Xe đã dùng,Nhập khẩu,Xăng,Crossover,Audi,499000000,12,40000
Mitsubishi Pajero Sport D 4x2 MT 2015,2015,Xe đã dùng,Lắp ráp trong nước,Dầu,SUV,Mitsubishi,333000000,10,170000
Toyota Corolla altis 2.0V 2010,2010,Xe đã dùng,Lắp ráp trong nước,Xăng,Sedan,Toyota,309000000,15,129000
Toyota Fortuner 2.4G 4x2 AT 2021,2021,Xe đã dùng,Lắp ráp trong nước,Dầu,SUV,Toyota,905000000,4,77797
MG ZS Standard 1.5 AT 2WD 2023,2023,Xe đã dùng,Nhập khẩu,Xăng,Crossover,MG,450000000,2,50000
Kia K3 1.6 AT 2014,2014,Xe đã dùng,Lắp ráp trong nước,Xăng,Sedan,Kia,335000000,11,120000
VinFast VF9 Plus 2025,2025,Xe mới,Lắp ráp trong nước,Điện,SUV,VinFast,1499000000,0,0
Mercedes Benz GLS 450 4Matic 2025,2025,Xe mới,Nhập khẩu,Xăng,SUV,Mercedes,5389000000,0,0
Hyundai Accent 1.4 ATH 2018,2018,Xe đã dùng,Lắp ráp trong nước,Xăng,Sedan,Hyundai,385000000,7,58000
Toyota Veloz Cross 1.5 CVT 2024,2024,Xe đã dùng,Lắp ráp trong nước,Xăng,SUV,Toyota,580000000,1,44906
Mercedes Benz E class E300 AMG 2021,2021,Xe đã dùng,Lắp ráp trong nước,Xăng,Sedan,Mercedes,1760000000,4,35000
Ford Everest Titanium 2.0L 4x2 AT 2023,2023,Xe đã dùng,Nhập khẩu,Dầu,SUV,Ford,1230000000,2,45000
Chevrolet Cruze LS 1.6 MT 2012,2012,Xe đã dùng,Lắp ráp trong nước,Xăng,Sedan,Chevrolet,175000000,13,320000
Mercedes Benz C class C250 Exclusive 2016,2016,Xe đã dùng,Lắp ráp trong nước,Xăng,Sedan,Mercedes,639000000,9,58000
Mitsubishi Outlander 2.0 CVT 2018,2018,Xe đã dùng,Lắp ráp trong nước,Xăng,SUV,Mitsubishi,545000000,7,83000
Kia Sedona 2.2 DAT Luxury 2019,2019,Xe đã dùng,Lắp ráp trong nước,Dầu,Van/Minivan,Kia,770000000,6,91000
Mazda 3 1.5L Luxury 2021,2021,Xe đã dùng,Lắp ráp trong nước,Xăng,Sedan,Mazda,545000000,4,30000
Mercedes Benz C class C300 AMG 2019,2019,Xe đã dùng,Lắp ráp trong nước,Xăng,Sedan,Mercedes,969000000,6,60000
BMW 3 Series 320i Sport Line 2024,2024,Xe đã dùng,Lắp ráp trong nước,Xăng,Sedan,BMW,1499000000,1,1400
Toyota Raize G 1.0 CVT 2022,2022,Xe đã dùng,Nhập khẩu,Xăng,SUV,Toyota,490000000,3,18000
Ford EcoSport Titanium 1.5 AT 2020,2020,Xe đã dùng,Lắp ráp trong nước,Xăng,SUV,Ford,429000000,5,28000
Mercedes Benz GLC 200 4Matic 2021,2021,Xe đã dùng,Lắp ráp trong nước,Xăng,SUV,Mercedes,1399000000,4,58000
Volkswagen Teramont 2.0 AT 2022,2022,Xe đã dùng,Nhập khẩu,Xăng,SUV,Volkswagen,1580000000,3,55000
Toyota Prado LC250 2.4L 2025,2025,Xe mới,Nhập khẩu,Xăng,SUV,Toyota,3480000000,0,0
Mazda 3 1.5L Sport Premium 2021,2021,Xe đã dùng,Lắp ráp trong nước,Xăng,Hatchback,Mazda,578000000,4,18000
BMW 5 Series 528i GT 2015,2015,Xe đã dùng,Nhập khẩu,Xăng,Sedan,BMW,1059000000,10,15000
Peugeot 3008 1.6 AT 2018,2018,Xe đã dùng,Lắp ráp trong nước,Xăng,Crossover,Peugeot,565000000,7,95000
Volvo XC90 Plug-in Hybrid Ultra T8 AWD 2025,2025,Xe mới,Nhập khẩu,Hybrid,SUV,Volvo,4370000000,0,0
Toyota Fortuner 2.4L 4x2 AT 2022,2022,Xe đã dùng,Lắp ráp trong nước,Dầu,SUV,Toyota,975000000,3,40000
Toyota Camry 2.5Q 2022,2022,Xe đã dùng,Nhập khẩu,Xăng,Sedan,Toyota,1120000000,3,84000
BMW 7 Series 730Li 2015,2015,Xe đã dùng,Nhập khẩu,Xăng,Sedan,BMW,1559000000,10,31000
Kia Sonet Deluxe 1.5 AT 2022,2022,Xe đã dùng,Lắp ráp trong nước,Xăng,Crossover,Kia,499000000,3,7779
Peugeot 5008 GT 1.6 AT 2022,2022,Xe đã dùng,Lắp ráp trong nước,Xăng,SUV,Peugeot,820000000,3,20000
Hyundai Tucson 2.0 AT Đặc biệt 2025,2025,Xe mới,Lắp ráp trong nước,Xăng,Crossover,Hyundai,818000000,0,0
Kia Carnival Signature 2.2D 2025,2025,Xe mới,Lắp ráp trong nước,Dầu,Van/Minivan,Kia,1589000000,0,0
Toyota Vios 1.5G 2019,2019,Xe đã dùng,Lắp ráp trong nước,Xăng,Sedan,Toyota,395000000,6,125000
Teraco Tera100 S Thùng Lửng 2023,2023,Xe đã dùng,Lắp ráp trong nước,Xăng,Truck,Teraco,185000000,2,12000
Mitsubishi Xpander 1.5 AT 2019,2019,Xe đã dùng,Nhập khẩu,Xăng,SUV,Mitsubishi,450000000,6,71000
VinFast Lux A 2.0 Premium 2.0 AT 2019,2019,Xe đã dùng,Lắp ráp trong nước,Xăng,Sedan,VinFast,545000000,6,40000
Kia Carnival Signature 1.6 Turbo HEV 7S 2025,2025,Xe mới,Lắp ráp trong nước,Hybrid,Van/Minivan,Kia,1799000000,0,0
Nissan Navara EL Premium R 2018,2018,Xe đã dùng,Nhập khẩu,Dầu,Bán tải / Pickup,Nissan,445000000,7,50000
Mercedes Benz GLC 300 4Matic 2023,2023,Xe đã dùng,Lắp ráp trong nước,Xăng,SUV,Mercedes,2439000000,2,10000
Porsche Macan 2.0 2015,2015,Xe đã dùng,Nhập khẩu,Xăng,SUV,Porsche,1459000000,10,98000
VinFast VF9 Plus 2023,2023,Xe đã dùng,Lắp ráp trong nước,Điện,SUV,VinFast,1039000000,2,20000
VinFast VF3 Plus 2025,2025,Xe mới,Lắp ráp trong nước,Điện,Hatchback,VinFast,286000000,0,0
Toyota Raize G 1.0 CVT 2025,2025,Xe mới,Nhập khẩu,Xăng,SUV,Toyota,483000000,0,0
VinFast Lux A 2.0 2.0 AT 2019,2019,Xe đã dùng,Lắp ráp trong nước,Xăng,Sedan,VinFast,460000000,6,80000
VinFast VF3 Plus 2025,2025,Xe mới,Lắp ráp trong nước,Điện,Hatchback,VinFast,220000000,0,0
Hyundai Kona 1.6 Turbo 2018,2018,Xe đã dùng,Lắp ráp trong nước,Xăng,Crossover,Hyundai,469000000,7,45000
Mercedes Benz C class C200 2016,2016,Xe đã dùng,Lắp ráp trong nước,Xăng,Sedan,Mercedes,599000000,9,91000
Toyota Corolla altis 1.8G AT 2014,2014,Xe đã dùng,Lắp ráp trong nước,Xăng,Sedan,Toyota,405000000,11,130000
Hyundai Tucson 2.0 AT CRDi 2020,2020,Xe đã dùng,Lắp ráp trong nước,Dầu,Crossover,Hyundai,705000000,5,49000
VinFast VF8 Eco 2023,2023,Xe đã dùng,Lắp ráp trong nước,Điện,SUV,VinFast,776000000,2,190000
Mercedes Benz GLC 300 4Matic 2016,2016,Xe đã dùng,Lắp ráp trong nước,Xăng,SUV,Mercedes,820000000,9,48000
Mazda CX5 2.5 AT 2WD 2017,2017,Xe đã dùng,Lắp ráp trong nước,Xăng,SUV,Mazda,508000000,8,0
Toyota Land Cruiser VX 4.6 V8 2014,2014,Xe đã dùng,Nhập khẩu,Xăng,SUV,Toyota,1939000000,11,159000
Honda HRV e:HEV RS 2025,2025,Xe mới,Nhập khẩu,Hybrid,Crossover,Honda,825000000,0,0
Mercedes Benz S class S450 4Matic 2025,2025,Xe mới,Nhập khẩu,Xăng,Sedan,Mercedes,4639000000,0,0
Toyota Veloz Cross Top 1.5 CVT 2025,2025,Xe mới,Lắp ráp trong nước,Xăng,SUV,Toyota,660000000,0,0
Hyundai Kona 2.0 AT 2018,2018,Xe đã dùng,Lắp ráp trong nước,Xăng,Crossover,Hyundai,445000000,7,58000
Mercedes Benz GLC 300 4Matic 2023,2023,Xe đã dùng,Lắp ráp trong nước,Xăng,SUV,Mercedes,2450000000,2,18000
MG 5 Luxury 1.5 AT 2024,2024,Xe mới,Nhập khẩu,Xăng,Sedan,MG,435000000,1,0
